ds,trend,yhat_lower,yhat_upper,trend_lower,trend_upper,additive_terms,additive_terms_lower,additive_terms_upper,weekly,weekly_lower,weekly_upper,yearly,yearly_lower,yearly_upper,multiplicative_terms,multiplicative_terms_lower,multiplicative_terms_upper,yhat
2014-01-03,1451.69403363534,-1373.6572866566771,4298.6186833676,1451.69403363534,1451.69403363534,96.3423592163521,96.3423592163521,96.3423592163521,419.7313386404351,419.7313386404351,419.7313386404351,-323.388979424083,-323.388979424083,-323.388979424083,0.0,0.0,0.0,1548.0363928516922
2014-01-04,1451.8121780342549,-1553.84830277146,3695.607249666579,1451.8121780342549,1451.8121780342549,-399.1199504702802,-399.1199504702802,-399.1199504702802,21.36649982518325,21.36649982518325,21.36649982518325,-420.48645029546344,-420.48645029546344,-420.48645029546344,0.0,0.0,0.0,1052.6922275639747
2014-01-05,1451.93032243317,-1564.278687366896,3975.416588199672,1451.93032243317,1451.93032243317,-307.4163165123933,-307.4163165123933,-307.4163165123933,203.6129602756252,203.6129602756252,203.6129602756252,-511.02927678801854,-511.02927678801854,-511.02927678801854,0.0,0.0,0.0,1144.5140059207768
2014-01-06,1452.0484668320848,-1595.1725778776681,4002.9779415018866,1452.0484668320848,1452.0484668320848,-182.19978862243786,-182.19978862243786,-182.19978862243786,411.6149411056158,411.6149411056158,411.6149411056158,-593.8147297280536,-593.8147297280536,-593.8147297280536,0.0,0.0,0.0,1269.848678209647
2014-01-07,1452.1666112309997,-2152.043641556573,3479.038890124759,1452.1666112309997,1452.1666112309997,-839.7949392545754,-839.7949392545754,-839.7949392545754,-172.00787204943103,-172.00787204943103,-172.00787204943103,-667.7870672051444,-667.7870672051444,-667.7870672051444,0.0,0.0,0.0,612.3716719764243
2014-01-09,1452.4029000288297,-2088.845365375399,3557.608751699564,1452.4029000288297,1452.4029000288297,-629.8797916447188,-629.8797916447188,-629.8797916447188,156.07468268949648,156.07468268949648,156.07468268949648,-785.9544743342152,-785.9544743342152,-785.9544743342152,0.0,0.0,0.0,822.5231083841109
2014-01-10,1452.5210444277445,-1640.2371230869126,3902.0704900735764,1452.5210444277445,1452.5210444277445,-409.2533379043154,-409.2533379043154,-409.2533379043154,419.73133864094973,419.73133864094973,419.73133864094973,-828.9846765452652,-828.9846765452652,-828.9846765452652,0.0,0.0,0.0,1043.267706523429
2014-01-11,1452.6391888266596,-2245.148588647201,3293.5617688647535,1452.6391888266596,1452.6391888266596,-839.5361266951386,-839.5361266951386,-839.5361266951386,21.366499825779808,21.366499825779808,21.366499825779808,-860.9026265209184,-860.9026265209184,-860.9026265209184,0.0,0.0,0.0,613.103062131521
2014-01-13,1452.8754776244896,-1774.532139356365,3709.22669733335,1452.8754776244896,1452.8754776244896,-479.9493936182678,-479.9493936182678,-479.9493936182678,411.61494110526286,411.61494110526286,411.61494110526286,-891.5643347235307,-891.5643347235307,-891.5643347235307,0.0,0.0,0.0,972.9260840062218
2014-01-14,1452.9936220234044,-2383.1513681305933,3107.143677825667,1452.9936220234044,1452.9936220234044,-1062.9824934629776,-1062.9824934629776,-1062.9824934629776,-172.00787205059385,-172.00787205059385,-172.00787205059385,-890.9746214123837,-890.9746214123837,-890.9746214123837,0.0,0.0,0.0,390.01112856042687
2014-01-15,1453.1117664223195,-3142.1780052758954,2423.9919551547914,1453.1117664223195,1453.1117664223195,-1920.9865007786682,-1920.9865007786682,-1920.9865007786682,-1040.392550490044,-1040.392550490044,-1040.392550490044,-880.5939502886242,-880.5939502886242,-880.5939502886242,0.0,0.0,0.0,-467.87473435634865
2014-01-16,1453.2299108212344,-2120.5427075612683,3562.32675039346,1453.2299108212344,1453.2299108212344,-705.2301704842672,-705.2301704842672,-705.2301704842672,156.07468268958408,156.07468268958408,156.07468268958408,-861.3048531738514,-861.3048531738514,-861.3048531738514,0.0,0.0,0.0,747.9997403369672
2014-01-18,1453.4661996190641,-2087.545581700115,3527.2660453003823,1453.4661996190641,1453.4661996190641,-779.0934386199018,-779.0934386199018,-779.0934386199018,21.366499824879455,21.366499824879455,21.366499824879455,-800.4599384447813,-800.4599384447813,-800.4599384447813,0.0,0.0,0.0,674.3727609991623
2014-01-19,1453.5843440179792,-1785.47436205382,3553.9847815369567,1453.5843440179792,1453.5843440179792,-557.9089979870711,-557.9089979870711,-557.9089979870711,203.6129602759086,203.6129602759086,203.6129602759086,-761.5219582629796,-761.5219582629796,-761.5219582629796,0.0,0.0,0.0,895.6753460309081
2014-01-20,1453.702488416894,-1546.6327384043484,3980.985523253067,1453.702488416894,1453.702488416894,-307.2367097174343,-307.2367097174343,-307.2367097174343,411.6149411062,411.6149411062,411.6149411062,-718.8516508236343,-718.8516508236343,-718.8516508236343,0.0,0.0,0.0,1146.4657786994599
2014-01-21,1453.820632815809,-2051.6656268601378,3490.935512655267,1453.820632815809,1453.820632815809,-846.0148127742167,-846.0148127742167,-846.0148127742167,-172.00787204903364,-172.00787204903364,-172.00787204903364,-674.0069407251832,-674.0069407251832,-674.0069407251832,0.0,0.0,0.0,607.8058200415923
2014-01-23,1454.056921613639,-1810.4681905050254,3795.2328436067296,1454.056921613639,1454.056921613639,-428.0946967989186,-428.0946967989186,-428.0946967989186,156.07468269083395,156.07468269083395,156.07468269083395,-584.1693794897526,-584.1693794897526,-584.1693794897526,0.0,0.0,0.0,1025.9622248147202
2014-01-26,1454.4113548103837,-1545.4158649518502,3864.018389871403,1454.4113548103837,1454.4113548103837,-268.50738478399336,-268.50738478399336,-268.50738478399336,203.61296027427122,203.61296027427122,203.61296027427122,-472.12034505826455,-472.12034505826455,-472.12034505826455,0.0,0.0,0.0,1185.9039700263904
2014-01-27,1454.5294992092986,-1342.1196322754354,4102.253501017498,1454.5294992092986,1454.5294992092986,-34.732518571829154,-34.732518571829154,-34.732518571829154,411.61494110499444,411.61494110499444,411.61494110499444,-446.34745967682363,-446.34745967682363,-446.34745967682363,0.0,0.0,0.0,1419.7969806374695
2014-01-28,1454.6476436082135,-2120.7811218156285,3558.8336436593722,1454.6476436082135,1454.6476436082135,-600.2495780145599,-600.2495780145599,-600.2495780145599,-172.00787204704838,-172.00787204704838,-172.00787204704838,-428.24170596751156,-428.24170596751156,-428.24170596751156,0.0,0.0,0.0,854.3980655936535
2014-01-30,1454.8839324060434,-1567.042237340419,3829.231261351329,1454.8839324060434,1454.8839324060434,-262.0923943970709,-262.0923943970709,-262.0923943970709,156.07468269150272,156.07468269150272,156.07468269150272,-418.16707708857365,-418.16707708857365,-418.16707708857365,0.0,0.0,0.0,1192.7915380089726
2014-01-31,1455.0020768049583,-1220.1111620789513,4095.6381056795417,1455.0020768049583,1455.0020768049583,-7.45816102527316,-7.45816102527316,-7.45816102527316,419.7313386406037,419.7313386406037,419.7313386406037,-427.1894996658769,-427.1894996658769,-427.1894996658769,0.0,0.0,0.0,1447.5439157796852
2014-02-01,1455.1202212038734,-1752.807927820092,3806.891068469214,1455.1202212038734,1455.1202212038734,-424.46779511204033,-424.46779511204033,-424.46779511204033,21.36649982572537,21.36649982572537,21.36649982572537,-445.83429493776566,-445.83429493776566,-445.83429493776566,0.0,0.0,0.0,1030.6524260918331
2014-02-02,1455.2383656027882,-1441.5455437787787,4022.7581386918114,1455.2383656027882,1455.2383656027882,-270.3562488954466,-270.3562488954466,-270.3562488954466,203.61296027385734,203.61296027385734,203.61296027385734,-473.9692091693039,-473.9692091693039,-473.9692091693039,0.0,0.0,0.0,1184.8821167073415
2014-02-03,1455.356510001703,-1321.7545912373,4122.462205623779,1455.356510001703,1455.356510001703,-99.59177987839911,-99.59177987839911,-99.59177987839911,411.6149411054941,411.6149411054941,411.6149411054941,-511.20672098389315,-511.20672098389315,-511.20672098389315,0.0,0.0,0.0,1355.764730123304
2014-02-04,1455.474654400618,-1950.2770450347602,3446.569002911461,1455.474654400618,1455.474654400618,-728.9190342919181,-728.9190342919181,-728.9190342919181,-172.0078720477861,-172.0078720477861,-172.0078720477861,-556.9111622441321,-556.9111622441321,-556.9111622441321,0.0,0.0,0.0,726.5556201086998
2014-02-06,1455.710943198448,-1704.9694918605574,3700.7972100384955,1455.710943198448,1455.710943198448,-513.9466530859053,-513.9466530859053,-513.9466530859053,156.07468269054678,156.07468269054678,156.07468269054678,-670.021335776452,-670.021335776452,-670.021335776452,0.0,0.0,0.0,941.7642901125427
2014-02-07,1455.8290875973628,-1722.2306696291278,3919.8419600888433,1455.8290875973628,1455.8290875973628,-315.3288577365613,-315.3288577365613,-315.3288577365613,419.7313386416141,419.7313386416141,419.7313386416141,-735.0601963781754,-735.0601963781754,-735.0601963781754,0.0,0.0,0.0,1140.5002298608015
2014-02-08,1455.9472319962779,-2205.527004132289,3336.205238185881,1455.9472319962779,1455.9472319962779,-782.5182515408746,-782.5182515408746,-782.5182515408746,21.36649982517222,21.36649982517222,21.36649982517222,-803.8847513660469,-803.8847513660469,-803.8847513660469,0.0,0.0,0.0,673.4289804554032
2014-02-11,1456.3016651930225,-2334.64652430547,3043.9210060233895,1456.3016651930225,1456.3016651930225,-1188.8928244659728,-1188.8928244659728,-1188.8928244659728,-172.00787204665093,-172.00787204665093,-172.00787204665093,-1016.884952419322,-1016.884952419322,-1016.884952419322,0.0,0.0,0.0,267.40884072704966
2014-02-12,1456.4198095919376,-3302.2490864946167,2020.9021649276078,1456.4198095919376,1456.4198095919376,-2124.734827646875,-2124.734827646875,-2124.734827646875,-1040.3925504897925,-1040.3925504897925,-1040.3925504897925,-1084.3422771570827,-1084.3422771570827,-1084.3422771570827,0.0,0.0,0.0,-668.3150180549376
2014-02-14,1456.6560983897673,-2119.238367762021,3547.0927440998394,1456.6560983897673,1456.6560983897673,-783.9072606682209,-783.9072606682209,-783.9072606682209,419.7313386411682,419.7313386411682,419.7313386411682,-1203.638599309389,-1203.638599309389,-1203.638599309389,0.0,0.0,0.0,672.7488377215464
2014-02-15,1456.7742427886824,-2484.4157928481563,2982.968542727113,1456.7742427886824,1456.7742427886824,-1230.8958845241825,-1230.8958845241825,-1230.8958845241825,21.3664998246191,21.3664998246191,21.3664998246191,-1252.2623843488018,-1252.2623843488018,-1252.2623843488018,0.0,0.0,0.0,225.87835826449987
2014-02-16,1456.8923871875973,-2185.967591244447,2931.313011015969,1456.8923871875973,1456.8923871875973,-1087.986321190388,-1087.986321190388,-1087.986321190388,203.61296027402827,203.61296027402827,203.61296027402827,-1291.5992814644162,-1291.5992814644162,-1291.5992814644162,0.0,0.0,0.0,368.9060659972092
2014-02-17,1457.0105315865121,-2195.026522271554,3064.11850713021,1457.0105315865121,1457.0105315865121,-908.787608876756,-908.787608876756,-908.787608876756,411.6149411060782,411.6149411060782,411.6149411060782,-1320.4025499828342,-1320.4025499828342,-1320.4025499828342,0.0,0.0,0.0,548.2229227097561
2014-02-18,1457.1286759854272,-2869.9474223146685,2776.1535558285705,1457.1286759854272,1457.1286759854272,-1509.634477497382,-1509.634477497382,-1509.634477497382,-172.00787204738862,-172.00787204738862,-172.00787204738862,-1337.6266054499933,-1337.6266054499933,-1337.6266054499933,0.0,0.0,0.0,-52.505801511954814
2014-02-20,1457.364964783257,-2355.801332648221,2777.699804293572,1457.364964783257,1457.364964783257,-1178.2301801288331,-1178.2301801288331,-1178.2301801288331,156.07468269188428,156.07468269188428,156.07468269188428,-1334.3048628207173,-1334.3048628207173,-1334.3048628207173,0.0,0.0,0.0,279.1347846544238
2014-02-21,1457.4831091821718,-2140.7151585048764,3208.384324728341,1457.4831091821718,1457.4831091821718,-893.1403458209963,-893.1403458209963,-893.1403458209963,419.73133864264327,419.73133864264327,419.73133864264327,-1312.8716844636397,-1312.8716844636397,-1312.8716844636397,0.0,0.0,0.0,564.3427633611755
2014-02-22,1457.601253581087,-2503.461681483236,2695.4096114175986,1457.601253581087,1457.601253581087,-1256.740389838221,-1256.740389838221,-1256.740389838221,21.3664998260181,21.3664998260181,21.3664998260181,-1278.1068896642394,-1278.1068896642394,-1278.1068896642394,0.0,0.0,0.0,200.86086374286583
2014-02-23,1457.7193979800018,-2214.439844711253,3329.12529527705,1457.7193979800018,1457.7193979800018,-1026.6222951669513,-1026.6222951669513,-1026.6222951669513,203.61296027472557,203.61296027472557,203.61296027472557,-1230.2352554416768,-1230.2352554416768,-1230.2352554416768,0.0,0.0,0.0,431.09710281305047
2014-02-24,1457.8375423789166,-1815.0086501821488,3218.3806571848068,1457.8375423789166,1457.8375423789166,-758.1328625298626,-758.1328625298626,-758.1328625298626,411.61494110657765,411.61494110657765,411.61494110657765,-1169.7478036364403,-1169.7478036364403,-1169.7478036364403,0.0,0.0,0.0,699.7046798490541
2014-02-27,1458.191979597972,-2110.3916838705354,3256.674342831283,1458.191979597972,1458.191979597972,-765.1683588196985,-765.1683588196985,-765.1683588196985,156.07468269092834,156.07468269092834,156.07468269092834,-921.2430415106268,-921.2430415106268,-921.2430415106268,0.0,0.0,0.0,693.0236207782735
2014-03-01,1458.428271077342,-1860.9318957917098,3539.7132709714606,1458.428271077342,1458.428271077342,-690.7923418716034,-690.7923418716034,-690.7923418716034,21.36649982546496,21.36649982546496,21.36649982546496,-712.1588416970684,-712.1588416970684,-712.1588416970684,0.0,0.0,0.0,767.6359292057386
2014-03-02,1458.5464168170272,-1673.7000326590119,3833.203012439757,1458.5464168170272,1458.5464168170272,-395.62771977781097,-395.62771977781097,-395.62771977781097,203.61296027542284,203.61296027542284,203.61296027542284,-599.2406800532337,-599.2406800532337,-599.2406800532337,0.0,0.0,0.0,1062.918697039216
2014-03-03,1458.6645625567123,-1246.7748896131939,4172.985088143856,1458.6645625567123,1458.6645625567123,-71.47211873109653,-71.47211873109653,-71.47211873109653,411.61494110495727,411.61494110495727,411.61494110495727,-483.0870598360538,-483.0870598360538,-483.0870598360538,0.0,0.0,0.0,1387.1924438256158
2014-03-04,1458.7827082963975,-1924.175305699698,3731.6566038664905,1458.7827082963975,1458.7827082963975,-537.5451598780588,-537.5451598780588,-537.5451598780588,-172.00787204656623,-172.00787204656623,-172.00787204656623,-365.5372878314926,-365.5372878314926,-365.5372878314926,0.0,0.0,0.0,921.2375484183386
2014-03-05,1458.9008540360824,-2626.164280216072,3150.1898089388665,1458.9008540360824,1458.9008540360824,-1288.8388745487168,-1288.8388745487168,-1288.8388745487168,-1040.3925504897686,-1040.3925504897686,-1040.3925504897686,-248.44632405894845,-248.44632405894845,-248.44632405894845,0.0,0.0,0.0,170.06197948736553
2014-03-07,1459.1371455154526,-736.0433075276001,4514.7447689659175,1459.1371455154526,1459.1371455154526,396.825276611597,396.825276611597,396.825276611597,419.73133864178254,419.73133864178254,419.73133864178254,-22.906062030185566,-22.906062030185566,-22.906062030185566,0.0,0.0,0.0,1855.9624221270496
2014-03-10,1459.4915827345078,-594.4817163840321,5031.19444563976,1459.4915827345078,1459.4915827345078,680.5208826875128,680.5208826875128,680.5208826875128,411.6149411050419,411.6149411050419,411.6149411050419,268.90594158247086,268.90594158247086,268.90594158247086,0.0,0.0,0.0,2140.012465422021
2014-03-11,1459.609728474193,-956.7840888382646,4257.042906420343,1459.609728474193,1459.609728474193,176.1236759973229,176.1236759973229,176.1236759973229,-172.00787204772902,-172.00787204772902,-172.00787204772902,348.1315480450519,348.1315480450519,348.1315480450519,0.0,0.0,0.0,1635.7334044715158
2014-03-14,1459.964165693248,-273.67239872686133,5054.093790457652,1459.964165693248,1459.964165693248,937.7316474880304,937.7316474880304,937.7316474880304,419.7313386418326,419.7313386418326,419.7313386418326,518.0003088461978,518.0003088461978,518.0003088461978,0.0,0.0,0.0,2397.6958131812785
2014-03-15,1460.082311432933,-661.9858023386031,4683.014118884314,1460.082311432933,1460.082311432933,571.6463857569181,571.6463857569181,571.6463857569181,21.366499825161164,21.366499825161164,21.366499825161164,550.2798859317569,550.2798859317569,550.2798859317569,0.0,0.0,0.0,2031.7286971898511
2014-03-16,1460.2004571726181,-508.7417673837997,5107.589660219362,1460.2004571726181,1460.2004571726181,773.7311854400672,773.7311854400672,773.7311854400672,203.6129602744827,203.6129602744827,203.6129602744827,570.1182251655846,570.1182251655846,570.1182251655846,0.0,0.0,0.0,2233.931642612685
2014-03-17,1460.3186029123033,-182.6079099253857,5361.423763023145,1460.3186029123033,1460.3186029123033,989.324964822498,989.324964822498,989.324964822498,411.61494110554145,411.61494110554145,411.61494110554145,577.7100237169566,577.7100237169566,577.7100237169566,0.0,0.0,0.0,2449.6435677348013
2014-03-18,1460.4367486519884,-872.1909654804579,4658.930724006703,1460.4367486519884,1460.4367486519884,401.4670607841951,401.4670607841951,401.4670607841951,-172.00787204846674,-172.00787204846674,-172.00787204846674,573.4749328326618,573.4749328326618,573.4749328326618,0.0,0.0,0.0,1861.9038094361836
2014-03-19,1460.5548943916735,-1802.1144770734268,3623.2812184397667,1460.5548943916735,1460.5548943916735,-482.35067079172296,-482.35067079172296,-482.35067079172296,-1040.3925504893991,-1040.3925504893991,-1040.3925504893991,558.0418796976763,558.0418796976763,558.0418796976763,0.0,0.0,0.0,978.2042235999506
2014-03-21,1460.7911858710438,-116.7510119515371,4956.385172470514,1460.7911858710438,1460.7911858710438,916.751021449908,916.751021449908,916.751021449908,419.73133864234717,419.73133864234717,419.73133864234717,497.01968280756086,497.01968280756086,497.01968280756086,0.0,0.0,0.0,2377.542207320952
2014-03-22,1460.9093316107287,-649.8202443560074,4481.277183445058,1460.9093316107287,1460.9093316107287,474.90210031134313,474.90210031134313,474.90210031134313,21.36649982575772,21.36649982575772,21.36649982575772,453.53560048558546,453.53560048558546,453.53560048558546,0.0,0.0,0.0,1935.8114319220717
2014-03-23,1461.0274773504136,-883.2901972941369,4741.503235971101,1461.0274773504136,1461.0274773504136,606.620049552674,606.620049552674,606.620049552674,203.61296027517997,203.61296027517997,203.61296027517997,403.00708927749406,403.00708927749406,403.00708927749406,0.0,0.0,0.0,2067.6475269030875
2014-03-24,1461.1456230900988,-472.73870182043095,5001.088689137499,1461.1456230900988,1461.1456230900988,758.3569513731776,758.3569513731776,758.3569513731776,411.61494110604093,411.61494110604093,411.61494110604093,346.7420102671367,346.7420102671367,346.7420102671367,0.0,0.0,0.0,2219.5025744632762
2014-03-25,1461.2637688297839,-982.6009457637467,4351.373845420645,1461.2637688297839,1461.2637688297839,114.0858016555829,114.0858016555829,114.0858016555829,-172.00787204920445,-172.00787204920445,-172.00787204920445,286.09367370478736,286.09367370478736,286.09367370478736,0.0,0.0,0.0,1575.3495704853667
2014-03-26,1461.381914569469,-2301.2650109684,3455.162224311,1461.381914569469,1461.381914569469,-817.9638478782242,-817.9638478782242,-817.9638478782242,-1040.392550489658,-1040.392550489658,-1040.392550489658,222.42870261143375,222.42870261143375,222.42870261143375,0.0,0.0,0.0,643.4180666912448
2014-03-28,1461.6182060488393,-1119.8233684340087,4770.794622835566,1461.6182060488393,1461.6182060488393,511.12622019122034,511.12622019122034,511.12622019122034,419.7313386414364,419.7313386414364,419.7313386414364,91.39488154978396,91.39488154978396,91.39488154978396,0.0,0.0,0.0,1972.7444262400595
2014-03-29,1461.7363517885244,-1123.9945658225236,4451.45863101753,1461.7363517885244,1461.7363517885244,47.91765679140844,47.91765679140844,47.91765679140844,21.366499825204617,21.366499825204617,21.366499825204617,26.55115696620382,26.55115696620382,26.55115696620382,0.0,0.0,0.0,1509.654008579933
2014-03-30,1461.8544975282093,-1038.0128441346778,4418.070039639176,1461.8544975282093,1461.8544975282093,167.3012845104095,167.3012845104095,167.3012845104095,203.61296027465366,203.61296027465366,203.61296027465366,-36.311675764244164,-36.311675764244164,-36.311675764244164,0.0,0.0,0.0,1629.1557820386188
2014-03-31,1461.9726432678945,-968.3251667771234,4483.045047772584,1461.9726432678945,1461.9726432678945,315.42283309971435,315.42283309971435,315.42283309971435,411.6149411061257,411.6149411061257,411.6149411061257,-96.1921080064113,-96.1921080064113,-96.1921080064113,0.0,0.0,0.0,1777.3954763676088
2014-04-01,1462.0907890075794,-1406.5077510041551,4166.284704417944,1462.0907890075794,1462.0907890075794,-324.23667336240857,-324.23667336240857,-324.23667336240857,-172.00787204764424,-172.00787204764424,-172.00787204764424,-152.2288013147643,-152.2288013147643,-152.2288013147643,0.0,0.0,0.0,1137.8541156451709
2014-04-02,1462.2089347472645,-2436.3148396819206,2943.250384364446,1462.2089347472645,1462.2089347472645,-1244.1067862942157,-1244.1067862942157,-1244.1067862942157,-1040.3925504895167,-1040.3925504895167,-1040.3925504895167,-203.71423580469911,-203.71423580469911,-203.71423580469911,0.0,0.0,0.0,218.1021484530488
2014-04-03,1462.3270804869496,-1415.6948218450889,4014.4454940049245,1462.3270804869496,1462.3270804869496,-94.02930036848343,-94.02930036848343,-94.02930036848343,156.0746826898604,156.0746826898604,156.0746826898604,-250.10398305834383,-250.10398305834383,-250.10398305834383,0.0,0.0,0.0,1368.297780118466
2014-04-04,1462.4452262266348,-1142.0085934762235,4590.9058137816,1462.4452262266348,1462.4452262266348,128.70984485884873,128.70984485884873,128.70984485884873,419.73133864052573,419.73133864052573,419.73133864052573,-291.021493781677,-291.021493781677,-291.021493781677,0.0,0.0,0.0,1591.1550710854835
2014-04-05,1462.56337196632,-1448.7486404395295,3727.957063545957,1462.56337196632,1462.56337196632,-304.891909157625,-304.891909157625,-304.891909157625,21.366499824651502,21.366499824651502,21.366499824651502,-326.25840898227653,-326.25840898227653,-326.25840898227653,0.0,0.0,0.0,1157.671462808695
2014-04-06,1462.681517706005,-1206.5199228185893,4011.258835727538,1462.681517706005,1462.681517706005,-152.1575591918091,-152.1575591918091,-152.1575591918091,203.61296027523852,203.61296027523852,203.61296027523852,-355.7705194670476,-355.7705194670476,-355.7705194670476,0.0,0.0,0.0,1310.523958514196
2014-04-07,1462.79966344569,-1330.836364298924,4177.350740686556,1462.79966344569,1462.79966344569,31.94533222495226,31.94533222495226,31.94533222495226,411.61494110577263,411.61494110577263,411.61494110577263,-379.66960888082036,-379.66960888082036,-379.66960888082036,0.0,0.0,0.0,1494.744995670642
2014-04-08,1462.917809185375,-1911.5482854483932,3440.0220529967946,1462.917809185375,1462.917809185375,-570.2193896079442,-570.2193896079442,-570.2193896079442,-172.00787204880706,-172.00787204880706,-172.00787204880706,-398.2115175591371,-398.2115175591371,-398.2115175591371,0.0,0.0,0.0,892.6984195774309
2014-04-11,1463.2722464044302,-1245.507519333744,4433.3653008723695,1463.2722464044302,1463.2722464044302,-6.341705228076399,-6.341705228076399,-6.341705228076399,419.73133864104045,419.73133864104045,419.73133864104045,-426.0730438691169,-426.0730438691169,-426.0730438691169,0.0,0.0,0.0,1456.930541176354
2014-04-12,1463.3903921441154,-1758.4291871260837,3931.3926960045046,1463.3903921441154,1463.3903921441154,-406.6685182449891,-406.6685182449891,-406.6685182449891,21.366499824900835,21.366499824900835,21.366499824900835,-428.03501806989,-428.03501806989,-428.03501806989,0.0,0.0,0.0,1056.7218738991262
2014-04-13,1463.5085378838005,-1390.487808524551,3826.0146959160365,1463.5085378838005,1463.5085378838005,-223.84456096553726,-223.84456096553726,-223.84456096553726,203.61296027482467,203.61296027482467,203.61296027482467,-427.4575212403619,-427.4575212403619,-427.4575212403619,0.0,0.0,0.0,1239.6639769182632
2014-04-15,1463.7448293631705,-1877.1099208739224,3594.395927857902,1463.7448293631705,1463.7448293631705,-593.5719605332649,-593.5719605332649,-593.5719605332649,-172.0078720499698,-172.0078720499698,-172.0078720499698,-421.5640884832951,-421.5640884832951,-421.5640884832951,0.0,0.0,0.0,870.1728688299056
2014-04-16,1463.8629751028557,-2489.622681408449,2569.09560194676,1463.8629751028557,1463.8629751028557,-1458.0546888095673,-1458.0546888095673,-1458.0546888095673,-1040.3925504902074,-1040.3925504902074,-1040.3925504902074,-417.6621383193598,-417.6621383193598,-417.6621383193598,0.0,0.0,0.0,5.808286293288347
2014-04-18,1464.0992665822257,-1142.6469111488323,4347.851644388573,1464.0992665822257,1464.0992665822257,8.549017487246099,8.549017487246099,8.549017487246099,419.7313386410903,419.7313386410903,419.7313386410903,-411.1823211538442,-411.1823211538442,-411.1823211538442,0.0,0.0,0.0,1472.6482840694719
2014-04-19,1464.2174109926134,-1837.4913264751035,3868.54331269219,1464.2174109926134,1464.2174109926134,-388.333532037763,-388.333532037763,-388.333532037763,21.366499825497417,21.366499825497417,21.366499825497417,-409.7000318632604,-409.7000318632604,-409.7000318632604,0.0,0.0,0.0,1075.8838789548504
2014-04-20,1464.3355554030009,-1472.8259036261131,4016.8990499433944,1464.3355554030009,1464.3355554030009,-206.36128776439855,-206.36128776439855,-206.36128776439855,203.61296027552194,203.61296027552194,203.61296027552194,-409.9742480399205,-409.9742480399205,-409.9742480399205,0.0,0.0,0.0,1257.9742676386022
2014-04-21,1464.4536998133885,-1310.791833205642,4300.256831304491,1464.4536998133885,1464.4536998133885,-0.7025557922819841,-0.7025557922819841,-0.7025557922819841,411.6149411059192,411.6149411059192,411.6149411059192,-412.31749689820117,-412.31749689820117,-412.31749689820117,0.0,0.0,0.0,1463.7511440211065
2014-04-22,1464.571844223776,-2046.9326032499905,3690.5421625833947,1464.571844223776,1464.571844223776,-588.9405250362173,-588.9405250362173,-588.9405250362173,-172.00787204840964,-172.00787204840964,-172.00787204840964,-416.93265298780767,-416.93265298780767,-416.93265298780767,0.0,0.0,0.0,875.6313191875587
2014-04-23,1464.6899886341635,-2653.7607506660997,2720.73439991564,1464.6899886341635,1464.6899886341635,-1464.3021747469436,-1464.3021747469436,-1464.3021747469436,-1040.3925504899796,-1040.3925504899796,-1040.3925504899796,-423.9096242569638,-423.9096242569638,-423.9096242569638,0.0,0.0,0.0,0.3878138872198633
2014-04-25,1464.9262774549384,-1477.6140662749394,4195.271155265475,1464.9262774549384,1464.9262774549384,-25.016835237579826,-25.016835237579826,-25.016835237579826,419.7313386411402,419.7313386411402,419.7313386411402,-444.74817387872,-444.74817387872,-444.74817387872,0.0,0.0,0.0,1439.9094422173584
2014-04-26,1465.0444218653258,-1703.9535125668465,3782.4573377961538,1465.0444218653258,1465.0444218653258,-436.8764393534396,-436.8764393534396,-436.8764393534396,21.366499824596993,21.366499824596993,21.366499824596993,-458.24293917803664,-458.24293917803664,-458.24293917803664,0.0,0.0,0.0,1028.1679825118863
2014-04-28,1465.280710686101,-1274.9654950007214,4002.7595852540553,1465.280710686101,1465.280710686101,-78.1432979403781,-78.1432979403781,-78.1432979403781,411.6149411051512,411.6149411051512,411.6149411051512,-489.7582390455293,-489.7582390455293,-489.7582390455293,0.0,0.0,0.0,1387.137412745723
2014-04-29,1465.3988550964884,-1938.2348527628862,3291.4722899214794,1465.3988550964884,1465.3988550964884,-678.9043733403049,-678.9043733403049,-678.9043733403049,-172.00787204914738,-172.00787204914738,-172.00787204914738,-506.8965012911575,-506.8965012911575,-506.8965012911575,0.0,0.0,0.0,786.4944817561835
2014-04-30,1465.516999506876,-2718.45692333259,2602.871623505203,1465.516999506876,1465.516999506876,-1564.6654570932858,-1564.6654570932858,-1564.6654570932858,-1040.3925504897518,-1040.3925504897518,-1040.3925504897518,-524.272906603534,-524.272906603534,-524.272906603534,0.0,0.0,0.0,-99.1484575864099
2014-05-02,1465.753288327651,-1458.6937136082483,4060.6986172374814,1465.753288327651,1465.753288327651,-137.76690389397825,-137.76690389397825,-137.76690389397825,419.7313386402296,419.7313386402296,419.7313386402296,-557.4982425342079,-557.4982425342079,-557.4982425342079,0.0,0.0,0.0,1327.9863844336728
2014-05-03,1465.8714327380385,-1768.8834420902065,3564.218966679661,1465.8714327380385,1465.8714327380385,-550.8414621451083,-550.8414621451083,-550.8414621451083,21.366499825996073,21.366499825996073,21.366499825996073,-572.2079619711044,-572.2079619711044,-572.2079619711044,0.0,0.0,0.0,915.0299705929302
2014-05-04,1465.989577148426,-1450.395488186871,3837.6654196802274,1465.989577148426,1465.989577148426,-381.30048305736597,-381.30048305736597,-381.30048305736597,203.61296027458175,203.61296027458175,203.61296027458175,-584.9134433319477,-584.9134433319477,-584.9134433319477,0.0,0.0,0.0,1084.68909409106
2014-05-05,1466.1077215588136,-1593.564265613338,3994.3298765631216,1466.1077215588136,1466.1077215588136,-183.49182615918448,-183.49182615918448,-183.49182615918448,411.6149411056508,411.6149411056508,411.6149411056508,-595.1067672648353,-595.1067672648353,-595.1067672648353,0.0,0.0,0.0,1282.6158953996292
2014-05-06,1466.225865969201,-1958.1522913281408,3540.9986857515655,1466.225865969201,1466.225865969201,-774.3419325049897,-774.3419325049897,-774.3419325049897,-172.0078720498851,-172.0078720498851,-172.0078720498851,-602.3340604551047,-602.3340604551047,-602.3340604551047,0.0,0.0,0.0,691.8839334642114
2014-05-07,1466.3440103795886,-2853.4098299416905,2487.3403108090993,1466.3440103795886,1466.3440103795886,-1646.6019093564933,-1646.6019093564933,-1646.6019093564933,-1040.3925504895237,-1040.3925504895237,-1040.3925504895237,-606.2093588669693,-606.2093588669693,-606.2093588669693,0.0,0.0,0.0,-180.2578989769047
2014-05-08,1466.462154789976,-1706.0227099271165,3856.0134533393366,1466.462154789976,1466.462154789976,-450.35166308908134,-450.35166308908134,-450.35166308908134,156.07468268995478,156.07468268995478,156.07468268995478,-606.4263457790361,-606.4263457790361,-606.4263457790361,0.0,0.0,0.0,1016.1104917008947
2014-05-09,1466.5802992003635,-1384.6955836642126,4003.4965127521864,1466.5802992003635,1466.5802992003635,-183.03632968930384,-183.03632968930384,-183.03632968930384,419.7313386417048,419.7313386417048,419.7313386417048,-602.7676683310086,-602.7676683310086,-602.7676683310086,0.0,0.0,0.0,1283.5439695110597
2014-05-10,1466.6984436107512,-1924.8600661003723,3451.9670769843274,1466.6984436107512,1466.6984436107512,-573.7451105680052,-573.7451105680052,-573.7451105680052,21.366499824293232,21.366499824293232,21.366499824293232,-595.1116103922984,-595.1116103922984,-595.1116103922984,0.0,0.0,0.0,892.953333042746
2014-05-11,1466.8165880211386,-1552.294366862093,4058.1817275047665,1466.8165880211386,1466.8165880211386,-379.82301813222364,-379.82301813222364,-379.82301813222364,203.61296027527905,203.61296027527905,203.61296027527905,-583.4359784075026,-583.4359784075026,-583.4359784075026,0.0,0.0,0.0,1086.9935698889149
2014-05-12,1466.934732431526,-1428.6815715198486,4216.152782949977,1466.934732431526,1466.934732431526,-156.20419705588827,-156.20419705588827,-156.20419705588827,411.61494110529776,411.61494110529776,411.61494110529776,-567.8191381611861,-567.8191381611861,-567.8191381611861,0.0,0.0,0.0,1310.7305353756378
2014-05-13,1467.0528768419138,-2091.3658922838717,3378.232939189635,1467.0528768419138,1467.0528768419138,-720.4460938546222,-720.4460938546222,-720.4460938546222,-172.00787204602693,-172.00787204602693,-172.00787204602693,-548.4382218085952,-548.4382218085952,-548.4382218085952,0.0,0.0,0.0,746.6067829872916
2014-05-14,1467.1710212523012,-2794.7030129088125,2838.447688734815,1467.1710212523012,1467.1710212523012,-1565.9571542311892,-1565.9571542311892,-1565.9571542311892,-1040.3925504899557,-1040.3925504899557,-1040.3925504899557,-525.5646037412333,-525.5646037412333,-525.5646037412333,0.0,0.0,0.0,-98.78613297888796
2014-05-16,1467.4073100730761,-1282.5799738667301,4424.53302676697,1467.4073100730761,1467.4073100730761,-51.119825494117215,-51.119825494117215,-51.119825494117215,419.7313386407941,419.7313386407941,419.7313386407941,-470.8511641349113,-470.8511641349113,-470.8511641349113,0.0,0.0,0.0,1416.2874845789588
2014-05-17,1467.5254544834636,-1569.6140394500187,3859.119672697303,1467.5254544834636,1467.5254544834636,-418.583788827641,-418.583788827641,-418.583788827641,21.366499824889804,21.366499824889804,21.366499824889804,-439.95028865253084,-439.95028865253084,-439.95028865253084,0.0,0.0,0.0,1048.9416656558226
2014-05-18,1467.643598893851,-1200.738332087746,3931.3673954770297,1467.643598893851,1467.643598893851,-203.79715949234102,-203.79715949234102,-203.79715949234102,203.61296027597635,203.61296027597635,203.61296027597635,-407.4101197683174,-407.4101197683174,-407.4101197683174,0.0,0.0,0.0,1263.84643940151
2014-05-19,1467.7617433042385,-1340.6297608360846,4230.9717902452085,1467.7617433042385,1467.7617433042385,37.789418437939176,37.789418437939176,37.789418437939176,411.61494110623494,411.61494110623494,411.61494110623494,-373.8255226682958,-373.8255226682958,-373.8255226682958,0.0,0.0,0.0,1505.5511617421778
2014-05-20,1467.8798877146262,-1718.3431688324627,3883.682472513779,1467.8798877146262,1467.8798877146262,-511.82298224679073,-511.82298224679073,-511.82298224679073,-172.00787204676467,-172.00787204676467,-172.00787204676467,-339.815110200026,-339.815110200026,-339.815110200026,0.0,0.0,0.0,956.0569054678355
2014-05-21,1467.9980321250139,-2643.516157779157,2988.010501308413,1467.9980321250139,1467.9980321250139,-1346.3981896166802,-1346.3981896166802,-1346.3981896166802,-1040.3925504896415,-1040.3925504896415,-1040.3925504896415,-306.00563912703893,-306.00563912703893,-306.00563912703893,0.0,0.0,0.0,121.59984250833372
2014-05-22,1468.1161765354013,-1363.9238472509435,4401.859514998748,1468.1161765354013,1468.1161765354013,-116.941747738537,-116.941747738537,-116.941747738537,156.07468269129228,156.07468269129228,156.07468269129228,-273.01643042982926,-273.01643042982926,-273.01643042982926,0.0,0.0,0.0,1351.1744287968643
2014-05-23,1468.2343209457888,-1118.704941644231,4565.775766011228,1468.2343209457888,1468.2343209457888,178.28709703764838,178.28709703764838,178.28709703764838,419.73133864084406,419.73133864084406,419.73133864084406,-241.44424160319565,-241.44424160319565,-241.44424160319565,0.0,0.0,0.0,1646.5214179834372
2014-05-24,1468.3524653561763,-1367.3853557735536,4013.9022065950735,1468.3524653561763,1468.3524653561763,-190.48249736385938,-190.48249736385938,-190.48249736385938,21.366499826288837,21.366499826288837,21.366499826288837,-211.84899719014822,-211.84899719014822,-211.84899719014822,0.0,0.0,0.0,1277.8699679923168
2014-05-25,1468.4706097665637,-1224.8414654467408,4248.424998954218,1468.4706097665637,1468.4706097665637,18.872209255302753,18.872209255302753,18.872209255302753,203.61296027433886,203.61296027433886,203.61296027433886,-184.74075101903608,-184.74075101903608,-184.74075101903608,0.0,0.0,0.0,1487.3428190218665
2014-05-26,1468.5887541769512,-1062.6810386737325,4547.1846349945345,1468.5887541769512,1468.5887541769512,251.0467301438794,251.0467301438794,251.0467301438794,411.61494110588205,411.61494110588205,411.61494110588205,-160.56821096200264,-160.56821096200264,-160.56821096200264,0.0,0.0,0.0,1719.6354843208305
2014-05-27,1468.7068985873386,-1708.2459642422011,3933.1233428948726,1468.7068985873386,1468.7068985873386,-311.7169779556945,-311.7169779556945,-311.7169779556945,-172.00787204792744,-172.00787204792744,-172.00787204792744,-139.70910590776714,-139.70910590776714,-139.70910590776714,0.0,0.0,0.0,1156.989920631644
2014-05-28,1468.8250429977263,-2331.719990657284,3119.6838022678717,1468.8250429977263,1468.8250429977263,-1162.855167175159,-1162.855167175159,-1162.855167175159,-1040.3925504894999,-1040.3925504894999,-1040.3925504894999,-122.46261668565904,-122.46261668565904,-122.46261668565904,0.0,0.0,0.0,305.96987582256725
2014-05-30,1469.0613318185015,-858.325975101719,4489.983227696301,1469.0613318185015,1469.0613318185015,320.1496327786736,320.1496327786736,320.1496327786736,419.7313386418233,419.7313386418233,419.7313386418233,-99.58170586314974,-99.58170586314974,-99.58170586314974,0.0,0.0,0.0,1789.210964597175
2014-05-31,1469.179476228889,-1390.633356297945,4076.250285094089,1469.179476228889,1469.179476228889,-72.74989052577445,-72.74989052577445,-72.74989052577445,21.366499825735684,21.366499825735684,21.366499825735684,-94.11639035151012,-94.11639035151012,-94.11639035151012,0.0,0.0,0.0,1396.4295857031145
2014-06-01,1469.2976206392764,-949.3075105871089,4212.412383315571,1469.2976206392764,1469.2976206392764,111.01013843610248,111.01013843610248,111.01013843610248,203.6129602761473,203.6129602761473,203.6129602761473,-92.60282184004484,-92.60282184004484,-92.60282184004484,0.0,0.0,0.0,1580.307759075379
2014-06-02,1469.4157650496638,-890.0135662491049,4452.146526400692,1469.4157650496638,1469.4157650496638,316.70140450238694,316.70140450238694,316.70140450238694,411.61494110552906,411.61494110552906,411.61494110552906,-94.91353660314206,-94.91353660314206,-94.91353660314206,0.0,0.0,0.0,1786.1171695520507
2014-06-03,1469.5339097910062,-1457.7762030350939,3886.845408268629,1469.5339097910062,1469.5339097910062,-272.85257523001906,-272.85257523001906,-272.85257523001906,-172.00787204824013,-172.00787204824013,-172.00787204824013,-100.84470318177891,-100.84470318177891,-100.84470318177891,0.0,0.0,0.0,1196.6813345609871
2014-06-04,1469.6520545323485,-2246.3043541593156,2876.304112434488,1469.6520545323485,1469.6520545323485,-1150.5163208207373,-1150.5163208207373,-1150.5163208207373,-1040.392550489932,-1040.392550489932,-1040.392550489932,-110.12377033080536,-110.12377033080536,-110.12377033080536,0.0,0.0,0.0,319.13573371161124
2014-06-06,1469.888344015033,-909.8389686910975,4591.239971173937,1469.888344015033,1469.888344015033,282.3830967918238,282.3830967918238,282.3830967918238,419.73133864187315,419.73133864187315,419.73133864187315,-137.3482418500494,-137.3482418500494,-137.3482418500494,0.0,0.0,0.0,1752.2714408068568
2014-06-07,1470.0064887563756,-1461.113090187141,3924.1671518149647,1470.0064887563756,1470.0064887563756,-133.12715240506776,-133.12715240506776,-133.12715240506776,21.36649982633228,21.36649982633228,21.36649982633228,-154.49365223140003,-154.49365223140003,-154.49365223140003,0.0,0.0,0.0,1336.8793363513078
2014-06-08,1470.1246334977177,-1235.2681718012755,4149.050543629046,1470.1246334977177,1470.1246334977177,30.202664792077975,30.202664792077975,30.202664792077975,203.61296027573346,203.61296027573346,203.61296027573346,-173.4102954836555,-173.4102954836555,-173.4102954836555,0.0,0.0,0.0,1500.3272982897956
2014-06-09,1470.24277823906,-878.203844800508,4435.502443143276,1470.24277823906,1470.24277823906,217.97494786350165,217.97494786350165,217.97494786350165,411.6149411051987,411.6149411051987,411.6149411051987,-193.63999324169703,-193.63999324169703,-193.63999324169703,0.0,0.0,0.0,1688.2177261025618
2014-06-10,1470.3609229804024,-1500.7350102702799,3771.751507500629,1470.3609229804024,1470.3609229804024,-386.73091523922665,-386.73091523922665,-386.73091523922665,-172.00787204710494,-172.00787204710494,-172.00787204710494,-214.72304319212174,-214.72304319212174,-214.72304319212174,0.0,0.0,0.0,1083.6300077411756
2014-06-13,1470.7153572044294,-1024.965084956261,4419.322367729808,1470.7153572044294,1470.7153572044294,141.02103084981508,141.02103084981508,141.02103084981508,419.73133864192323,419.73133864192323,419.73133864192323,-278.71030779210815,-278.71030779210815,-278.71030779210815,0.0,0.0,0.0,1611.7363880542446
2014-06-14,1470.8335019457716,-1602.5156770793185,4012.926026226066,1470.8335019457716,1470.8335019457716,-277.6006162893846,-277.6006162893846,-277.6006162893846,21.366499824629464,21.366499824629464,21.366499824629464,-298.96711611401406,-298.96711611401406,-298.96711611401406,0.0,0.0,0.0,1193.232885656387
2014-06-15,1470.951646687114,-1136.5503057381957,4060.2204811087313,1470.951646687114,1470.951646687114,-114.51636686477421,-114.51636686477421,-114.51636686477421,203.61296027409605,203.61296027409605,203.61296027409605,-318.1293271388703,-318.1293271388703,-318.1293271388703,0.0,0.0,0.0,1356.4352798223397
2014-06-16,1471.0697914284563,-1213.001900026919,4318.609251682324,1471.0697914284563,1471.0697914284563,75.67912269742898,75.67912269742898,75.67912269742898,411.61494110569816,411.61494110569816,411.61494110569816,-335.9358184082692,-335.9358184082692,-335.9358184082692,0.0,0.0,0.0,1546.7489141258852
2014-06-17,1471.1879361697986,-1647.6785010338804,3680.2699914411223,1471.1879361697986,1471.1879361697986,-524.1885532162597,-524.1885532162597,-524.1885532162597,-172.00787204784268,-172.00787204784268,-172.00787204784268,-352.18068116841704,-352.18068116841704,-352.18068116841704,0.0,0.0,0.0,946.9993829535389
2014-06-18,1471.306080911141,-2472.171558082216,2805.269230074943,1471.306080911141,1471.306080911141,-1407.1076604828284,-1407.1076604828284,-1407.1076604828284,-1040.3925504895626,-1040.3925504895626,-1040.3925504895626,-366.7151099932654,-366.7151099932654,-366.7151099932654,0.0,0.0,0.0,64.1984204283126
2014-06-20,1471.5423703938254,-1144.569325187798,4318.135080212513,1471.5423703938254,1471.5423703938254,29.389212944474867,29.389212944474867,29.389212944474867,419.7313386424377,419.7313386424377,419.7313386424377,-390.34212569796284,-390.34212569796284,-390.34212569796284,0.0,0.0,0.0,1500.9315833383002
2014-06-21,1471.6605151351678,-1690.095759808333,3714.2883675128696,1471.6605151351678,1471.6605151351678,-378.04909527383137,-378.04909527383137,-378.04909527383137,21.36649982602847,21.36649982602847,21.36649982602847,-399.4155950998599,-399.4155950998599,-399.4155950998599,0.0,0.0,0.0,1093.6114198613363
2014-06-22,1471.7786598765101,-1529.8607823209952,3941.5449678868717,1471.7786598765101,1471.7786598765101,-203.11981437284095,-203.11981437284095,-203.11981437284095,203.61296027479327,203.61296027479327,203.61296027479327,-406.73277464763424,-406.73277464763424,-406.73277464763424,0.0,0.0,0.0,1268.6588455036692
2014-06-23,1471.8968046178525,-1215.5221262056484,4099.334706829276,1471.8968046178525,1471.8968046178525,-0.7859046018885811,-0.7859046018885811,-0.7859046018885811,411.6149411053453,411.6149411053453,411.6149411053453,-412.4008457072338,-412.4008457072338,-412.4008457072338,0.0,0.0,0.0,1471.1109000159638
2014-06-24,1472.0149493591948,-1990.474696105192,3482.592807746247,1472.0149493591948,1472.0149493591948,-588.5705142998889,-588.5705142998889,-588.5705142998889,-172.00787204858045,-172.00787204858045,-172.00787204858045,-416.5626422513086,-416.5626422513086,-416.5626422513086,0.0,0.0,0.0,883.4444350593059
2014-06-25,1472.1330941005372,-2524.4356683729998,2771.1142023580087,1472.1330941005372,1472.1330941005372,-1459.7817637436647,-1459.7817637436647,-1459.7817637436647,-1040.3925504892482,-1040.3925504892482,-1040.3925504892482,-419.38921325441635,-419.38921325441635,-419.38921325441635,0.0,0.0,0.0,12.351330356872495
2014-06-27,1472.3693835832219,-1204.116848867837,4270.261987121942,1472.3693835832219,1472.3693835832219,-2.0829945277775326,-2.0829945277775326,-2.0829945277775326,419.73133864152703,419.73133864152703,419.73133864152703,-421.8143331693046,-421.8143331693046,-421.8143331693046,0.0,0.0,0.0,1470.2863890554443
2014-06-28,1472.4875283245642,-1717.6162272512129,3765.7493157139593,1472.4875283245642,1472.4875283245642,-400.45771798307436,-400.45771798307436,-400.45771798307436,21.36649982547533,21.36649982547533,21.36649982547533,-421.82421780854975,-421.82421780854975,-421.82421780854975,0.0,0.0,0.0,1072.0298103414898
2014-06-29,1472.6056730659063,-1317.9005448411967,3953.0001585137024,1472.6056730659063,1472.6056730659063,-217.6928711872357,-217.6928711872357,-217.6928711872357,203.61296027437936,203.61296027437936,203.61296027437936,-421.30583146161507,-421.30583146161507,-421.30583146161507,0.0,0.0,0.0,1254.9128018786705
2014-06-30,1472.723817807249,-1145.814553891313,4325.4988574157605,1472.723817807249,1472.723817807249,-8.837865486489394,-8.837865486489394,-8.837865486489394,411.6149411058448,411.6149411058448,411.6149411058448,-420.45280659233424,-420.45280659233424,-420.45280659233424,0.0,0.0,0.0,1463.8859523207595
2014-07-01,1472.841962548591,-1665.291352499658,3536.6008100899585,1472.841962548591,1472.841962548591,-591.4496826987441,-591.4496826987441,-591.4496826987441,-172.0078720470202,-172.0078720470202,-172.0078720470202,-419.441810651724,-419.441810651724,-419.441810651724,0.0,0.0,0.0,881.3922798498469
2014-07-02,1472.9601072899334,-2614.780989571504,2777.815084824948,1472.9601072899334,1472.9601072899334,-1458.8197213762514,-1458.8197213762514,-1458.8197213762514,-1040.3925504896802,-1040.3925504896802,-1040.3925504896802,-418.4271708865713,-418.4271708865713,-418.4271708865713,0.0,0.0,0.0,14.14038591368194
2014-07-04,1473.196396772618,-1237.2287191711412,4096.144364214261,1473.196396772618,1473.196396772618,2.8631685699440124,2.8631685699440124,2.8631685699440124,419.73133864157694,419.73133864157694,419.73133864157694,-416.8681700716329,-416.8681700716329,-416.8681700716329,0.0,0.0,0.0,1476.059565342562
2014-07-05,1473.3145415139602,-1779.2823140185121,3915.8107023906573,1473.3145415139602,1473.3145415139602,-395.1219593386456,-395.1219593386456,-395.1219593386456,21.366499824922226,21.366499824922226,21.366499824922226,-416.4884591635678,-416.4884591635678,-416.4884591635678,0.0,0.0,0.0,1078.1925821753146
2014-07-06,1473.4326862553028,-1503.841045289867,3936.4066905382624,1473.4326862553028,1473.4326862553028,-212.8191496760845,-212.8191496760845,-212.8191496760845,203.61296027618783,203.61296027618783,203.61296027618783,-416.43210995227236,-416.43210995227236,-416.43210995227236,0.0,0.0,0.0,1260.6135365792184
2014-07-07,1473.550830996645,-1334.148682600265,4257.657809996879,1473.550830996645,1473.550830996645,-5.087605609811793,-5.087605609811793,-5.087605609811793,411.61494110507687,411.61494110507687,411.61494110507687,-416.7025467148887,-416.7025467148887,-416.7025467148887,0.0,0.0,0.0,1468.463225386833
2014-07-08,1473.6689757379872,-1772.9884527453805,3791.441829582841,1473.6689757379872,1473.6689757379872,-589.2817861952949,-589.2817861952949,-589.2817861952949,-172.00787204818303,-172.00787204818303,-172.00787204818303,-417.2739141471119,-417.2739141471119,-417.2739141471119,0.0,0.0,0.0,884.3871895426923
2014-07-09,1473.7871204793296,-2737.245445622901,2677.208838728868,1473.7871204793296,1473.7871204793296,-1458.4866333559112,-1458.4866333559112,-1458.4866333559112,-1040.3925504894523,-1040.3925504894523,-1040.3925504894523,-418.09408286645896,-418.09408286645896,-418.09408286645896,0.0,0.0,0.0,15.300487123418407
2014-07-11,1474.023409962014,-1412.0501202883997,4185.502257208302,1474.023409962014,1474.023409962014,-0.4339536550922441,-0.4339536550922441,-0.4339536550922441,419.7313386406663,419.7313386406663,419.7313386406663,-420.16529229575855,-420.16529229575855,-420.16529229575855,0.0,0.0,0.0,1473.5894563069219
2014-07-12,1474.1415547033566,-1695.1278276913592,3927.1858062171664,1474.1415547033566,1474.1415547033566,-399.85317959063474,-399.85317959063474,-399.85317959063474,21.36649982517156,21.36649982517156,21.36649982517156,-421.2196794158063,-421.2196794158063,-421.2196794158063,0.0,0.0,0.0,1074.288375112722
2014-07-13,1474.2596994446988,-1363.443862792599,4142.060423503177,1474.2596994446988,1474.2596994446988,-218.52743196701857,-218.52743196701857,-218.52743196701857,203.612960274438,203.612960274438,203.612960274438,-422.14039224145654,-422.14039224145654,-422.14039224145654,0.0,0.0,0.0,1255.7322674776801
2014-07-14,1474.377844186041,-1236.3793080708108,4026.1297350908726,1474.377844186041,1474.377844186041,-11.200024307278108,-11.200024307278108,-11.200024307278108,411.61494110557646,411.61494110557646,411.61494110557646,-422.8149654128546,-422.8149654128546,-422.8149654128546,0.0,0.0,0.0,1463.177819878763
2014-07-15,1474.4959889273835,-2033.9981552277036,3360.544858171415,1474.4959889273835,1474.4959889273835,-595.1432973852934,-595.1432973852934,-595.1432973852934,-172.00787204892072,-172.00787204892072,-172.00787204892072,-423.1354253363727,-423.1354253363727,-423.1354253363727,0.0,0.0,0.0,879.35269154209
2014-07-18,1474.8504231514105,-1263.8391176381062,4118.698448640573,1474.8504231514105,1474.8504231514105,-1.335534669481141,-1.335534669481141,-1.335534669481141,419.7313386421415,419.7313386421415,419.7313386421415,-421.06687331162266,-421.06687331162266,-421.06687331162266,0.0,0.0,0.0,1473.5148884819293
2014-07-19,1474.9685678927528,-1762.672125503235,3958.931993906356,1474.9685678927528,1474.9685678927528,-397.78713425584,-397.78713425584,-397.78713425584,21.36649982576813,21.36649982576813,21.36649982576813,-419.15363408160806,-419.15363408160806,-419.15363408160806,0.0,0.0,0.0,1077.181433636913
2014-07-20,1475.0867126340952,-1466.1500811906153,3925.99289726002,1475.0867126340952,1475.0867126340952,-212.9637151681108,-212.9637151681108,-212.9637151681108,203.6129602751352,203.6129602751352,203.6129602751352,-416.576675443246,-416.576675443246,-416.576675443246,0.0,0.0,0.0,1262.1229974659843
2014-07-21,1475.2048601725587,-1176.5199682211965,4214.658813629083,1475.2048601725587,1475.2048601725587,-1.7267561663722273,-1.7267561663722273,-1.7267561663722273,411.61494110607595,411.61494110607595,411.61494110607595,-413.3416972724482,-413.3416972724482,-413.3416972724482,0.0,0.0,0.0,1473.4781040061864
2014-07-22,1475.3230077110225,-1645.763190895518,3773.3397521563634,1475.3230077110225,1475.3230077110225,-581.4872904446264,-581.4872904446264,-581.4872904446264,-172.00787205008348,-172.00787205008348,-172.00787205008348,-409.4794183945429,-409.4794183945429,-409.4794183945429,0.0,0.0,0.0,893.835717266396
2014-07-23,1475.4411552494862,-2533.6685695892616,2961.8333808491375,1475.4411552494862,1475.4411552494862,-1445.4369371865469,-1445.4369371865469,-1445.4369371865469,-1040.392550490143,-1040.392550490143,-1040.392550490143,-405.04438669640376,-405.04438669640376,-405.04438669640376,0.0,0.0,0.0,30.004218062939344
2014-07-25,1475.6774503264135,-1246.855183150625,4202.178131654408,1475.6774503264135,1475.6774503264135,24.95288510477905,24.95288510477905,24.95288510477905,419.7313386412309,419.7313386412309,419.7313386412309,-394.7784535364519,-394.7784535364519,-394.7784535364519,0.0,0.0,0.0,1500.6303354311924
2014-07-26,1475.7955978648772,-1534.6835997378655,3905.6759085204185,1475.7955978648772,1475.7955978648772,-367.7832721154856,-367.7832721154856,-367.7832721154856,21.366499825215016,21.366499825215016,21.366499825215016,-389.14977194070065,-389.14977194070065,-389.14977194070065,0.0,0.0,0.0,1108.0123257493915
2014-07-27,1475.9137454033407,-1640.3505187690366,4074.5107495060684,1475.9137454033407,1475.9137454033407,-179.7303486872622,-179.7303486872622,-179.7303486872622,203.61296027472136,203.61296027472136,203.61296027472136,-383.34330896198355,-383.34330896198355,-383.34330896198355,0.0,0.0,0.0,1296.1833967160785
2014-07-28,1476.0318929418047,-1331.3377125349896,4291.747190182107,1476.0318929418047,1476.0318929418047,34.13630179586579,34.13630179586579,34.13630179586579,411.6149411053081,411.6149411053081,411.6149411053081,-377.4786393094423,-377.4786393094423,-377.4786393094423,0.0,0.0,0.0,1510.1681947376705
2014-07-30,1476.2681880187317,-2682.803155576117,2879.495416960086,1476.2681880187317,1476.2681880187317,-1406.4222738382887,-1406.4222738382887,-1406.4222738382887,-1040.3925504899153,-1040.3925504899153,-1040.3925504899153,-366.0297233483733,-366.0297233483733,-366.0297233483733,0.0,0.0,0.0,69.84591418044306
2014-08-01,1476.504483095659,-1172.6733068077472,4234.930047250235,1476.504483095659,1476.504483095659,64.15535195692732,64.15535195692732,64.15535195692732,419.7313386403202,419.7313386403202,419.7313386403202,-355.5759866833929,-355.5759866833929,-355.5759866833929,0.0,0.0,0.0,1540.6598350525862
2014-08-02,1476.6226306341227,-1486.0318523629633,3945.2635130103945,1476.6226306341227,1476.6226306341227,-329.5044182967539,-329.5044182967539,-329.5044182967539,21.366499825811587,21.366499825811587,21.366499825811587,-350.87091812256546,-350.87091812256546,-350.87091812256546,0.0,0.0,0.0,1147.1182123373687
2014-08-03,1476.7407781725865,-1414.8224872880385,4175.775774714472,1476.7407781725865,1476.7407781725865,-142.9190719059586,-142.9190719059586,-142.9190719059586,203.61296027419505,203.61296027419505,203.61296027419505,-346.53203218015364,-346.53203218015364,-346.53203218015364,0.0,0.0,0.0,1333.8217062666279
2014-08-04,1476.8589257110502,-1220.1862116678617,4525.698081684238,1476.8589257110502,1476.8589257110502,69.08826492195651,69.08826492195651,69.08826492195651,411.6149411058077,411.6149411058077,411.6149411058077,-342.5266761838512,-342.5266761838512,-342.5266761838512,0.0,0.0,0.0,1545.9471906330068
2014-08-05,1476.9770732495138,-1696.1043344562438,3688.9364578241116,1476.9770732495138,1476.9770732495138,-510.7888010289024,-510.7888010289024,-510.7888010289024,-172.007872049261,-172.007872049261,-172.007872049261,-338.7809289796414,-338.7809289796414,-338.7809289796414,0.0,0.0,0.0,966.1882722206113
2014-08-06,1477.0952207879775,-2531.906019126319,2849.0131398943076,1477.0952207879775,1477.0952207879775,-1375.5700491712469,-1375.5700491712469,-1375.5700491712469,-1040.3925504896874,-1040.3925504896874,-1040.3925504896874,-335.1774986815593,-335.1774986815593,-335.1774986815593,0.0,0.0,0.0,101.52517161673063
2014-08-08,1477.3315158649048,-1039.0761304486387,4128.831646982005,1477.3315158649048,1477.3315158649048,92.02315762659005,92.02315762659005,92.02315762659005,419.73133864179533,419.73133864179533,419.73133864179533,-327.70818101520524,-327.70818101520524,-327.70818101520524,0.0,0.0,0.0,1569.3546734914949
2014-08-09,1477.4496634033685,-1568.268920265784,3820.4019255764692,1477.4496634033685,1477.4496634033685,-302.0241741198729,-302.0241741198729,-302.0241741198729,21.36649982456396,21.36649982456396,21.36649982456396,-323.39067394443686,-323.39067394443686,-323.39067394443686,0.0,0.0,0.0,1175.4254892834956
2014-08-11,1477.6859584802958,-1159.1959733999117,4339.351723800539,1477.6859584802958,1477.6859584802958,99.44359904913175,99.44359904913175,99.44359904913175,411.6149411054547,411.6149411054547,411.6149411054547,-312.17134205632294,-312.17134205632294,-312.17134205632294,0.0,0.0,0.0,1577.1295575294275
2014-08-12,1477.8041060187593,-1621.4546786490112,3748.2347272152165,1477.8041060187593,1477.8041060187593,-476.6143406002259,-476.6143406002259,-476.6143406002259,-172.00787205042383,-172.00787205042383,-172.00787205042383,-304.60646854980206,-304.60646854980206,-304.60646854980206,0.0,0.0,0.0,1001.1897654185334
2014-08-15,1478.1585486341505,-1143.5605327417204,4490.1278048310805,1478.1585486341505,1478.1585486341505,150.02757745920817,150.02757745920817,150.02757745920817,419.7313386408847,419.7313386408847,419.7313386408847,-269.7037611816765,-269.7037611816765,-269.7037611816765,0.0,0.0,0.0,1628.1861260933588
2014-08-16,1478.276696172614,-1553.87361699874,3968.3026850329456,1478.276696172614,1478.276696172614,-231.3813358991128,-231.3813358991128,-231.3813358991128,21.366499825160528,21.366499825160528,21.366499825160528,-252.7478357242733,-252.7478357242733,-252.7478357242733,0.0,0.0,0.0,1246.8953602735012
2014-08-17,1478.3948437110778,-1459.8435290261345,4257.602679867055,1478.3948437110778,1478.3948437110778,-28.916010954364175,-28.916010954364175,-28.916010954364175,203.61296027558967,203.61296027558967,203.61296027558967,-232.52897122995387,-232.52897122995387,-232.52897122995387,0.0,0.0,0.0,1449.4788327567137
2014-08-19,1478.631138788005,-1540.2256557444846,3614.2875637884513,1478.631138788005,1478.631138788005,-353.0467487505878,-353.0467487505878,-353.0467487505878,-172.00787204843854,-172.00787204843854,-172.00787204843854,-181.0388767021493,-181.0388767021493,-181.0388767021493,0.0,0.0,0.0,1125.5843900374173
2014-08-20,1478.7492863264688,-2586.17699330606,2834.7768604710473,1478.7492863264688,1478.7492863264688,-1189.633622310426,-1189.633622310426,-1189.633622310426,-1040.3925504898048,-1040.3925504898048,-1040.3925504898048,-149.2410718206213,-149.2410718206213,-149.2410718206213,0.0,0.0,0.0,289.11566401604273
2014-08-22,1478.985581403396,-801.7949740033401,4472.965523550559,1478.985581403396,1478.985581403396,347.0943758928663,347.0943758928663,347.0943758928663,419.73133864093455,419.73133864093455,419.73133864093455,-72.63696274806824,-72.63696274806824,-72.63696274806824,0.0,0.0,0.0,1826.0799572962624
2014-08-23,1479.1037289418598,-1212.7807733965572,4118.847180842351,1479.1037289418598,1479.1037289418598,-6.302697796274865,-6.302697796274865,-6.302697796274865,21.366499824607413,21.366499824607413,21.366499824607413,-27.66919762088228,-27.66919762088228,-27.66919762088228,0.0,0.0,0.0,1472.8010311455848
2014-08-24,1479.2218764803235,-1107.8460622219304,4636.64146373875,1479.2218764803235,1479.2218764803235,225.33648036118734,225.33648036118734,225.33648036118734,203.61296027395218,203.61296027395218,203.61296027395218,21.723520087235105,21.723520087235105,21.723520087235105,0.0,0.0,0.0,1704.5583568415109
2014-08-25,1479.340024018787,-532.3180238779356,4731.015624832182,1479.340024018787,1479.340024018787,487.03990837853866,487.03990837853866,487.03990837853866,411.61494110603877,411.61494110603877,411.61494110603877,75.42496727249983,75.42496727249983,75.42496727249983,0.0,0.0,0.0,1966.3799323973258
2014-08-26,1479.4581715572508,-1360.4482405121619,4247.916784948723,1479.4581715572508,1479.4581715572508,-38.774170473831155,-38.774170473831155,-38.774170473831155,-172.00787204730338,-172.00787204730338,-172.00787204730338,133.23370157347222,133.23370157347222,133.23370157347222,0.0,0.0,0.0,1440.6840010834196
2014-08-27,1479.5763190957143,-2100.016714073624,3285.1325896659373,1479.5763190957143,1479.5763190957143,-845.5304619699324,-845.5304619699324,-845.5304619699324,-1040.3925504896636,-1040.3925504896636,-1040.3925504896636,194.8620885197312,194.8620885197312,194.8620885197312,0.0,0.0,0.0,634.0458571257819
2014-08-29,1479.8126141726418,-465.07153743500925,4965.785702510661,1479.8126141726418,1479.8126141726418,747.7342691332584,747.7342691332584,747.7342691332584,419.73133864002403,419.73133864002403,419.73133864002403,328.00293049323443,328.00293049323443,328.00293049323443,0.0,0.0,0.0,2227.5468833059003
2014-08-30,1479.9307617111053,-1059.8103533794779,4615.426996518623,1479.9307617111053,1479.9307617111053,419.89181521735946,419.89181521735946,419.89181521735946,21.366499826006457,21.366499826006457,21.366499826006457,398.525315391353,398.525315391353,398.525315391353,0.0,0.0,0.0,1899.8225769284647
2014-08-31,1480.048909249569,-501.7268446240735,4827.317560042024,1480.048909249569,1480.048909249569,674.5105971630924,674.5105971630924,674.5105971630924,203.61296027576066,203.61296027576066,203.61296027576066,470.89763688733166,470.89763688733166,470.89763688733166,0.0,0.0,0.0,2154.5595064126614
2014-09-01,1480.1670567880326,-66.50842582541637,5429.867405723187,1480.1670567880326,1480.1670567880326,956.0635035498489,956.0635035498489,956.0635035498489,411.6149411056858,411.6149411056858,411.6149411056858,544.4485624441631,544.4485624441631,544.4485624441631,0.0,0.0,0.0,2436.2305603378813
2014-09-02,1480.2852043264963,-783.9507608617278,4619.89272717567,1480.2852043264963,1480.2852043264963,446.44329476711727,446.44329476711727,446.44329476711727,-172.00787204761608,-172.00787204761608,-172.00787204761608,618.4511668147334,618.4511668147334,618.4511668147334,0.0,0.0,0.0,1926.7284990936137
2014-09-03,1480.40335186496,-1476.2199796225946,3896.457290875737,1480.40335186496,1480.40335186496,-348.2592145867664,-348.2592145867664,-348.2592145867664,-1040.3925504894355,-1040.3925504894355,-1040.3925504894355,692.1333359026692,692.1333359026692,692.1333359026692,0.0,0.0,0.0,1132.1441372781937
2014-09-05,1480.6396469418873,-116.56968561927981,5334.381842244275,1480.6396469418873,1480.6396469418873,1255.0231184967504,1255.0231184967504,1255.0231184967504,419.7313386419637,419.7313386419637,419.7313386419637,835.2917798547868,835.2917798547868,835.2917798547868,0.0,0.0,0.0,2735.6627654386375
2014-09-06,1480.757794480351,-305.88900348598537,5235.794184070758,1480.757794480351,1480.757794480351,924.4718927571968,924.4718927571968,924.4718927571968,21.366499826603004,21.366499826603004,21.366499826603004,903.1053929305937,903.1053929305937,903.1053929305937,0.0,0.0,0.0,2405.2296872375478
2014-09-07,1480.8759420188146,-40.75989420305744,5310.5835359174225,1480.8759420188146,1480.8759420188146,1170.9125546957573,1170.9125546957573,1170.9125546957573,203.61296027534672,203.61296027534672,203.61296027534672,967.2995944204106,967.2995944204106,967.2995944204106,0.0,0.0,0.0,2651.788496714572
2014-09-08,1480.9940895572784,-25.355923911870665,5603.554243096985,1480.9940895572784,1480.9940895572784,1438.67731546191,1438.67731546191,1438.67731546191,411.6149411053329,411.6149411053329,411.6149411053329,1027.062374356577,1027.062374356577,1027.062374356577,0.0,0.0,0.0,2919.6714050191886
2014-09-09,1481.1122370957419,-104.48085183871852,5276.56287599009,1481.1122370957419,1481.1122370957419,909.6056990073097,909.6056990073097,909.6056990073097,-172.00787204648088,-172.00787204648088,-172.00787204648088,1081.6135710537903,1081.6135710537903,1081.6135710537903,0.0,0.0,0.0,2390.7179361030517
2014-09-10,1481.2303845945764,-1065.2938215101824,4313.784854157393,1481.2303845945764,1481.2303845945764,89.8252976242512,89.8252976242512,89.8252976242512,-1040.3925504898677,-1040.3925504898677,-1040.3925504898677,1130.2178481141189,1130.2178481141189,1130.2178481141189,0.0,0.0,0.0,1571.0556822188275
2014-09-11,1481.348532093411,-148.2437268421847,5562.748182541674,1481.348532093411,1481.348532093411,1328.271738982229,1328.271738982229,1328.271738982229,156.0746826905007,156.0746826905007,156.0746826905007,1172.1970562917281,1172.1970562917281,1172.1970562917281,0.0,0.0,0.0,2809.6202710756397
2014-09-12,1481.4666795922456,407.9272189678133,5815.193177610947,1481.4666795922456,1481.4666795922456,1626.6730985789475,1626.6730985789475,1626.6730985789475,419.7313386420137,419.7313386420137,419.7313386420137,1206.9417599369337,1206.9417599369337,1206.9417599369337,0.0,0.0,0.0,3108.139778171193
2014-09-13,1481.5848270910801,79.69693292376282,5342.302253163024,1481.5848270910801,1481.5848270910801,1255.2882280372364,1255.2882280372364,1255.2882280372364,21.366499824900163,21.366499824900163,21.366499824900163,1233.9217282123361,1233.9217282123361,1233.9217282123361,0.0,0.0,0.0,2736.8730551283165
2014-09-14,1481.7029745899144,242.71450181452064,5465.2641526680245,1481.7029745899144,1481.7029745899144,1456.308175572132,1456.308175572132,1456.308175572132,203.612960276044,203.612960276044,203.612960276044,1252.695215296088,1252.695215296088,1252.695215296088,0.0,0.0,0.0,2938.0111501620468
2014-09-15,1481.8211220887492,273.060429948228,5990.951736691126,1481.8211220887492,1481.8211220887492,1674.5318217346291,1674.5318217346291,1674.5318217346291,411.6149411062699,411.6149411062699,411.6149411062699,1262.9168806283592,1262.9168806283592,1262.9168806283592,0.0,0.0,0.0,3156.352943823378
2014-09-16,1481.9392695875838,-197.79172912839402,5308.22224415184,1481.9392695875838,1481.9392695875838,1092.336357087035,1092.336357087035,1092.336357087035,-172.0078720472186,-172.0078720472186,-172.0078720472186,1264.3442291342535,1264.3442291342535,1264.3442291342535,0.0,0.0,0.0,2574.2756266746187
2014-09-17,1482.0574170864181,-1085.9586228275607,4369.874281607873,1482.0574170864181,1482.0574170864181,216.4499309955359,216.4499309955359,216.4499309955359,-1040.3925504897263,-1040.3925504897263,-1040.3925504897263,1256.8424814852622,1256.8424814852622,1256.8424814852622,0.0,0.0,0.0,1698.507348081954
2014-09-19,1482.2937120840872,193.55596277523554,5870.876446261271,1482.2937120840872,1482.2937120840872,1634.8002852504446,1634.8002852504446,1634.8002852504446,419.73133864206363,419.73133864206363,419.73133864206363,1215.068946608381,1215.068946608381,1215.068946608381,0.0,0.0,0.0,3117.093997334532
2014-09-20,1482.4118595829218,-5.687688234167271,5663.087281102752,1482.4118595829218,1482.4118595829218,1202.4535567097482,1202.4535567097482,1202.4535567097482,21.366499826299258,21.366499826299258,21.366499826299258,1181.087056883449,1181.087056883449,1181.087056883449,0.0,0.0,0.0,2684.86541629267
2014-09-21,1482.5300070817564,7.750144002048015,5579.561293633787,1482.5300070817564,1482.5300070817564,1342.367045729303,1342.367045729303,1342.367045729303,203.6129602744066,203.6129602744066,203.6129602744066,1138.7540854548965,1138.7540854548965,1138.7540854548965,0.0,0.0,0.0,2824.8970528110594
2014-09-22,1482.648154580591,289.00319555015204,5834.398042203929,1482.648154580591,1482.648154580591,1500.1043904216024,1500.1043904216024,1500.1043904216024,411.61494110550206,411.61494110550206,411.61494110550206,1088.4894493161003,1088.4894493161003,1088.4894493161003,0.0,0.0,0.0,2982.752545002193
2014-09-23,1482.7663020794253,-513.1170641981873,4955.129874004729,1482.7663020794253,1482.7663020794253,858.8073901294333,858.8073901294333,858.8073901294333,-172.0078720479564,-172.0078720479564,-172.0078720479564,1030.8152621773897,1030.8152621773897,1030.8152621773897,0.0,0.0,0.0,2341.5736922088586
2014-09-24,1482.88444957826,-1106.0468182796108,4123.177244486366,1482.88444957826,1482.88444957826,-74.04239904078717,-74.04239904078717,-74.04239904078717,-1040.3925504894119,-1040.3925504894119,-1040.3925504894119,966.3501514486247,966.3501514486247,966.3501514486247,0.0,0.0,0.0,1408.842050537473
2014-09-25,1483.0025970770946,-139.8522683172687,5246.860874905568,1483.0025970770946,1483.0025970770946,1051.876469760316,1051.876469760316,1051.876469760316,156.07468269241934,156.07468269241934,156.07468269241934,895.8017870678967,895.8017870678967,895.8017870678967,0.0,0.0,0.0,2534.8790668374104
2014-09-26,1483.120744575929,-81.9927250915839,5539.063744121557,1483.120744575929,1483.120744575929,1239.689588905776,1239.689588905776,1239.689588905776,419.73133864161775,419.73133864161775,419.73133864161775,819.9582502641582,819.9582502641582,819.9582502641582,0.0,0.0,0.0,2722.810333481705
2014-09-27,1483.2388920747635,-448.6064774372996,4993.427824136079,1483.2388920747635,1483.2388920747635,761.044880924177,761.044880924177,761.044880924177,21.366499825746082,21.366499825746082,21.366499825746082,739.678381098431,739.678381098431,739.678381098431,0.0,0.0,0.0,2244.2837729989405
2014-09-28,1483.3570395735983,-297.1727541388569,4989.265355654695,1483.3570395735983,1483.3570395735983,859.4942115933453,859.4942115933453,859.4942115933453,203.61296027399274,203.61296027399274,203.61296027399274,655.8812513193526,655.8812513193526,655.8812513193526,0.0,0.0,0.0,2342.8512511669437
2014-09-29,1483.4751870724326,-133.71598513836204,5017.8418023984705,1483.4751870724326,1483.4751870724326,981.1498549737325,981.1498549737325,981.1498549737325,411.61494110600165,411.61494110600165,411.61494110600165,569.5349138677309,569.5349138677309,569.5349138677309,0.0,0.0,0.0,2464.625042046165
2014-09-30,1483.5933345712672,-864.4054811691727,4454.012826427589,1483.5933345712672,1483.5933345712672,309.63671051994237,309.63671051994237,309.63671051994237,-172.00787204869408,-172.00787204869408,-172.00787204869408,481.64458256863645,481.64458256863645,481.64458256863645,0.0,0.0,0.0,1793.2300450912096
2014-10-01,1483.7114820701017,-1960.6896752016153,3492.613605308657,1483.7114820701017,1483.7114820701017,-647.1521550296034,-647.1521550296034,-647.1521550296034,-1040.3925504898436,-1040.3925504898436,-1040.3925504898436,393.2403954602404,393.2403954602404,393.2403954602404,0.0,0.0,0.0,836.5593270404984
2014-10-02,1483.8296295689363,-838.0360557664741,4626.410131765357,1483.8296295689363,1483.8296295689363,461.43959588717206,461.43959588717206,461.43959588717206,156.07468269146338,156.07468269146338,156.07468269146338,305.3649131957086,305.3649131957086,305.3649131957086,0.0,0.0,0.0,1945.2692254561084
2014-10-03,1483.9477770677709,-352.54695490230125,4765.065535927397,1483.9477770677709,1483.9477770677709,638.7918390498694,638.7918390498694,638.7918390498694,419.73133864166755,419.73133864166755,419.73133864166755,219.0605004082018,219.0605004082018,219.0605004082018,0.0,0.0,0.0,2122.7396161176403
2014-10-04,1484.0659245666054,-1041.2588407228905,4238.758967438356,1484.0659245666054,1484.0659245666054,156.72323304736446,156.72323304736446,156.72323304736446,21.366499825192964,21.366499825192964,21.366499825192964,135.35673322217147,135.35673322217147,135.35673322217147,0.0,0.0,0.0,1640.7891576139698
2014-10-05,1484.1840720654398,-957.7707153928255,4319.093433655363,1484.1840720654398,1484.1840720654398,258.87093088683235,258.87093088683235,258.87093088683235,203.61296027580113,203.61296027580113,203.61296027580113,55.25797061103121,55.25797061103121,55.25797061103121,0.0,0.0,0.0,1743.0550029522722
2014-10-06,1484.3022195642745,-886.5153932641604,4611.90441237034,1484.3022195642745,1484.3022195642745,391.3461624532776,391.3461624532776,391.3461624532776,411.61494110523364,411.61494110523364,411.61494110523364,-20.268778651956044,-20.268778651956044,-20.268778651956044,0.0,0.0,0.0,1875.6483820175522
2014-10-07,1484.420367063109,-1509.9466837671587,3983.0508689150615,1484.420367063109,1484.420367063109,-262.31343985575035,-262.31343985575035,-262.31343985575035,-172.00787204755892,-172.00787204755892,-172.00787204755892,-90.30556780819138,-90.30556780819138,-90.30556780819138,0.0,0.0,0.0,1222.1069272073587
2014-10-08,1484.5385145619437,-2494.770595284849,2965.891205327964,1484.5385145619437,1484.5385145619437,-1194.3872336036882,-1194.3872336036882,-1194.3872336036882,-1040.3925504896158,-1040.3925504896158,-1040.3925504896158,-153.99468311407233,-153.99468311407233,-153.99468311407233,0.0,0.0,0.0,290.1512809582555
2014-10-09,1484.656662060778,-1125.9026132288434,4199.327944416195,1484.656662060778,1484.656662060778,-54.47447761582216,-54.47447761582216,-54.47447761582216,156.07468268934517,156.07468268934517,156.07468268934517,-210.54916030516733,-210.54916030516733,-210.54916030516733,0.0,0.0,0.0,1430.1821844449557
2014-10-10,1484.7748095596125,-957.9351648923933,4375.052353399424,1484.7748095596125,1484.7748095596125,160.46880027044105,160.46880027044105,160.46880027044105,419.731338640757,419.731338640757,419.731338640757,-259.2625383703159,-259.2625383703159,-259.2625383703159,0.0,0.0,0.0,1645.2436098300536
2014-10-11,1484.8929570584473,-1571.1267729604501,3825.5411247276993,1484.8929570584473,1484.8929570584473,-278.15124795254223,-278.15124795254223,-278.15124795254223,21.36649982463984,21.36649982463984,21.36649982463984,-299.5177477771821,-299.5177477771821,-299.5177477771821,0.0,0.0,0.0,1206.741709105905
2014-10-12,1485.0111045572817,-1355.5962230862856,4096.610655186788,1485.0111045572817,1485.0111045572817,-127.182075114992,-127.182075114992,-127.182075114992,203.61296027416367,203.61296027416367,203.61296027416367,-330.79503538915566,-330.79503538915566,-330.79503538915566,0.0,0.0,0.0,1357.8290294422898
2014-10-13,1485.1292520561162,-1159.9438314187196,4348.899315111187,1485.1292520561162,1485.1292520561162,58.93610775511982,58.93610775511982,58.93610775511982,411.61494110573324,411.61494110573324,411.61494110573324,-352.67883335061344,-352.67883335061344,-352.67883335061344,0.0,0.0,0.0,1544.065359811236
2014-10-14,1485.2473995549508,-1721.4464979202353,3739.022046860889,1485.2473995549508,1485.2473995549508,-536.8713564847674,-536.8713564847674,-536.8713564847674,-172.00787204829666,-172.00787204829666,-172.00787204829666,-364.8634844364706,-364.8634844364706,-364.8634844364706,0.0,0.0,0.0,948.3760430701834
2014-10-15,1485.3655470537853,-2633.1386970883123,2765.04855667746,1485.3655470537853,1485.3655470537853,-1407.55029247966,-1407.55029247966,-1407.55029247966,-1040.392550489388,-1040.392550489388,-1040.392550489388,-367.1577419902722,-367.1577419902722,-367.1577419902722,0.0,0.0,0.0,77.81525457412545
2014-10-16,1485.48369455262,-1380.700283877184,4058.7014600917605,1485.48369455262,1485.48369455262,-203.41328625720948,-203.41328625720948,-203.41328625720948,156.07468269001393,156.07468269001393,156.07468269001393,-359.4879689472234,-359.4879689472234,-359.4879689472234,0.0,0.0,0.0,1282.0704082954105
2014-10-17,1485.6018420514545,-1202.3521848797893,4370.820592828787,1485.6018420514545,1485.6018420514545,77.83137080574143,77.83137080574143,77.83137080574143,419.731338642232,419.731338642232,419.731338642232,-341.8999678364906,-341.8999678364906,-341.8999678364906,0.0,0.0,0.0,1563.433212857196
2014-10-18,1485.7199895502888,-1536.2209127436756,3807.3222681914845,1485.7199895502888,1485.7199895502888,-293.19288260791626,-293.19288260791626,-293.19288260791626,21.366499826038883,21.366499826038883,21.366499826038883,-314.5593824339552,-314.5593824339552,-314.5593824339552,0.0,0.0,0.0,1192.5271069423725
2014-10-19,1485.8381370491236,-1387.3701516427113,4321.0163074749635,1485.8381370491236,1485.8381370491236,-74.13766188076892,-74.13766188076892,-74.13766188076892,203.61296027474853,203.61296027474853,203.61296027474853,-277.7506221555174,-277.7506221555174,-277.7506221555174,0.0,0.0,0.0,1411.7004751683546
2014-10-20,1485.9562860732785,-1054.4137838077947,4511.762606148816,1485.9562860732785,1485.9562860732785,179.7406684789236,179.7406684789236,179.7406684789236,411.61494110538035,411.61494110538035,411.61494110538035,-231.87427262645673,-231.87427262645673,-231.87427262645673,0.0,0.0,0.0,1665.6969545522022
2014-10-21,1486.0744350974335,-1620.2734377471788,3879.9622219907724,1486.0744350974335,1486.0744350974335,-349.4508423689482,-349.4508423689482,-349.4508423689482,-172.00787204945945,-172.00787204945945,-172.00787204945945,-177.44297031948875,-177.44297031948875,-177.44297031948875,0.0,0.0,0.0,1136.6235927284852
2014-10-22,1486.1925841215884,-2522.1854745374667,3064.778244260667,1486.1925841215884,1486.1925841215884,-1155.468286344481,-1155.468286344481,-1155.468286344481,-1040.3925504891602,-1040.3925504891602,-1040.3925504891602,-115.07573585532086,-115.07573585532086,-115.07573585532086,0.0,0.0,0.0,330.7242977771075
2014-10-24,1486.4288821698983,-862.8610890062647,4374.844258802285,1486.4288821698983,1486.4288821698983,450.2345247646675,450.2345247646675,450.2345247646675,419.7313386413214,419.7313386413214,419.7313386413214,30.503186123346172,30.503186123346172,30.503186123346172,0.0,0.0,0.0,1936.663406934566
2014-10-25,1486.5470311940533,-1189.9949576942386,4063.6080931459232,1486.5470311940533,1486.5470311940533,133.38356871235868,133.38356871235868,133.38356871235868,21.366499825485754,21.366499825485754,21.366499825485754,112.01706888687293,112.01706888687293,112.01706888687293,0.0,0.0,0.0,1619.930599906412
2014-10-26,1486.6651802182082,-689.18146374944,4606.347166354706,1486.6651802182082,1486.6651802182082,401.7058316153253,401.7058316153253,401.7058316153253,203.61296027433468,203.61296027433468,203.61296027433468,198.0928713409906,198.0928713409906,198.0928713409906,0.0,0.0,0.0,1888.3710118335334
2014-10-27,1486.7833292423634,-381.68461754822147,4837.9522580579305,1486.7833292423634,1486.7833292423634,699.3313493429612,699.3313493429612,699.3313493429612,411.6149411050273,411.6149411050273,411.6149411050273,287.71640823793393,287.71640823793393,287.71640823793393,0.0,0.0,0.0,2186.1146785853243
2014-10-28,1486.901478266518,-1191.390241123366,4546.454007203824,1486.901478266518,1486.901478266518,207.8232581761903,207.8232581761903,207.8232581761903,-172.00787204747422,-172.00787204747422,-172.00787204747422,379.83113022366456,379.83113022366456,379.83113022366456,0.0,0.0,0.0,1694.7247364427085
2014-10-29,1487.019627290673,-1743.263268729641,3657.4274009379387,1487.019627290673,1487.019627290673,-567.0396602804724,-567.0396602804724,-567.0396602804724,-1040.3925504895924,-1040.3925504895924,-1040.3925504895924,473.3528902091199,473.3528902091199,473.3528902091199,0.0,0.0,0.0,919.9799670102007
2014-10-31,1487.255925338983,-250.0735977174663,5295.380787145924,1487.255925338983,1487.255925338983,1079.9679321388182,1079.9679321388182,1079.9679321388182,419.7313386413714,419.7313386413714,419.7313386413714,660.2365934974467,660.2365934974467,660.2365934974467,0.0,0.0,0.0,2567.223857477801
2014-11-01,1487.3740743631379,-398.8541595575185,4788.4888071463165,1487.3740743631379,1487.3740743631379,772.8008591267859,772.8008591267859,772.8008591267859,21.366499826082336,21.366499826082336,21.366499826082336,751.4343593007036,751.4343593007036,751.4343593007036,0.0,0.0,0.0,2260.1749334899237
2014-11-02,1487.492223387293,-130.484631945483,5026.556359803693,1487.492223387293,1487.492223387293,1043.35650520699,1043.35650520699,1043.35650520699,203.61296027380837,203.61296027380837,203.61296027380837,839.7435449331816,839.7435449331816,839.7435449331816,0.0,0.0,0.0,2530.848728594283
2014-11-03,1487.6103724114478,33.27741732988585,5458.331482345338,1487.6103724114478,1487.6103724114478,1335.7967342638399,1335.7967342638399,1335.7967342638399,411.61494110511194,411.61494110511194,411.61494110511194,924.1817931587279,924.1817931587279,924.1817931587279,0.0,0.0,0.0,2823.4071066752877
2014-11-04,1487.728521435603,-662.2247509210642,4984.994594797221,1487.728521435603,1487.728521435603,831.8273465282863,831.8273465282863,831.8273465282863,-172.007872048637,-172.007872048637,-172.007872048637,1003.8352185769234,1003.8352185769234,1003.8352185769234,0.0,0.0,0.0,2319.5558679638893
2014-11-05,1487.846670459758,-1023.1733958835437,4317.636783472518,1487.846670459758,1487.846670459758,37.48064530382936,37.48064530382936,37.48064530382936,-1040.392550489851,-1040.392550489851,-1040.392550489851,1077.8731957936802,1077.8731957936802,1077.8731957936802,0.0,0.0,0.0,1525.3273157635872
2014-11-06,1487.9648194839126,89.7490951803174,5758.177926389952,1487.9648194839126,1487.9648194839126,1301.6367064779959,1301.6367064779959,1301.6367064779959,156.07468269097666,156.07468269097666,156.07468269097666,1145.5620237870191,1145.5620237870191,1145.5620237870191,0.0,0.0,0.0,2789.6015259619085
2014-11-07,1488.0829685080678,329.08955884662754,5883.946428671708,1488.0829685080678,1488.0829685080678,1626.0085134860576,1626.0085134860576,1626.0085134860576,419.73133864142136,419.73133864142136,419.73133864142136,1206.2771748446362,1206.2771748446362,1206.2771748446362,0.0,0.0,0.0,3114.0914819941254
2014-11-08,1488.2011175322227,243.98546447381366,5254.231076966867,1488.2011175322227,1488.2011175322227,1280.8803487100015,1280.8803487100015,1280.8803487100015,21.366499825181933,21.366499825181933,21.366499825181933,1259.5138488848195,1259.5138488848195,1259.5138488848195,0.0,0.0,0.0,2769.0814662422245
2014-11-09,1488.3192665563777,213.23190943114366,5590.349650711846,1488.3192665563777,1488.3192665563777,1508.5085337668017,1508.5085337668017,1508.5085337668017,203.61296027450567,203.61296027450567,203.61296027450567,1304.895573492296,1304.895573492296,1304.895573492296,0.0,0.0,0.0,2996.8278003231794
2014-11-10,1488.4374155805326,300.2749690405418,6110.833036435871,1488.4374155805326,1488.4374155805326,1753.795557774619,1753.795557774619,1753.795557774619,411.6149411056114,411.6149411056114,411.6149411056114,1342.1806166690078,1342.1806166690078,1342.1806166690078,0.0,0.0,0.0,3242.2329733551514
2014-11-11,1488.5555646046876,16.804597844922128,5620.8342654588705,1488.5555646046876,1488.5555646046876,1199.258140879135,1199.258140879135,1199.258140879135,-172.00787204937473,-172.00787204937473,-172.00787204937473,1371.26601292851,1371.26601292851,1371.26601292851,0.0,0.0,0.0,2687.8137054838226
2014-11-12,1488.6737136288427,-787.2258203439087,4627.062095708421,1488.6737136288427,1488.6737136288427,351.79649309402964,351.79649309402964,351.79649309402964,-1040.3925504897097,-1040.3925504897097,-1040.3925504897097,1392.1890435837392,1392.1890435837392,1392.1890435837392,0.0,0.0,0.0,1840.4702067228723
2014-11-14,1488.9100116771524,516.5058377691536,6219.858104766885,1488.9100116771524,1488.9100116771524,1830.119915174263,1830.119915174263,1830.119915174263,419.73133864193585,419.73133864193585,419.73133864193585,1410.3885765323273,1410.3885765323273,1410.3885765323273,0.0,0.0,0.0,3319.0299268514154
2014-11-15,1489.0281607013076,219.71185716522425,5506.873941095209,1489.0281607013076,1489.0281607013076,1429.7831626428717,1429.7831626428717,1429.7831626428717,21.366499825778504,21.366499825778504,21.366499825778504,1408.4166628170933,1408.4166628170933,1408.4166628170933,0.0,0.0,0.0,2918.811323344179
2014-11-16,1489.1463097254623,264.26862457028494,5722.57487240756,1489.1463097254623,1489.1463097254623,1603.382589633218,1603.382589633218,1603.382589633218,203.61296027520294,203.61296027520294,203.61296027520294,1399.769629358015,1399.769629358015,1399.769629358015,0.0,0.0,0.0,3092.52889935868
2014-11-17,1489.2644587496172,430.0564533256397,6041.717597793094,1489.2644587496172,1489.2644587496172,1796.7291201334253,1796.7291201334253,1796.7291201334253,411.61494110611096,411.61494110611096,411.61494110611096,1385.1141790273145,1385.1141790273145,1385.1141790273145,0.0,0.0,0.0,3285.9935788830426
2014-11-18,1489.3826077737724,-93.87985880750894,5327.4381984289985,1489.3826077737724,1489.3826077737724,1193.202291448173,1193.202291448173,1193.202291448173,-172.0078720501124,-172.0078720501124,-172.0078720501124,1365.2101634982853,1365.2101634982853,1365.2101634982853,0.0,0.0,0.0,2682.5848992219453
2014-11-19,1489.5007567979271,-975.5882789838631,4375.085840941555,1489.5007567979271,1489.5007567979271,300.50164010374306,300.50164010374306,300.50164010374306,-1040.3925504899682,-1040.3925504899682,-1040.3925504899682,1340.8941905937115,1340.8941905937115,1340.8941905937115,0.0,0.0,0.0,1790.0023969016702
2014-11-20,1489.6189058220823,119.78778453498047,5753.548291564546,1489.6189058220823,1489.6189058220823,1469.136054706309,1469.136054706309,1469.136054706309,156.07468269010832,156.07468269010832,156.07468269010832,1313.0613720162007,1313.0613720162007,1313.0613720162007,0.0,0.0,0.0,2958.754960528391
2014-11-21,1489.7370548462372,405.24941177123094,6034.262899439238,1489.7370548462372,1489.7370548462372,1702.376893912806,1702.376893912806,1702.376893912806,419.7313386410252,419.7313386410252,419.7313386410252,1282.645555271781,1282.645555271781,1282.645555271781,0.0,0.0,0.0,3192.1139487590435
2014-11-22,1489.855203870392,-92.34852189134634,5544.546795826849,1489.855203870392,1489.855203870392,1271.9649302269036,1271.9649302269036,1271.9649302269036,21.36649982487815,21.36649982487815,21.36649982487815,1250.5984304020253,1250.5984304020253,1250.5984304020253,0.0,0.0,0.0,2761.8201340972955
2014-11-23,1489.9733528945471,152.6049781174663,5758.314905044921,1489.9733528945471,1489.9733528945471,1421.480901907267,1421.480901907267,1421.480901907267,203.61296027478912,203.61296027478912,203.61296027478912,1217.8679416324778,1217.8679416324778,1217.8679416324778,0.0,0.0,0.0,2911.4542548018144
2014-11-24,1490.091501918702,379.64842674488614,5931.222489862429,1490.091501918702,1490.091501918702,1596.9914060016038,1596.9914060016038,1596.9914060016038,411.6149411061956,411.6149411061956,411.6149411061956,1185.3764648954082,1185.3764648954082,1185.3764648954082,0.0,0.0,0.0,3087.082907920306
2014-11-25,1490.209650942857,-230.92842855751226,5267.843888766891,1490.209650942857,1490.209650942857,981.9913611781567,981.9913611781567,981.9913611781567,-172.00787204855223,-172.00787204855223,-172.00787204855223,1153.9992332267088,1153.9992332267088,1153.9992332267088,0.0,0.0,0.0,2472.2010121210137
2014-11-26,1490.327799967012,-1232.345268363101,4011.988844955286,1490.327799967012,1490.327799967012,84.15095184098729,84.15095184098729,84.15095184098729,-1040.392550489827,-1040.392550489827,-1040.392550489827,1124.5435023308144,1124.5435023308144,1124.5435023308144,0.0,0.0,0.0,1574.4787518079993
2014-11-27,1490.445948991167,213.06865538849692,5561.554663316612,1490.445948991167,1490.445948991167,1253.8036301145403,1253.8036301145403,1253.8036301145403,156.07468269077702,156.07468269077702,156.07468269077702,1097.7289474237632,1097.7289474237632,1097.7289474237632,0.0,0.0,0.0,2744.249579105707
2014-11-28,1490.5640980153219,169.9797909960734,5659.518607231988,1490.5640980153219,1490.5640980153219,1493.9011080300513,1493.9011080300513,1493.9011080300513,419.7313386401146,419.7313386401146,419.7313386401146,1074.1697693899368,1074.1697693899368,1074.1697693899368,0.0,0.0,0.0,2984.465206045373
2014-11-29,1490.6822470394768,-50.926205756088,5339.201088370306,1490.6822470394768,1490.6822470394768,1075.7254629839067,1075.7254629839067,1075.7254629839067,21.366499826277195,21.366499826277195,21.366499826277195,1054.3589631576297,1054.3589631576297,1054.3589631576297,0.0,0.0,0.0,2566.4077100233835
2014-11-30,1490.8003960636318,57.195995646006395,5610.065841110687,1490.8003960636318,1490.8003960636318,1242.268124480129,1242.268124480129,1242.268124480129,203.61296027537398,203.61296027537398,203.61296027537398,1038.655164204755,1038.655164204755,1038.655164204755,0.0,0.0,0.0,2733.0685205437608
2014-12-01,1490.918545087787,305.64991642440765,5687.183598416036,1490.918545087787,1490.918545087787,1438.8873818266093,1438.8873818266093,1438.8873818266093,411.61494110584255,411.61494110584255,411.61494110584255,1027.2724407207668,1027.2724407207668,1027.2724407207668,0.0,0.0,0.0,2929.805926914396
2014-12-02,1491.0366941881243,-496.9359032176855,5164.548371536651,1491.0366941881243,1491.0366941881243,848.2654679419741,848.2654679419741,848.2654679419741,-172.00787204971505,-172.00787204971505,-172.00787204971505,1020.2733399916892,1020.2733399916892,1020.2733399916892,0.0,0.0,0.0,2339.3021621300986
2014-12-03,1491.1548432884617,-1427.2565798579726,4189.9000571789375,1491.1548432884617,1491.1548432884617,-22.827121341639433,-22.827121341639433,-22.827121341639433,-1040.3925504895992,-1040.3925504895992,-1040.3925504895992,1017.5654291479598,1017.5654291479598,1017.5654291479598,0.0,0.0,0.0,1468.3277219468223
2014-12-04,1491.2729923887991,-160.14740888666643,5592.240850449704,1491.2729923887991,1491.2729923887991,1174.9761766156842,1174.9761766156842,1174.9761766156842,156.07468269202693,156.07468269202693,156.07468269202693,1018.9014939236572,1018.9014939236572,1018.9014939236572,0.0,0.0,0.0,2666.2491690044835
2014-12-05,1491.3911414891365,289.11956838860345,5569.003872909189,1491.3911414891365,1491.3911414891365,1443.614814821012,1443.614814821012,1443.614814821012,419.7313386406292,419.7313386406292,419.7313386406292,1023.883476180383,1023.883476180383,1023.883476180383,0.0,0.0,0.0,2935.0059563101486
2014-12-06,1491.5092905894742,-273.04845094075546,5349.64813740135,1491.5092905894742,1491.5092905894742,1053.3366433561296,1053.3366433561296,1053.3366433561296,21.36649982572404,21.36649982572404,21.36649982572404,1031.9701435304055,1031.9701435304055,1031.9701435304055,0.0,0.0,0.0,2544.845933945604
2014-12-07,1491.6274396898116,-155.80677575511197,5539.134043821062,1491.6274396898116,1491.6274396898116,1246.101354796549,1246.101354796549,1246.101354796549,203.61296027496002,203.61296027496002,203.61296027496002,1042.488394521589,1042.488394521589,1042.488394521589,0.0,0.0,0.0,2737.7287944863606
2014-12-08,1491.745588790149,133.4401901694783,5561.0512600028815,1491.745588790149,1491.745588790149,1466.2629538129315,1466.2629538129315,1466.2629538129315,411.61494110548966,411.61494110548966,411.61494110548966,1054.6480127074417,1054.6480127074417,1054.6480127074417,0.0,0.0,0.0,2958.0085426030805
2014-12-09,1491.8637378904864,-449.8469291854343,5237.501583908634,1491.8637378904864,1491.8637378904864,895.5517227573451,895.5517227573451,895.5517227573451,-172.00787204772976,-172.00787204772976,-172.00787204772976,1067.559594805075,1067.559594805075,1067.559594805075,0.0,0.0,0.0,2387.4154606478314
2014-12-10,1491.981886990824,-1204.6262809302473,4268.612257878444,1491.981886990824,1491.981886990824,39.86274382080039,39.86274382080039,39.86274382080039,-1040.392550490031,-1040.392550490031,-1040.392550490031,1080.2552943108315,1080.2552943108315,1080.2552943108315,0.0,0.0,0.0,1531.8446308116245
2014-12-12,1492.2181851914988,288.88374709898426,5916.924926552475,1492.2181851914988,1492.2181851914988,1520.6073961097309,1520.6073961097309,1520.6073961097309,419.73133864067904,419.73133864067904,419.73133864067904,1100.8760574690516,1100.8760574690516,1100.8760574690516,0.0,0.0,0.0,3012.8255813012297
2014-12-13,1492.336334291836,-114.7145262529878,5299.342827817431,1492.336334291836,1492.336334291836,1128.0566331332416,1128.0566331332416,1128.0566331332416,21.366499825170926,21.366499825170926,21.366499825170926,1106.690133308071,1106.690133308071,1106.690133308071,0.0,0.0,0.0,2620.3929674250776
2014-12-14,1492.4544833921736,2.063242404185927,5636.748704887467,1492.4544833921736,1492.4544833921736,1311.732637549195,1311.732637549195,1311.732637549195,203.61296027565731,203.61296027565731,203.61296027565731,1108.1196772735377,1108.1196772735377,1108.1196772735377,0.0,0.0,0.0,2804.1871209413684
2014-12-15,1492.572632492511,284.0584305370049,5611.911764751301,1492.572632492511,1492.572632492511,1515.7952207380874,1515.7952207380874,1515.7952207380874,411.61494110598926,411.61494110598926,411.61494110598926,1104.1802796320983,1104.1802796320983,1104.1802796320983,0.0,0.0,0.0,3008.3678532305985
2014-12-16,1492.6907815928485,-380.3746942543418,4985.903882932999,1492.6907815928485,1492.6907815928485,921.9562335595144,921.9562335595144,921.9562335595144,-172.00787204659454,-172.00787204659454,-172.00787204659454,1093.964105606109,1093.964105606109,1093.964105606109,0.0,0.0,0.0,2414.6470151523627
2014-12-17,1492.8089306931859,-1456.5105090401014,4225.640614897774,1492.8089306931859,1492.8089306931859,36.27258707038972,36.27258707038972,36.27258707038972,-1040.3925504898034,-1040.3925504898034,-1040.3925504898034,1076.665137560193,1076.665137560193,1076.665137560193,0.0,0.0,0.0,1529.0815177635757
2014-12-19,1493.045228893861,204.13780111384298,5644.787065217455,1493.045228893861,1493.045228893861,1437.9727966629243,1437.9727966629243,1437.9727966629243,419.73133864215424,419.73133864215424,419.73133864215424,1018.2414580207701,1018.2414580207701,1018.2414580207701,0.0,0.0,0.0,2931.0180255567852
2014-12-20,1493.1633779941983,-126.23595003927429,5370.115417436816,1493.1633779941983,1493.1633779941983,997.5774284114526,997.5774284114526,997.5774284114526,21.36649982461781,21.36649982461781,21.36649982461781,976.2109285868349,976.2109285868349,976.2109285868349,0.0,0.0,0.0,2490.740806405651
2014-12-21,1493.2815270945357,-86.8685989200119,5453.631101121692,1493.2815270945357,1493.2815270945357,1128.930965270151,1128.930965270151,1128.930965270151,203.61296027401988,203.61296027401988,203.61296027401988,925.3180049961312,925.3180049961312,925.3180049961312,0.0,0.0,0.0,2622.212492364687
2014-12-22,1493.399676194873,79.30765343617347,5645.919369208907,1493.399676194873,1493.399676194873,1277.1730149528128,1277.1730149528128,1277.1730149528128,411.6149411052213,411.6149411052213,411.6149411052213,865.5580738475915,865.5580738475915,865.5580738475915,0.0,0.0,0.0,2770.572691147686
2014-12-23,1493.5178252952105,-836.614153174096,4928.624839377111,1493.5178252952105,1493.5178252952105,625.1129187100117,625.1129187100117,625.1129187100117,-172.00787204690732,-172.00787204690732,-172.00787204690732,797.120790756919,797.120790756919,797.120790756919,0.0,0.0,0.0,2118.6307440052224
2014-12-24,1493.6359743955481,-1613.8174612203284,3827.927208165485,1493.6359743955481,1493.6359743955481,-320.00106951828064,-320.00106951828064,-320.00106951828064,-1040.3925504895753,-1040.3925504895753,-1040.3925504895753,720.3914809712948,720.3914809712948,720.3914809712948,0.0,0.0,0.0,1173.6349048772674
2014-12-26,1493.872272596223,-207.47522871439295,5096.089511283479,1493.872272596223,1493.872272596223,964.2834413568471,964.2834413568471,964.2834413568471,419.7313386417083,419.7313386417083,419.7313386417083,544.5521027151387,544.5521027151387,544.5521027151387,0.0,0.0,0.0,2458.15571395307
2014-12-27,1493.9904216965604,-862.3839812240387,4569.202755676344,1493.9904216965604,1493.9904216965604,468.50473028503967,468.50473028503967,468.50473028503967,21.36649982601684,21.36649982601684,21.36649982601684,447.13823045902285,447.13823045902285,447.13823045902285,0.0,0.0,0.0,1962.4951519816
2014-12-28,1494.1085707968978,-896.3557515104453,4902.662326105579,1494.1085707968978,1494.1085707968978,548.4082081501847,548.4082081501847,548.4082081501847,203.61296027471715,203.61296027471715,203.61296027471715,344.7952478754675,344.7952478754675,344.7952478754675,0.0,0.0,0.0,2042.5167789470825
2014-12-29,1494.2267198972354,-626.0650819469352,4763.477910576404,1494.2267198972354,1494.2267198972354,650.3610793592867,650.3610793592867,650.3610793592867,411.61494110572085,411.61494110572085,411.61494110572085,238.7461382535658,238.7461382535658,238.7461382535658,0.0,0.0,0.0,2144.587799256522
2014-12-30,1494.3448689975728,-1377.9592757163682,4152.744362549958,1494.3448689975728,1494.3448689975728,-41.68459282137537,-41.68459282137537,-41.68459282137537,-172.0078720480701,-172.0078720480701,-172.0078720480701,130.32327922669472,130.32327922669472,130.32327922669472,0.0,0.0,0.0,1452.6602761761974
2014-12-31,1494.4630180979102,-2467.206615688957,3084.4176929159044,1494.4630180979102,1494.4630180979102,-1019.4517868759797,-1019.4517868759797,-1019.4517868759797,-1040.3925504893475,-1040.3925504893475,-1040.3925504893475,20.940763613367817,20.940763613367817,20.940763613367817,0.0,0.0,0.0,475.01123122193053
2015-01-02,1494.699316298585,-1021.5299054410121,4514.049482689942,1494.699316298585,1494.699316298585,224.91033303114435,224.91033303114435,224.91033303114435,419.73133864175816,419.73133864175816,419.73133864175816,-194.8210056106138,-194.8210056106138,-194.8210056106138,0.0,0.0,0.0,1719.6096493297293
2015-01-03,1494.8174653989226,-1507.0813555817317,4065.035393993067,1494.8174653989226,1494.8174653989226,-276.8765948904363,-276.8765948904363,-276.8765948904363,21.36649982431398,21.36649982431398,21.36649982431398,-298.24309471475027,-298.24309471475027,-298.24309471475027,0.0,0.0,0.0,1217.9408705084863
2015-01-04,1494.93561449926,-1249.7184127155324,4032.4891354356278,1494.93561449926,1494.93561449926,-193.163807366558,-193.163807366558,-193.163807366558,203.61296027541445,203.61296027541445,203.61296027541445,-396.7767676419724,-396.7767676419724,-396.7767676419724,0.0,0.0,0.0,1301.7718071327022
2015-01-05,1495.0537635995975,-1383.6384530130335,4044.771848238722,1495.0537635995975,1495.0537635995975,-77.46120234659205,-77.46120234659205,-77.46120234659205,411.61494110495295,411.61494110495295,411.61494110495295,-489.076143451545,-489.076143451545,-489.076143451545,0.0,0.0,0.0,1417.5925612530054
2015-01-06,1495.1719126999349,-1934.649230922173,3537.6946024353506,1495.1719126999349,1495.1719126999349,-745.9139930805708,-745.9139930805708,-745.9139930805708,-172.0078720469349,-172.0078720469349,-172.0078720469349,-573.9061210336358,-573.9061210336358,-573.9061210336358,0.0,0.0,0.0,749.2579196193641
2015-01-09,1495.5263600009473,-1428.946839283518,3874.7641518518444,1495.5263600009473,1495.5263600009473,-353.75369779688305,-353.75369779688305,-353.75369779688305,419.7313386408476,419.7313386408476,419.7313386408476,-773.4850364377306,-773.4850364377306,-773.4850364377306,0.0,0.0,0.0,1141.7726622040643
2015-01-10,1495.6445091012847,-2006.773172013716,3249.3173204868326,1495.6445091012847,1495.6445091012847,-797.8965292689438,-797.8965292689438,-797.8965292689438,21.366499824910587,21.366499824910587,21.366499824910587,-819.2630290938544,-819.2630290938544,-819.2630290938544,0.0,0.0,0.0,697.7479798323409
2015-01-12,1495.8808073019597,-1871.855151440848,3668.7773336405803,1495.8808073019597,1495.8808073019597,-465.9139281717949,-465.9139281717949,-465.9139281717949,411.61494110589007,411.61494110589007,411.61494110589007,-877.528869277685,-877.528869277685,-877.528869277685,0.0,0.0,0.0,1029.966879130165
2015-01-13,1495.9989564022972,-2516.701165534841,3141.692296054991,1495.9989564022972,1495.9989564022972,-1062.1061081989214,-1062.1061081989214,-1062.1061081989214,-172.00787204767263,-172.00787204767263,-172.00787204767263,-890.0982361512486,-890.0982361512486,-890.0982361512486,0.0,0.0,0.0,433.8928482033757
2015-01-17,1496.4715528036468,-2045.402363712954,3472.52629296509,1496.4715528036468,1496.4715528036468,-820.2643276441707,-820.2643276441707,-820.2643276441707,21.366499826309656,21.366499826309656,21.366499826309656,-841.6308274704805,-841.6308274704805,-841.6308274704805,0.0,0.0,0.0,676.207225159476
2015-01-19,1496.7078510043216,-1584.2985152783388,3993.4070669665907,1496.7078510043216,1496.7078510043216,-360.05095122798997,-360.05095122798997,-360.05095122798997,411.61494110553707,411.61494110553707,411.61494110553707,-771.665892333527,-771.665892333527,-771.665892333527,0.0,0.0,0.0,1136.6568997763316
2015-01-23,1497.1804474056714,-1568.9756026668838,3917.6209389687456,1497.1804474056714,1497.1804474056714,-175.36029501793075,-175.36029501793075,-175.36029501793075,419.73133864141204,419.73133864141204,419.73133864141204,-595.0916336593427,-595.0916336593427,-595.0916336593427,0.0,0.0,0.0,1321.8201523877406
2015-01-24,1497.2985994765645,-2047.9042613325469,3854.558688833376,1497.2985994765645,1497.2985994765645,-531.0948142889325,-531.0948142889325,-531.0948142889325,21.366499825756478,21.366499825756478,21.366499825756478,-552.4613141146891,-552.4613141146891,-552.4613141146891,0.0,0.0,0.0,966.203785187632
2015-01-26,1497.5349036183507,-1436.3401501639037,4097.021641610617,1497.5349036183507,1497.5349036183507,-68.02856880642426,-68.02856880642426,-68.02856880642426,411.6149411051841,411.6149411051841,411.6149411051841,-479.64350991160836,-479.64350991160836,-479.64350991160836,0.0,0.0,0.0,1429.5063348119263
2015-01-27,1497.6530556892437,-1834.187586049012,3570.0186782982582,1497.6530556892437,1497.6530556892437,-624.1171995670277,-624.1171995670277,-624.1171995670277,-172.0078720491481,-172.0078720491481,-172.0078720491481,-452.1093275178796,-452.1093275178796,-452.1093275178796,0.0,0.0,0.0,873.535856122216
2015-01-28,1497.7712077601366,-2816.8121257543203,2956.205717750612,1497.7712077601366,1497.7712077601366,-1472.3922921364028,-1472.3922921364028,-1472.3922921364028,-1040.3925504897554,-1040.3925504897554,-1040.3925504897554,-431.9997416466472,-431.9997416466472,-431.9997416466472,0.0,0.0,0.0,25.378915623733747
2015-01-30,1498.0075119019227,-1097.9721617005034,4190.297923190521,1498.0075119019227,1498.0075119019227,2.3253256259254593,2.3253256259254593,2.3253256259254593,419.731338641462,419.731338641462,419.731338641462,-417.40601301553653,-417.40601301553653,-417.40601301553653,0.0,0.0,0.0,1500.3328375278481
2015-01-31,1498.1256639728158,-1544.3788382551943,3738.316643485462,1498.1256639728158,1498.1256639728158,-402.66578000508116,-402.66578000508116,-402.66578000508116,21.36649982635306,21.36649982635306,21.36649982635306,-424.03227983143427,-424.03227983143427,-424.03227983143427,0.0,0.0,0.0,1095.4598839677346
2015-02-03,1498.480120185495,-1871.545451744427,3641.3305645227247,1498.480120185495,1498.480120185495,-673.0824710164449,-673.0824710164449,-673.0824710164449,-172.00787204801287,-172.00787204801287,-172.00787204801287,-501.07459896843204,-501.07459896843204,-501.07459896843204,0.0,0.0,0.0,825.3976491690502
2015-02-06,1498.834576398174,-1560.7064454939973,3764.572514344141,1498.834576398174,1498.834576398174,-234.79433397964706,-234.79433397964706,-234.79433397964706,419.73133864151185,419.73133864151185,419.73133864151185,-654.525672621159,-654.525672621159,-654.525672621159,0.0,0.0,0.0,1264.040242418527
2015-02-07,1498.952728469067,-1886.396312526761,3389.5361554208894,1498.952728469067,1498.952728469067,-697.0201748311547,-697.0201748311547,-697.0201748311547,21.366499824650234,21.366499824650234,21.366499824650234,-718.3866746558049,-718.3866746558049,-718.3866746558049,0.0,0.0,0.0,801.9325536379124
2015-02-08,1499.0708805399602,-1808.3188721354468,3432.678940865133,1499.0708805399602,1499.0708805399602,-582.7949534823684,-582.7949534823684,-582.7949534823684,203.61296027523008,203.61296027523008,203.61296027523008,-786.4079137575985,-786.4079137575985,-786.4079137575985,0.0,0.0,0.0,916.2759270575917
2015-02-09,1499.1890326108532,-1732.2066853890908,3729.7281924832046,1499.1890326108532,1499.1890326108532,-445.429137515843,-445.429137515843,-445.429137515843,411.6149411057682,411.6149411057682,411.6149411057682,-857.0440786216112,-857.0440786216112,-857.0440786216112,0.0,0.0,0.0,1053.7598950950103
2015-02-10,1499.3071846817463,-2292.30031980902,3177.217698303278,1499.3071846817463,1499.3071846817463,-1100.6530839098323,-1100.6530839098323,-1100.6530839098323,-172.0078720487506,-172.0078720487506,-172.0078720487506,-928.6452118610815,-928.6452118610815,-928.6452118610815,0.0,0.0,0.0,398.65410077191405
2015-02-14,1499.7797929653184,-2349.3721802029913,3157.307369082109,1499.7797929653184,1499.7797929653184,-1168.8279868272714,-1168.8279868272714,-1168.8279868272714,21.366499826049242,21.366499826049242,21.366499826049242,-1190.1944866533204,-1190.1944866533204,-1190.1944866533204,0.0,0.0,0.0,330.951806138047
2015-02-15,1499.8979450362117,-2391.6678835027337,3255.450831844662,1499.8979450362117,1499.8979450362117,-1037.311406624099,-1037.311406624099,-1037.311406624099,203.61296027481623,203.61296027481623,203.61296027481623,-1240.924366898915,-1240.924366898915,-1240.924366898915,0.0,0.0,0.0,462.58653841211276
2015-02-16,1500.0160971071045,-2163.7128448555018,3413.748494644501,1500.0160971071045,1500.0160971071045,-871.0921689507456,-871.0921689507456,-871.0921689507456,411.6149411054152,411.6149411054152,411.6149411054152,-1282.707110056161,-1282.707110056161,-1282.707110056161,0.0,0.0,0.0,628.9239281563589
2015-02-18,1500.2524012488907,-3595.873029642492,1982.3378922218794,1500.2524012488907,1500.2524012488907,-2374.8475787608045,-2374.8475787608045,-2374.8475787608045,-1040.392550490132,-1040.392550490132,-1040.392550490132,-1334.4550282706728,-1334.4550282706728,-1334.4550282706728,0.0,0.0,0.0,-874.5951775119138
2015-02-20,1500.4887053906768,-2273.2408293420017,3379.6401915480396,1500.4887053906768,1500.4887053906768,-917.8481524519367,-917.8481524519367,-917.8481524519367,419.73133864111594,419.73133864111594,419.73133864111594,-1337.5794910930526,-1337.5794910930526,-1337.5794910930526,0.0,0.0,0.0,582.6405529387401
2015-02-21,1500.6068574615697,-2585.721555035741,3039.5109386661134,1500.6068574615697,1500.6068574615697,-1298.1161652398787,-1298.1161652398787,-1298.1161652398787,21.366499825496128,21.366499825496128,21.366499825496128,-1319.4826650653747,-1319.4826650653747,-1319.4826650653747,0.0,0.0,0.0,202.490692221691
2015-02-22,1500.7250095324628,-2225.685825944118,3188.632906427794,1500.7250095324628,1500.7250095324628,-1084.4272773593802,-1084.4272773593802,-1084.4272773593802,203.61296027440238,203.61296027440238,203.61296027440238,-1288.040237633783,-1288.040237633783,-1288.040237633783,0.0,0.0,0.0,416.2977321730825
2015-02-23,1500.843161603356,-2047.256226384518,3445.683348737223,1500.843161603356,1500.843161603356,-831.7946126239574,-831.7946126239574,-831.7946126239574,411.6149411059149,411.6149411059149,411.6149411059149,-1243.4095537298722,-1243.4095537298722,-1243.4095537298722,0.0,0.0,0.0,669.0485489793987
2015-02-25,1501.079465745142,-3527.5604784960574,2003.6886307948184,1501.079465745142,1501.079465745142,-2156.9359036096607,-2156.9359036096607,-2156.9359036096607,-1040.3925504899905,-1040.3925504899905,-1040.3925504899905,-1116.5433531196704,-1116.5433531196704,-1116.5433531196704,0.0,0.0,0.0,-655.8564378645187
2015-02-27,1501.3157698869281,-1776.4502328386873,3761.178379444089,1501.3157698869281,1501.3157698869281,-525.5730403154819,-525.5730403154819,-525.5730403154819,419.73133864116573,419.73133864116573,419.73133864116573,-945.3043789566476,-945.3043789566476,-945.3043789566476,0.0,0.0,0.0,975.7427295714463
2015-02-28,1501.4339219578212,-2146.774182291308,3342.746122468552,1501.4339219578212,1501.4339219578212,-824.6797023255431,-824.6797023255431,-824.6797023255431,21.366499824942974,21.366499824942974,21.366499824942974,-846.0462021504861,-846.0462021504861,-846.0462021504861,0.0,0.0,0.0,676.7542196322781
2015-03-01,1501.552074028714,-1586.2218702097414,3755.3413730144844,1501.552074028714,1501.552074028714,-536.0589921894173,-536.0589921894173,-536.0589921894173,203.61296027498722,203.61296027498722,203.61296027498722,-739.6719524644044,-739.6719524644044,-739.6719524644044,0.0,0.0,0.0,965.4930818392968
2015-03-02,1501.6702260996071,-1644.5851198142957,3822.152806519828,1501.6702260996071,1501.6702260996071,-216.22954821767752,-216.22954821767752,-216.22954821767752,411.61494110514695,411.61494110514695,411.61494110514695,-627.8444893228244,-627.8444893228244,-627.8444893228244,0.0,0.0,0.0,1285.4406778819296
2015-03-05,1502.0246823122864,-1278.4014616424847,4235.922973256916,1502.0246823122864,1502.0246823122864,-121.50044019312205,-121.50044019312205,-121.50044019312205,156.07468269143493,156.07468269143493,156.07468269143493,-277.575122884557,-277.575122884557,-277.575122884557,0.0,0.0,0.0,1380.5242421191642
2015-03-06,1502.1428343831794,-814.23803641997,4782.688753597762,1502.1428343831794,1502.1428343831794,257.6983388690844,257.6983388690844,257.6983388690844,419.73133864025516,419.73133864025516,419.73133864025516,-162.03299977117075,-162.03299977117075,-162.03299977117075,0.0,0.0,0.0,1759.8411732522638
2015-03-07,1502.2609864540725,-1232.1473224428148,4046.2639482106006,1502.2609864540725,1502.2609864540725,-28.750329566931416,-28.750329566931416,-28.750329566931416,21.366499825994794,21.366499825994794,21.366499825994794,-50.116829392926206,-50.116829392926206,-50.116829392926206,0.0,0.0,0.0,1473.510656887141
2015-03-08,1502.3791385249656,-894.8385637106942,4566.171125532397,1502.3791385249656,1502.3791385249656,260.08591255526045,260.08591255526045,260.08591255526045,203.61296027457334,203.61296027457334,203.61296027457334,56.4729522806871,56.4729522806871,56.4729522806871,0.0,0.0,0.0,1762.465051080226
2015-03-09,1502.4972905958587,-647.0190989533412,4653.860574907144,1502.4972905958587,1502.4972905958587,567.7737989840081,567.7737989840081,567.7737989840081,411.6149411056465,411.6149411056465,411.6149411056465,156.15885787836157,156.15885787836157,156.15885787836157,0.0,0.0,0.0,2070.271089579867
2015-03-10,1502.6154426667517,-1138.296324359901,4108.746345767719,1502.6154426667517,1502.6154426667517,75.50950910243319,75.50950910243319,75.50950910243319,-172.00787204982868,-172.00787204982868,-172.00787204982868,247.51738115226186,247.51738115226186,247.51738115226186,0.0,0.0,0.0,1578.124951769185
2015-03-12,1502.8517468085377,-694.9549485200902,4818.715685485581,1502.8517468085377,1502.8517468085377,556.561057408778,556.561057408778,556.561057408778,156.07468268931672,156.07468268931672,156.07468268931672,400.4863747194612,400.4863747194612,400.4863747194612,0.0,0.0,0.0,2059.4128042173156
2015-03-13,1502.9698988794307,-399.83761125548426,5151.276665557196,1502.9698988794307,1502.9698988794307,879.9721953007183,879.9721953007183,879.9721953007183,419.73133864173036,419.73133864173036,419.73133864173036,460.2408566589882,460.2408566589882,460.2408566589882,0.0,0.0,0.0,2382.942094180149
2015-03-14,1503.0880509503238,-723.3899923242229,4781.031137758153,1503.0880509503238,1503.0880509503238,529.3525006215673,529.3525006215673,529.3525006215673,21.366499825441675,21.366499825441675,21.366499825441675,507.9860007961256,507.9860007961256,507.9860007961256,0.0,0.0,0.0,2032.440551571891
2015-03-15,1503.2062030212169,-443.65306905865106,4958.246037027876,1503.2062030212169,1503.2062030212169,746.9918048655104,746.9918048655104,746.9918048655104,203.6129602752707,203.6129602752707,203.6129602752707,543.3788445902399,543.3788445902399,543.3788445902399,0.0,0.0,0.0,2250.1980078867273
2015-03-16,1503.32435509211,-418.9501384084764,5085.15074271658,1503.32435509211,1503.32435509211,977.9332453942469,977.9332453942469,977.9332453942469,411.61494110614603,411.61494110614603,411.61494110614603,566.3183042881009,566.3183042881009,566.3183042881009,0.0,0.0,0.0,2481.2576004863568
2015-03-17,1503.442507163003,-835.8908596215903,4503.877179070056,1503.442507163003,1503.442507163003,404.9330789731115,404.9330789731115,404.9330789731115,-172.0078720459705,-172.0078720459705,-172.0078720459705,576.940951019082,576.940951019082,576.940951019082,0.0,0.0,0.0,1908.3755861361146
2015-03-19,1503.6788113047892,-432.6008622523501,4960.27478366272,1503.6788113047892,1503.6788113047892,718.9829143861612,718.9829143861612,718.9829143861612,156.0746826905666,156.0746826905666,156.0746826905666,562.9082316955945,562.9082316955945,562.9082316955945,0.0,0.0,0.0,2222.6617256909503
2015-03-20,1503.796963375682,-320.0101347719966,5317.354554914227,1503.796963375682,1503.796963375682,959.335460047557,959.335460047557,959.335460047557,419.7313386408197,419.7313386408197,419.7313386408197,539.6041214067374,539.6041214067374,539.6041214067374,0.0,0.0,0.0,2463.132423423239
2015-03-21,1503.9151154465749,-618.2981821169807,4838.902235854453,1503.9151154465749,1503.9151154465749,528.0101756229441,528.0101756229441,528.0101756229441,21.3664998248885,21.3664998248885,21.3664998248885,506.6436757980555,506.6436757980555,506.6436757980555,0.0,0.0,0.0,2031.925291069519
2015-03-22,1504.0426832472658,-526.4237200880185,4957.367435982792,1504.0426832472658,1504.0426832472658,668.7296259404028,668.7296259404028,668.7296259404028,203.61296027485676,203.61296027485676,203.61296027485676,465.1166656655461,465.1166656655461,465.1166656655461,0.0,0.0,0.0,2172.7723091876687
2015-03-23,1504.1702510479563,-417.2837466774112,4916.1574121142885,1504.1702510479563,1504.1702510479563,827.8440746186321,827.8440746186321,827.8440746186321,411.61494110537814,411.61494110537814,411.61494110537814,416.229133513254,416.229133513254,416.229133513254,0.0,0.0,0.0,2332.0143256665883
2015-03-24,1504.2978188486468,-944.2120576542906,4510.339889590744,1504.2978188486468,1504.2978188486468,189.26467544602977,189.26467544602977,189.26467544602977,-172.0078720462832,-172.0078720462832,-172.0078720462832,361.272547492313,361.272547492313,361.272547492313,0.0,0.0,0.0,1693.5624942946765
2015-03-26,1504.5529544500282,-896.1815902329108,4630.88029663154,1504.5529544500282,1504.5529544500282,394.6280930449796,394.6280930449796,394.6280930449796,156.07468269123535,156.07468269123535,156.07468269123535,238.55341035374425,238.55341035374425,238.55341035374425,0.0,0.0,0.0,1899.1810474950078
2015-03-27,1504.6805222507187,-571.7608528446881,4831.842228264868,1504.6805222507187,1504.6805222507187,593.2444010871526,593.2444010871526,593.2444010871526,419.7313386399091,419.7313386399091,419.7313386399091,173.5130624472435,173.5130624472435,173.5130624472435,0.0,0.0,0.0,2097.9249233378714
2015-03-28,1504.8080900514092,-1072.9558261327184,4510.467513471797,1504.8080900514092,1504.8080900514092,129.15251703033633,129.15251703033633,129.15251703033633,21.366499826287615,21.366499826287615,21.366499826287615,107.78601720404872,107.78601720404872,107.78601720404872,0.0,0.0,0.0,1633.9606070817456
2015-03-29,1504.9356578521,-981.5823575930281,4545.347765673522,1504.9356578521,1504.9356578521,246.23130345969398,246.23130345969398,246.23130345969398,203.61296027433045,203.61296027433045,203.61296027433045,42.61834318536356,42.61834318536356,42.61834318536356,0.0,0.0,0.0,1751.1669613117938
2015-03-30,1505.0632256527904,-896.1410066655347,4576.976633902012,1505.0632256527904,1505.0632256527904,390.7762221363789,390.7762221363789,390.7762221363789,411.6149411058776,411.6149411058776,411.6149411058776,-20.8387189694987,-20.8387189694987,-20.8387189694987,0.0,0.0,0.0,1895.8394477891693
2015-03-31,1505.190793453481,-1553.088481352121,3804.473562071864,1505.190793453481,1505.190793453481,-253.55911539808116,-253.55911539808116,-253.55911539808116,-172.00787204744594,-172.00787204744594,-172.00787204744594,-81.55124335063522,-81.55124335063522,-81.55124335063522,0.0,0.0,0.0,1251.6316780554
2015-04-02,1505.4459290548623,-1305.9141452451145,4065.2238227959497,1505.4459290548623,1505.4459290548623,-35.22749652525313,-35.22749652525313,-35.22749652525313,156.07468269248523,156.07468269248523,156.07468269248523,-191.30217921773837,-191.30217921773837,-191.30217921773837,0.0,0.0,0.0,1470.2184325296091
2015-04-04,1505.7010646562435,-1345.3667987784452,4055.1512123015536,1505.7010646562435,1505.7010646562435,-259.95288442726104,-259.95288442726104,-259.95288442726104,21.366499824584753,21.366499824584753,21.366499824584753,-281.3193842518458,-281.3193842518458,-281.3193842518458,0.0,0.0,0.0,1245.7481802289824
2015-04-05,1505.8286324569342,-1306.6463621687044,4104.951352691262,1505.8286324569342,1505.8286324569342,-114.37393599833588,-114.37393599833588,-114.37393599833588,203.6129602750277,203.6129602750277,203.6129602750277,-317.9868962733636,-317.9868962733636,-317.9868962733636,0.0,0.0,0.0,1391.4546964585984
2015-04-06,1505.9562002576247,-1072.0149190287302,4222.990666673011,1505.9562002576247,1505.9562002576247,62.68929570820078,62.68929570820078,62.68929570820078,411.6149411055247,411.6149411055247,411.6149411055247,-348.92564539732393,-348.92564539732393,-348.92564539732393,0.0,0.0,0.0,1568.6454959658254
2015-04-07,1506.0837680583152,-1775.419629809023,3647.1523863667976,1506.0837680583152,1506.0837680583152,-546.2172671593568,-546.2172671593568,-546.2172671593568,-172.0078720481837,-172.0078720481837,-172.0078720481837,-374.209395111173,-374.209395111173,-374.209395111173,0.0,0.0,0.0,959.8665008989584
2015-04-09,1506.3389036596966,-1391.4329756406598,3967.7681010380143,1506.3389036596966,1506.3389036596966,-252.75463884218672,-252.75463884218672,-252.75463884218672,156.07468269094818,156.07468269094818,156.07468269094818,-408.8293215331348,-408.8293215331348,-408.8293215331348,0.0,0.0,0.0,1253.5842648175098
2015-04-10,1506.466471460387,-1170.26424494151,4346.019800163055,1506.466471460387,1506.466471460387,0.7424015644899453,0.7424015644899453,0.7424015644899453,419.73133864093813,419.73133864093813,419.73133864093813,-418.9889370764482,-418.9889370764482,-418.9889370764482,0.0,0.0,0.0,1507.208873024877
2015-04-11,1506.5940392610776,-1662.3555910924124,3782.3958948732734,1506.5940392610776,1506.5940392610776,-403.7365652651994,-403.7365652651994,-403.7365652651994,21.366499825181286,21.366499825181286,21.366499825181286,-425.1030650903807,-425.1030650903807,-425.1030650903807,0.0,0.0,0.0,1102.857473995878
2015-04-12,1506.7216070617683,-1501.1047474741276,4219.072444637571,1506.7216070617683,1506.7216070617683,-224.19748386101367,-224.19748386101367,-224.19748386101367,203.61296027572507,203.61296027572507,203.61296027572507,-427.81044413673874,-427.81044413673874,-427.81044413673874,0.0,0.0,0.0,1282.5241232007547
2015-04-13,1506.849174862459,-1319.668508323565,4156.618659336042,1506.849174862459,1506.849174862459,-16.185784547692737,-16.185784547692737,-16.185784547692737,411.61494110602433,411.61494110602433,411.61494110602433,-427.80072565371705,-427.80072565371705,-427.80072565371705,0.0,0.0,0.0,1490.6633903147663
2015-04-14,1506.9767426631495,-1808.7670628415394,3638.09353487173,1506.9767426631495,1506.9767426631495,-597.7989338466532,-597.7989338466532,-597.7989338466532,-172.0078720470485,-172.0078720470485,-172.0078720470485,-425.7910617996048,-425.7910617996048,-425.7910617996048,0.0,0.0,0.0,909.1778088164963
2015-04-16,1507.2318782645307,-1426.2203450997674,4051.5102471487803,1507.2318782645307,1507.2318782645307,-262.56439638597294,-262.56439638597294,-262.56439638597294,156.0746826916169,156.0746826916169,156.0746826916169,-418.6390790775898,-418.6390790775898,-418.6390790775898,0.0,0.0,0.0,1244.6674818785577
2015-04-17,1507.3594460652214,-1344.4980489721247,4323.038898606347,1507.3594460652214,1507.3594460652214,4.867899737150612,4.867899737150612,4.867899737150612,419.7313386419486,419.7313386419486,419.7313386419486,-414.863438904798,-414.863438904798,-414.863438904798,0.0,0.0,0.0,1512.227345802372
2015-04-18,1507.4870138659119,-1707.5733641269373,3627.1091337652892,1507.4870138659119,1507.4870138659119,-390.41429756935287,-390.41429756935287,-390.41429756935287,21.366499824628185,21.366499824628185,21.366499824628185,-411.78079739398106,-411.78079739398106,-411.78079739398106,0.0,0.0,0.0,1117.072716296559
2015-04-19,1507.6145816666026,-1221.7316444911285,4313.507980631846,1507.6145816666026,1507.6145816666026,-206.30750633785212,-206.30750633785212,-206.30750633785212,203.61296027408758,203.61296027408758,203.61296027408758,-409.92046661193973,-409.92046661193973,-409.92046661193973,0.0,0.0,0.0,1301.3070753287504
2015-04-20,1507.742149467293,-1237.027665584329,4069.9550060477786,1507.742149467293,1507.742149467293,1.892844730779831,1.892844730779831,1.892844730779831,411.6149411056939,411.6149411056939,411.6149411056939,-409.72209637491403,-409.72209637491403,-409.72209637491403,0.0,0.0,0.0,1509.634994198073
2015-04-21,1507.8697172679838,-1839.9428321870485,3688.615901482962,1507.8697172679838,1507.8697172679838,-583.5325727952205,-583.5325727952205,-583.5325727952205,-172.0078720482113,-172.0078720482113,-172.0078720482113,-411.52470074700926,-411.52470074700926,-411.52470074700926,0.0,0.0,0.0,924.3371444727633
2015-04-22,1507.9972850686743,-2743.3023920178903,2682.6561109657164,1507.9972850686743,1507.9972850686743,-1455.9515651093834,-1455.9515651093834,-1455.9515651093834,-1040.3925504894871,-1040.3925504894871,-1040.3925504894871,-415.55901461989623,-415.55901461989623,-415.55901461989623,0.0,0.0,0.0,52.045719959290864
2015-04-24,1508.2524206700555,-1302.4788784349214,4256.745685819377,1508.2524206700555,1508.2524206700555,-10.951342530899284,-10.951342530899284,-10.951342530899284,419.7313386415026,419.7313386415026,419.7313386415026,-430.68268117240183,-430.68268117240183,-430.68268117240183,0.0,0.0,0.0,1497.3010781391563
2015-04-25,1508.3799884707462,-1665.9689407712297,3965.756999344676,1508.3799884707462,1508.3799884707462,-420.3052872750674,-420.3052872750674,-420.3052872750674,21.36649982602725,21.36649982602725,21.36649982602725,-441.67178710109465,-441.67178710109465,-441.67178710109465,0.0,0.0,0.0,1088.0747011956787
2015-04-26,1508.5075562714367,-1500.801930246363,3991.8475753148587,1508.5075562714367,1508.5075562714367,-251.08783279747922,-251.08783279747922,-251.08783279747922,203.61296027589606,203.61296027589606,203.61296027589606,-454.7007930733753,-454.7007930733753,-454.7007930733753,0.0,0.0,0.0,1257.4197234739574
2015-04-27,1508.6351240721274,-1513.1783222660379,4187.52997820121,1508.6351240721274,1508.6351240721274,-57.84941680046319,-57.84941680046319,-57.84941680046319,411.61494110534085,411.61494110534085,411.61494110534085,-469.46435790580404,-469.46435790580404,-469.46435790580404,0.0,0.0,0.0,1450.7857072716643
2015-04-28,1508.7626918728179,-2042.3913074611369,3456.746442458892,1508.7626918728179,1508.7626918728179,-657.5811538501133,-657.5811538501133,-657.5811538501133,-172.00787204852398,-172.00787204852398,-172.00787204852398,-485.5732818015893,-485.5732818015893,-485.5732818015893,0.0,0.0,0.0,851.1815380227046
2015-04-29,1508.8902596735086,-2756.0808389910176,2862.972366353017,1508.8902596735086,1508.8902596735086,-1542.960989389716,-1542.960989389716,-1542.960989389716,-1040.392550489259,-1040.392550489259,-1040.392550489259,-502.5684389004567,-502.5684389004567,-502.5684389004567,0.0,0.0,0.0,-34.070729716207325
2015-04-30,1509.0178274741993,-1490.8662844905127,3828.18189491039,1509.0178274741993,1509.0178274741993,-363.86185881326156,-363.86185881326156,-363.86185881326156,156.07468268854277,156.07468268854277,156.07468268854277,-519.9365415018042,-519.9365415018042,-519.9365415018042,0.0,0.0,0.0,1145.1559686609378
2015-05-01,1509.1453952748898,-1397.8039365154898,4127.255174604897,1509.1453952748898,1509.1453952748898,-117.39590546763228,-117.39590546763228,-117.39590546763228,419.7313386415526,419.7313386415526,419.7313386415526,-537.1272441091849,-537.1272441091849,-537.1272441091849,0.0,0.0,0.0,1391.7494898072575
2015-05-02,1509.2729630755803,-1743.8716857022266,3895.791426171947,1509.2729630755803,1509.2729630755803,-532.2045685678725,-532.2045685678725,-532.2045685678725,21.366499826623823,21.366499826623823,21.366499826623823,-553.5710683944963,-553.5710683944963,-553.5710683944963,0.0,0.0,0.0,977.0683945077078
2015-05-03,1509.400530876271,-1504.492869421644,3726.8776173146675,1509.400530876271,1509.400530876271,-365.0846578632649,-365.0846578632649,-365.0846578632649,203.61296027548215,203.61296027548215,203.61296027548215,-568.6976181387471,-568.6976181387471,-568.6976181387471,0.0,0.0,0.0,1144.315873013006
2015-05-04,1509.5280986769617,-1422.5645540740945,4260.34593719043,1509.5280986769617,1509.5280986769617,-170.33861508215602,-170.33861508215602,-170.33861508215602,411.6149411049879,411.6149411049879,411.6149411049879,-581.9535561871439,-581.9535561871439,-581.9535561871439,0.0,0.0,0.0,1339.1894835948056
2015-05-07,1509.9108020790334,-1844.1310444660394,3715.817785860256,1509.9108020790334,1509.9108020790334,-449.4983105251131,-449.4983105251131,-449.4983105251131,156.0746826892115,156.0746826892115,156.0746826892115,-605.5729932143246,-605.5729932143246,-605.5729932143246,0.0,0.0,0.0,1060.4124915539203
2015-05-08,1510.0395066858114,-1511.7345127704912,4070.203717033681,1510.0395066858114,1510.0395066858114,-186.99720634756216,-186.99720634756216,-186.99720634756216,419.73133864160246,419.73133864160246,419.73133864160246,-606.7285449891647,-606.7285449891647,-606.7285449891647,0.0,0.0,0.0,1323.0423003382493
2015-05-09,1510.1682112925891,-1894.4915822633889,3843.8562738691644,1510.1682112925891,1510.1682112925891,-582.6875186977999,-582.6875186977999,-582.6875186977999,21.36649982492096,21.36649982492096,21.36649982492096,-604.0540185227209,-604.0540185227209,-604.0540185227209,0.0,0.0,0.0,927.4806925947893
2015-05-10,1510.2969158993671,-1581.1877666042492,3950.8721757465587,1510.2969158993671,1510.2969158993671,-393.7903533698902,-393.7903533698902,-393.7903533698902,203.6129602761794,203.6129602761794,203.6129602761794,-597.4033136460696,-597.4033136460696,-597.4033136460696,0.0,0.0,0.0,1116.506562529477
2015-05-11,1510.425620506145,-1568.755811323173,4063.592712196368,1510.425620506145,1510.425620506145,-175.11420627372803,-175.11420627372803,-175.11420627372803,411.6149411059251,411.6149411059251,411.6149411059251,-586.7291473796531,-586.7291473796531,-586.7291473796531,0.0,0.0,0.0,1335.3114142324168
2015-05-12,1510.5543251129227,-1902.0500789716243,3571.3661836109127,1510.5543251129227,1510.5543251129227,-744.0926763627382,-744.0926763627382,-744.0926763627382,-172.00787204812661,-172.00787204812661,-172.00787204812661,-572.0848043146115,-572.0848043146115,-572.0848043146115,0.0,0.0,0.0,766.4616487501845
2015-05-13,1510.6830297197007,-2627.0497338807636,2707.813875176017,1510.6830297197007,1510.6830297197007,-1594.0155953620192,-1594.0155953620192,-1594.0155953620192,-1040.3925504895499,-1040.3925504895499,-1040.3925504895499,-553.6230448724692,-553.6230448724692,-553.6230448724692,0.0,0.0,0.0,-83.33256564231851
2015-05-14,1510.8117343264785,-1422.6538554530125,3999.9149558536515,1510.8117343264785,1510.8117343264785,-375.51756784271055,-375.51756784271055,-375.51756784271055,156.07468269046137,156.07468269046137,156.07468269046137,-531.5922505331719,-531.5922505331719,-531.5922505331719,0.0,0.0,0.0,1135.2941664837679
2015-05-15,1510.9404389332565,-1205.1456171627046,4288.557759438108,1510.9404389332565,1510.9404389332565,-86.5986226254404,-86.5986226254404,-86.5986226254404,419.7313386416524,419.7313386416524,419.7313386416524,-506.3299612670928,-506.3299612670928,-506.3299612670928,0.0,0.0,0.0,1424.341816307816
2015-05-16,1511.0691435400342,-1580.1880512292041,3826.3025966230853,1511.0691435400342,1511.0691435400342,-456.8875308254634,-456.8875308254634,-456.8875308254634,21.366499826319956,21.366499826319956,21.366499826319956,-478.25403065178335,-478.25403065178335,-478.25403065178335,0.0,0.0,0.0,1054.1816127145707
2015-05-17,1511.197848146812,-1476.6495849271478,4013.4377568147706,1511.197848146812,1511.197848146812,-244.23872634727098,-244.23872634727098,-244.23872634727098,203.6129602744295,203.6129602744295,203.6129602744295,-447.8516866217005,-447.8516866217005,-447.8516866217005,0.0,0.0,0.0,1266.959121799541
2015-05-18,1511.32655275359,-1306.0399535220763,4304.4237678298305,1511.32655275359,1511.32655275359,-4.051897788960838,-4.051897788960838,-4.051897788960838,411.61494110557203,411.61494110557203,411.61494110557203,-415.6668388945329,-415.6668388945329,-415.6668388945329,0.0,0.0,0.0,1507.2746549646292
2015-05-20,1511.5839619671456,-2619.497008533603,2932.03405254701,1511.5839619671456,1511.5839619671456,-1388.715900069383,-1388.715900069383,-1388.715900069383,-1040.3925504892356,-1040.3925504892356,-1040.3925504892356,-348.32334958014746,-348.32334958014746,-348.32334958014746,0.0,0.0,0.0,122.86806189776257
2015-05-21,1511.7126665739236,-1442.949321038952,4082.2044573377425,1511.7126665739236,1511.7126665739236,-158.33034518552694,-158.33034518552694,-158.33034518552694,156.07468268834316,156.07468268834316,156.07468268834316,-314.4050278738701,-314.4050278738701,-314.4050278738701,0.0,0.0,0.0,1353.3823213883966
2015-05-22,1511.8413711807013,-1020.0468212885714,4410.132740220807,1511.8413711807013,1511.8413711807013,138.5776643010168,138.5776643010168,138.5776643010168,419.73133864120643,419.73133864120643,419.73133864120643,-281.15367434018964,-281.15367434018964,-281.15367434018964,0.0,0.0,0.0,1650.419035481718
2015-05-23,1511.9700757874793,-1635.170732033103,4089.971412281591,1511.9700757874793,1511.9700757874793,-227.80656547849026,-227.80656547849026,-227.80656547849026,21.3664998257668,21.3664998257668,21.3664998257668,-249.17306530425702,-249.17306530425702,-249.17306530425702,0.0,0.0,0.0,1284.163510308989
2015-05-24,1512.0987803942571,-1220.0436677750156,4210.693036535481,1512.0987803942571,1512.0987803942571,-15.420649689634732,-15.420649689634732,-15.420649689634732,203.61296027512682,203.61296027512682,203.61296027512682,-219.03360996476155,-219.03360996476155,-219.03360996476155,0.0,0.0,0.0,1496.6781307046224
2015-05-25,1512.227485001035,-1189.4858736271942,4441.958249626083,1512.227485001035,1512.227485001035,220.35596923769236,220.35596923769236,220.35596923769236,411.6149411060717,411.6149411060717,411.6149411060717,-191.2589718683793,-191.2589718683793,-191.2589718683793,0.0,0.0,0.0,1732.5834542387272
2015-05-26,1512.356189607813,-1738.617723952695,3912.325268870723,1512.356189607813,1512.356189607813,-338.3220467397839,-338.3220467397839,-338.3220467397839,-172.00787204960207,-172.00787204960207,-172.00787204960207,-166.3141746901818,-166.3141746901818,-166.3141746901818,0.0,0.0,0.0,1174.034142868029
2015-05-28,1512.6135988213687,-1198.8336617746804,4348.9174756532775,1512.6135988213687,1512.6135988213687,29.652370400749888,29.652370400749888,29.652370400749888,156.07468268959306,156.07468268959306,156.07468268959306,-126.42231228884316,-126.42231228884316,-126.42231228884316,0.0,0.0,0.0,1542.2659692221187
2015-05-29,1512.7423034281462,-947.8444410249878,4609.400937029394,1512.7423034281462,1512.7423034281462,307.7000480270521,307.7000480270521,307.7000480270521,419.73133864125634,419.73133864125634,419.73133864125634,-112.03129061420428,-112.03129061420428,-112.03129061420428,0.0,0.0,0.0,1820.4423514551984
2015-05-30,1512.8710080349242,-1349.7526671917194,4298.935627867668,1512.8710080349242,1512.8710080349242,-80.20616890462404,-80.20616890462404,-80.20616890462404,21.366499825213747,21.366499825213747,21.366499825213747,-101.57266872983779,-101.57266872983779,-101.57266872983779,0.0,0.0,0.0,1432.6648391303002
2015-05-31,1512.999712641702,-1106.8962070913249,4463.471142452797,1512.999712641702,1512.999712641702,108.50392689842566,108.50392689842566,108.50392689842566,203.61296027582415,203.61296027582415,203.61296027582415,-95.10903337739849,-95.10903337739849,-95.10903337739849,0.0,0.0,0.0,1621.5036395401276
2015-06-01,1513.12841724848,-993.2238394232601,4608.509702624722,1513.12841724848,1513.12841724848,318.99858951484407,318.99858951484407,318.99858951484407,411.6149411053036,411.6149411053036,411.6149411053036,-92.61635159045954,-92.61635159045954,-92.61635159045954,0.0,0.0,0.0,1832.127006763324
2015-06-04,1513.5145310688135,-1124.5062728126024,4379.620066961383,1513.5145310688135,1513.5145310688135,48.56730740314861,48.56730740314861,48.56730740314861,156.07468269026182,156.07468269026182,156.07468269026182,-107.50737528711319,-107.50737528711319,-107.50737528711319,0.0,0.0,0.0,1562.081838471962
2015-06-05,1513.6432356755913,-966.5097063273217,4669.957219830638,1513.6432356755913,1513.6432356755913,300.6490214535792,300.6490214535792,300.6490214535792,419.73133864034577,419.73133864034577,419.73133864034577,-119.0823171867666,-119.0823171867666,-119.0823171867666,0.0,0.0,0.0,1814.2922571291706
2015-06-07,1513.900644889147,-1144.8186491313763,4429.3085158536505,1513.900644889147,1513.900644889147,53.589406747222014,53.589406747222014,53.589406747222014,203.61296027529778,203.61296027529778,203.61296027529778,-150.02355352807575,-150.02355352807575,-150.02355352807575,0.0,0.0,0.0,1567.4900516363691
2015-06-08,1514.0293494959249,-1056.9092061030672,4732.985185020943,1514.0293494959249,1514.0293494959249,243.07492055260838,243.07492055260838,243.07492055260838,411.6149411058033,411.6149411058033,411.6149411058033,-168.54002055319492,-168.54002055319492,-168.54002055319492,0.0,0.0,0.0,1757.1042700485332
2015-06-09,1514.1580541027029,-1490.969372144108,3873.790960271686,1514.1580541027029,1514.1580541027029,-360.49256714220996,-360.49256714220996,-360.49256714220996,-172.00787204920462,-172.00787204920462,-172.00787204920462,-188.4846950930054,-188.4846950930054,-188.4846950930054,0.0,0.0,0.0,1153.665486960493
2015-06-11,1514.4154633162584,-1328.3708596300653,3977.9908019864174,1514.4154633162584,1514.4154633162584,-74.74949054985281,-74.74949054985281,-74.74949054985281,156.07468269093056,156.07468269093056,156.07468269093056,-230.82417324078335,-230.82417324078335,-230.82417324078335,0.0,0.0,0.0,1439.6659727664055
2015-06-12,1514.5441679230364,-883.1317283173358,4398.296882336727,1514.5441679230364,1514.5441679230364,167.40047426742606,167.40047426742606,167.40047426742606,419.73133864182086,419.73133864182086,419.73133864182086,-252.3308643743948,-252.3308643743948,-252.3308643743948,0.0,0.0,0.0,1681.9446421904624
2015-06-13,1514.6728725298142,-1640.3989981409334,4117.795244570507,1514.6728725298142,1514.6728725298142,-252.14415450442291,-252.14415450442291,-252.14415450442291,21.366499825712353,21.366499825712353,21.366499825712353,-273.51065433013525,-273.51065433013525,-273.51065433013525,0.0,0.0,0.0,1262.5287180253913
2015-06-14,1514.8015771365922,-1093.6361794149748,4313.726641625601,1514.8015771365922,1514.8015771365922,-90.38120384543835,-90.38120384543835,-90.38120384543835,203.6129602748839,203.6129602748839,203.6129602748839,-293.99416412032224,-293.99416412032224,-293.99416412032224,0.0,0.0,0.0,1424.4203732911537
2015-06-15,1514.9302817433697,-1338.6211372635169,4293.213245551817,1514.9302817433697,1514.9302817433697,98.15834639773956,98.15834639773956,98.15834639773956,411.6149411054503,411.6149411054503,411.6149411054503,-313.4565947077108,-313.4565947077108,-313.4565947077108,0.0,0.0,0.0,1613.0886281411092
2015-06-16,1515.0589863501477,-1650.8908157754754,3746.5490744647473,1515.0589863501477,1515.0589863501477,-503.6313945863897,-503.6313945863897,-503.6313945863897,-172.00787205036735,-172.00787205036735,-172.00787205036735,-331.62352253602234,-331.62352253602234,-331.62352253602234,0.0,0.0,0.0,1011.4275917637581
2015-06-18,1515.3163955637035,-1447.4759724316527,3975.402025908414,1515.3163955637035,1515.3163955637035,-207.17315008360472,-207.17315008360472,-207.17315008360472,156.07468268939348,156.07468268939348,156.07468268939348,-363.2478327729982,-363.2478327729982,-363.2478327729982,0.0,0.0,0.0,1308.1432454800988
2015-06-19,1515.4451001704815,-1205.704343150038,4373.519120576554,1515.4451001704815,1515.4451001704815,43.295077240805725,43.295077240805725,43.295077240805725,419.73133864091034,419.73133864091034,419.73133864091034,-376.4362614001046,-376.4362614001046,-376.4362614001046,0.0,0.0,0.0,1558.7401774112873
2015-06-20,1515.573804777259,-1535.6284181515196,3667.3100384556237,1515.573804777259,1515.573804777259,-366.4242246608968,-366.4242246608968,-366.4242246608968,21.366499825159238,21.366499825159238,21.366499825159238,-387.7907244860561,-387.7907244860561,-387.7907244860561,0.0,0.0,0.0,1149.1495801163624
2015-06-21,1515.702509384037,-1408.8401533920105,4272.343397053032,1515.702509384037,1515.702509384037,-193.70222356059784,-193.70222356059784,-193.70222356059784,203.61296027447003,203.61296027447003,203.61296027447003,-397.3151838350679,-397.3151838350679,-397.3151838350679,0.0,0.0,0.0,1322.0002858234393
2015-06-22,1515.8312139908148,-1118.2713771189938,4264.5064292999705,1515.8312139908148,1515.8312139908148,6.552006777680073,6.552006777680073,6.552006777680073,411.6149411050972,411.6149411050972,411.6149411050972,-405.06293432741717,-405.06293432741717,-405.06293432741717,0.0,0.0,0.0,1522.383220768495
2015-06-23,1515.9599185975926,-1845.1729486518243,3542.1713995756622,1515.9599185975926,1515.9599185975926,-583.1390341516702,-583.1390341516702,-583.1390341516702,-172.00787204838215,-172.00787204838215,-172.00787204838215,-411.1311621032881,-411.1311621032881,-411.1311621032881,0.0,0.0,0.0,932.8208844459224
2015-06-25,1516.2922478811456,-1616.3022393533352,4022.34197071251,1516.2922478811456,1516.2922478811456,-262.72287136039773,-262.72287136039773,-262.72287136039773,156.07468269064336,156.07468269064336,156.07468269064336,-418.7975540510411,-418.7975540510411,-418.7975540510411,0.0,0.0,0.0,1253.569376520748
2015-06-26,1516.4584125229221,-1275.154720894254,4120.414497091367,1516.4584125229221,1516.4584125229221,-1.0161409539166448,-1.0161409539166448,-1.0161409539166448,419.7313386409602,419.7313386409602,419.7313386409602,-420.74747959487684,-420.74747959487684,-420.74747959487684,0.0,0.0,0.0,1515.4422715690055
2015-06-28,1516.7907418064751,-1556.7459047778052,3975.5323408696113,1516.7907418064751,1516.7907418064751,-218.2661613669574,-218.2661613669574,-218.2661613669574,203.61296027394374,203.61296027394374,203.61296027394374,-421.8791216409012,-421.8791216409012,-421.8791216409012,0.0,0.0,0.0,1298.5245804395176
2015-06-29,1516.9569064482516,-1315.3184474115465,3860.0671118747987,1516.9569064482516,1516.9569064482516,-9.859178764666346,-9.859178764666346,-9.859178764666346,411.61494110518186,411.61494110518186,411.61494110518186,-421.4741198698482,-421.4741198698482,-421.4741198698482,0.0,0.0,0.0,1507.0977276835854
2015-07-02,1517.4554003735811,-1450.3961068312556,3949.0309535669294,1517.4554003735811,1517.4554003735811,-262.5990172217347,-262.5990172217347,-262.5990172217347,156.07468269189323,156.07468269189323,156.07468269189323,-418.67369991362796,-418.67369991362796,-418.67369991362796,0.0,0.0,0.0,1254.8563831518463
2015-07-03,1517.6215650153576,-1339.338022934543,4397.685675719687,1517.6215650153576,1517.6215650153576,1.989613775371556,1.989613775371556,1.989613775371556,419.73133864101004,419.73133864101004,419.73133864101004,-417.7417248656385,-417.7417248656385,-417.7417248656385,0.0,0.0,0.0,1519.6111787907291
2015-07-04,1517.7877296571342,-1460.6088288997032,3957.6121830901648,1517.7877296571342,1517.7877296571342,-395.6437659559237,-395.6437659559237,-395.6437659559237,21.36649982485543,21.36649982485543,21.36649982485543,-417.0102657807791,-417.0102657807791,-417.0102657807791,0.0,0.0,0.0,1122.1439637012104
2015-07-05,1517.9538942989107,-1505.308943051665,4157.605396872408,1517.9538942989107,1517.9538942989107,-212.94092094846107,-212.94092094846107,-212.94092094846107,203.61296027464107,203.61296027464107,203.61296027464107,-416.5538812231021,-416.5538812231021,-416.5538812231021,0.0,0.0,0.0,1305.0129733504496
2015-07-06,1518.1200589406872,-1129.5550644134123,4432.408007996813,1518.1200589406872,1518.1200589406872,-4.800234489422406,-4.800234489422406,-4.800234489422406,411.61494110568145,411.61494110568145,411.61494110568145,-416.41517559510385,-416.41517559510385,-416.41517559510385,0.0,0.0,0.0,1513.3198244512648
2015-07-08,1518.4523882242402,-2712.696285589547,2668.1777880501527,1518.4523882242402,1518.4523882242402,-1457.4978463455634,-1457.4978463455634,-1457.4978463455634,-1040.3925504895333,-1040.3925504895333,-1040.3925504895333,-417.1052958560302,-417.1052958560302,-417.1052958560302,0.0,0.0,0.0,60.954541878676764
2015-07-09,1518.6185528660167,-1558.4044249836677,3848.920795455559,1518.6185528660167,1518.6185528660167,-261.79476540872275,-261.79476540872275,-261.79476540872275,156.07468269035618,156.07468269035618,156.07468269035618,-417.8694480990789,-417.8694480990789,-417.8694480990789,0.0,0.0,0.0,1256.823787457294
2015-07-10,1518.7847175077932,-1201.7139218423854,4157.029355160799,1518.7847175077932,1518.7847175077932,0.9029401887912454,0.9029401887912454,0.9029401887912454,419.7313386415246,419.7313386415246,419.7313386415246,-418.8283984527334,-418.8283984527334,-418.8283984527334,0.0,0.0,0.0,1519.6876576965844
2015-07-11,1518.9508821495697,-1670.9055854923972,3820.7306629422696,1518.9508821495697,1518.9508821495697,-398.5274642864586,-398.5274642864586,-398.5274642864586,21.366499825452024,21.366499825452024,21.366499825452024,-419.89396411191063,-419.89396411191063,-419.89396411191063,0.0,0.0,0.0,1120.4234178631111
2015-07-12,1519.1170467913462,-1666.540296016405,4131.04383271956,1519.1170467913462,1519.1170467913462,-217.35124170834573,-217.35124170834573,-217.35124170834573,203.61296027533837,203.61296027533837,203.61296027533837,-420.9642019836841,-420.9642019836841,-420.9642019836841,0.0,0.0,0.0,1301.7658050830005
2015-07-13,1519.2832114331227,-1143.3119826163893,4295.7400921665385,1519.2832114331227,1519.2832114331227,-10.313989784787223,-10.313989784787223,-10.313989784787223,411.614941106181,411.614941106181,411.614941106181,-421.9289308909682,-421.9289308909682,-421.9289308909682,0.0,0.0,0.0,1508.9692216483354
2015-07-14,1519.4493760748992,-1779.9886403776914,3772.4039434411607,1519.4493760748992,1519.4493760748992,-594.6833025258314,-594.6833025258314,-594.6833025258314,-172.00787204642455,-172.00787204642455,-172.00787204642455,-422.6754304794069,-422.6754304794069,-422.6754304794069,0.0,0.0,0.0,924.7660735490678
2015-07-16,1519.7817053584522,-1492.4337803541048,3799.0726948414153,1519.7817053584522,1519.7817053584522,-267.00912313049685,-267.00912313049685,-267.00912313049685,156.07468269102492,156.07468269102492,156.07468269102492,-423.08380582152176,-423.08380582152176,-423.08380582152176,0.0,0.0,0.0,1252.7725822279554
2015-07-17,1519.9478700002287,-1145.1326479883085,4421.640427263252,1519.9478700002287,1519.9478700002287,-2.825524520410873,-2.825524520410873,-2.825524520410873,419.73133864203936,419.73133864203936,419.73133864203936,-422.5568631624502,-422.5568631624502,-422.5568631624502,0.0,0.0,0.0,1517.1223454798178
2015-07-18,1520.1140346420052,-1551.7770853934699,3823.197444741467,1520.1140346420052,1520.1140346420052,-400.0767060153052,-400.0767060153052,-400.0767060153052,21.36649982489885,21.36649982489885,21.36649982489885,-421.44320584020403,-421.44320584020403,-421.44320584020403,0.0,0.0,0.0,1120.0373286267
2015-07-19,1520.2801992837817,-1460.2349156361897,4157.226499319369,1520.2801992837817,1520.2801992837817,-216.08087488976557,-216.08087488976557,-216.08087488976557,203.61296027492452,203.61296027492452,203.61296027492452,-419.6938351646901,-419.6938351646901,-419.6938351646901,0.0,0.0,0.0,1304.1993243940162
2015-07-20,1520.4463639255582,-1056.0635879712636,4205.622370557074,1520.4463639255582,1520.4463639255582,-5.668317908636615,-5.668317908636615,-5.668317908636615,411.61494110626563,411.61494110626563,411.61494110626563,-417.2832590149022,-417.2832590149022,-417.2832590149022,0.0,0.0,0.0,1514.7780460169215
2015-07-23,1520.9448578508877,-1568.2842423669936,3968.9007010873083,1520.9448578508877,1520.9448578508877,-250.12833739479817,-250.12833739479817,-250.12833739479817,156.07468269169368,156.07468269169368,156.07468269169368,-406.20302008649185,-406.20302008649185,-406.20302008649185,0.0,0.0,0.0,1270.8165204560896
2015-07-24,1521.1110224926642,-1280.3953287017255,4480.808132860073,1521.1110224926642,1521.1110224926642,18.344058343560338,18.344058343560338,18.344058343560338,419.7313386420892,419.7313386420892,419.7313386420892,-401.3872802985289,-401.3872802985289,-401.3872802985289,0.0,0.0,0.0,1539.4550808362246
2015-07-25,1521.2771871344407,-1860.956216462897,3841.672226461019,1521.2771871344407,1521.2771871344407,-374.77752275703165,-374.77752275703165,-374.77752275703165,21.36649982629793,21.36649982629793,21.36649982629793,-396.14402258332956,-396.14402258332956,-396.14402258332956,0.0,0.0,0.0,1146.499664377409
2015-07-26,1521.4433517762172,-1489.047621150276,4015.6243915761543,1521.4433517762172,1521.4433517762172,-186.96530299973642,-186.96530299973642,-186.96530299973642,203.61296027550932,203.61296027550932,203.61296027550932,-390.5782632752458,-390.5782632752458,-390.5782632752458,0.0,0.0,0.0,1334.4780487764808
2015-07-27,1521.6095164179937,-1272.9423271336168,4335.315710327679,1521.6095164179937,1521.6095164179937,26.809896776340427,26.809896776340427,26.809896776340427,411.6149411046452,411.6149411046452,411.6149411046452,-384.80504432830475,-384.80504432830475,-384.80504432830475,0.0,0.0,0.0,1548.419413194334
2015-07-30,1522.1080103433233,-1512.1865299285805,4057.4701286863165,1522.1080103433233,1522.1080103433233,-211.34492917775302,-211.34492917775302,-211.34492917775302,156.07468269294355,156.07468269294355,156.07468269294355,-367.41961187069654,-367.41961187069654,-367.41961187069654,0.0,0.0,0.0,1310.7630811655702
2015-07-31,1522.2741749850998,-1401.0491938112903,4190.632782472262,1522.2741749850998,1522.2741749850998,57.77045893305772,57.77045893305772,57.77045893305772,419.7313386416431,419.7313386416431,419.7313386416431,-361.9608797085854,-361.9608797085854,-361.9608797085854,0.0,0.0,0.0,1580.0446339181574
2015-08-01,1522.4403396268763,-1512.6122753800757,3985.1497733481383,1522.4403396268763,1522.4403396268763,-335.44312255909205,-335.44312255909205,-335.44312255909205,21.366499825744814,21.366499825744814,21.366499825744814,-356.80962238483687,-356.80962238483687,-356.80962238483687,0.0,0.0,0.0,1186.9972170677843
2015-08-02,1522.6065042686528,-1410.4184995267258,4157.679818278485,1522.6065042686528,1522.6065042686528,-148.39948424487713,-148.39948424487713,-148.39948424487713,203.61296027509547,203.61296027509547,203.61296027509547,-352.0124445199726,-352.0124445199726,-352.0124445199726,0.0,0.0,0.0,1374.2070200237756
2015-08-05,1523.1049981939823,-2652.6115005197257,2841.518790393072,1523.1049981939823,1523.1049981939823,-1380.0912388803654,-1380.0912388803654,-1380.0912388803654,-1040.3925504898548,-1040.3925504898548,-1040.3925504898548,-339.6986883905106,-339.6986883905106,-339.6986883905106,0.0,0.0,0.0,143.0137593136169
2015-08-06,1523.2711628357588,-1536.48839913222,3928.684544427851,1523.2711628357588,1523.2711628357588,-179.99840687209192,-179.99840687209192,-179.99840687209192,156.07468269082534,156.07468269082534,156.07468269082534,-336.07308956291723,-336.07308956291723,-336.07308956291723,0.0,0.0,0.0,1343.272755963667
2015-08-07,1523.4373274775353,-936.1035944076302,4309.346798178865,1523.4373274775353,1523.4373274775353,87.25849224939425,87.25849224939425,87.25849224939425,419.7313386426537,419.7313386426537,419.7313386426537,-332.4728463932595,-332.4728463932595,-332.4728463932595,0.0,0.0,0.0,1610.6958197269296
2015-08-08,1523.6034921193118,-1522.7465387536536,3939.6765343146126,1523.6034921193118,1523.6034921193118,-307.3371865202687,-307.3371865202687,-307.3371865202687,21.366499825191635,21.366499825191635,21.366499825191635,-328.7036863454603,-328.7036863454603,-328.7036863454603,0.0,0.0,0.0,1216.266305599043
2015-08-09,1523.7696567610883,-1449.172183746921,4146.310489617457,1523.7696567610883,1523.7696567610883,-120.91618284569662,-120.91618284569662,-120.91618284569662,203.61296027579274,203.61296027579274,203.61296027579274,-324.52914312148937,-324.52914312148937,-324.52914312148937,0.0,0.0,0.0,1402.8534739153918
2015-08-10,1523.9358214028648,-1155.1317935135437,4227.786854274938,1523.9358214028648,1523.9358214028648,91.94129001183035,91.94129001183035,91.94129001183035,411.61494110608186,411.61494110608186,411.61494110608186,-319.6736510942515,-319.6736510942515,-319.6736510942515,0.0,0.0,0.0,1615.8771114146953
2015-08-11,1524.1019860446413,-1651.0524032545745,3731.8775726305093,1524.1019860446413,1524.1019860446413,-485.83491293644886,-485.83491293644886,-485.83491293644886,-172.0078720475025,-172.0078720475025,-172.0078720475025,-313.8270408889464,-313.8270408889464,-313.8270408889464,0.0,0.0,0.0,1038.2670731081926
2015-08-13,1524.4343153281943,-1230.7291970942263,3972.07103230282,1524.4343153281943,1524.4343153281943,-141.7082465122571,-141.7082465122571,-141.7082465122571,156.0746826898694,156.0746826898694,156.0746826898694,-297.78292920212647,-297.78292920212647,-297.78292920212647,0.0,0.0,0.0,1382.7260688159372
2015-08-15,1524.7666446117476,-1417.9180004633176,4096.624616363664,1524.7666446117476,1524.7666446117476,-252.10735786253753,-252.10735786253753,-252.10735786253753,21.36649982463851,21.36649982463851,21.36649982463851,-273.473857687176,-273.473857687176,-273.473857687176,0.0,0.0,0.0,1272.65928674921
2015-08-16,1525.0508646581268,-1136.1070599651223,3926.9314107515283,1525.0508646581268,1525.0508646581268,-53.66635086620295,-53.66635086620295,-53.66635086620295,203.61296027415528,203.61296027415528,203.61296027415528,-257.27931114035823,-257.27931114035823,-257.27931114035823,0.0,0.0,0.0,1471.3845137919238
2015-08-17,1525.335084704506,-1230.1869521248661,4212.1727321702065,1525.335084704506,1525.335084704506,173.70698124591308,173.70698124591308,173.70698124591308,411.6149411057289,411.6149411057289,411.6149411057289,-237.90795985981583,-237.90795985981583,-237.90795985981583,0.0,0.0,0.0,1699.042065950419
2015-08-21,1526.4719648900227,-927.3869765264576,4562.661676821499,1526.4719648900227,1526.4719648900227,297.15106678752295,297.15106678752295,297.15106678752295,419.73133864129704,419.73133864129704,419.73133864129704,-122.58027185377414,-122.58027185377414,-122.58027185377414,0.0,0.0,0.0,1823.6230316775457
2015-08-22,1526.756184936402,-1376.4182709805903,4347.553271737653,1526.756184936402,1526.756184936402,-61.81529851898084,-61.81529851898084,-61.81529851898084,21.366499826037575,21.366499826037575,21.366499826037575,-83.18179834501842,-83.18179834501842,-83.18179834501842,0.0,0.0,0.0,1464.940886417421
2015-08-23,1527.0404049827812,-886.991177845555,4318.123023383745,1527.0404049827812,1527.0404049827812,164.28428310688918,164.28428310688918,164.28428310688918,203.61296027485255,203.61296027485255,203.61296027485255,-39.32867716796335,-39.32867716796335,-39.32867716796335,0.0,0.0,0.0,1691.3246880896704
2015-08-24,1527.3246250291604,-849.7852578624652,4619.940446482339,1527.3246250291604,1527.3246250291604,420.5803567976363,420.5803567976363,420.5803567976363,411.61494110622846,411.61494110622846,411.61494110622846,8.965415691407804,8.965415691407804,8.965415691407804,0.0,0.0,0.0,1947.9049818267968
2015-08-25,1527.6088450755394,-1323.3365844464013,4096.384685238702,1527.6088450755394,1527.6088450755394,-110.40266530623222,-110.40266530623222,-110.40266530623222,-172.00787204897802,-172.00787204897802,-172.00787204897802,61.60520674274577,61.60520674274577,61.60520674274577,0.0,0.0,0.0,1417.2061797693073
2015-08-27,1528.177285168298,-797.6171103241417,4561.692920726369,1528.177285168298,1528.177285168298,335.1905405735277,335.1905405735277,335.1905405735277,156.07468268900107,156.07468268900107,156.07468268900107,179.11585788452658,179.11585788452658,179.11585788452658,0.0,0.0,0.0,1863.3678257418258
2015-08-28,1528.4615052146771,-327.77217699098657,5105.091752071189,1528.4615052146771,1528.4615052146771,663.1001150372548,663.1001150372548,663.1001150372548,419.731338641347,419.731338641347,419.731338641347,243.36877639590773,243.36877639590773,243.36877639590773,0.0,0.0,0.0,2191.561620251932
2015-08-29,1528.7457252610564,-743.4778853373613,4764.1650033301885,1528.7457252610564,1528.7457252610564,332.1005129333676,332.1005129333676,332.1005129333676,21.3664998243347,21.3664998243347,21.3664998243347,310.7340131090329,310.7340131090329,310.7340131090329,0.0,0.0,0.0,1860.846238194424
2015-08-31,1529.3141653538148,96.63014293194999,5160.477461841118,1529.3141653538148,1529.3141653538148,864.2817545338929,864.2817545338929,864.2817545338929,411.614941105023,411.614941105023,411.614941105023,452.6668134288699,452.6668134288699,452.6668134288699,0.0,0.0,0.0,2393.5959198877076
2015-09-01,1529.598385400194,-971.3942609495189,4537.29460259119,1529.598385400194,1529.598385400194,353.981362143507,353.981362143507,353.981362143507,-172.00787204784285,-172.00787204784285,-172.00787204784285,525.9892341913499,525.9892341913499,525.9892341913499,0.0,0.0,0.0,1883.5797475437012
2015-09-03,1530.1668254929525,-343.2541916260117,5227.982553958499,1530.1668254929525,1530.1668254929525,829.8611226105601,829.8611226105601,829.8611226105601,156.07468268966983,156.07468268966983,156.07468268966983,673.7864399208903,673.7864399208903,673.7864399208903,0.0,0.0,0.0,2360.0279481035127
2015-09-04,1530.4510455393317,-140.1268106498415,5552.5656893253545,1530.4510455393317,1530.4510455393317,1166.432192161427,1166.432192161427,1166.432192161427,419.7313386404364,419.7313386404364,419.7313386404364,746.7008535209907,746.7008535209907,746.7008535209907,0.0,0.0,0.0,2696.883237700759
2015-09-05,1530.7352655857107,-464.29888951087605,5235.843269122672,1530.7352655857107,1530.7352655857107,839.2364542548805,839.2364542548805,839.2364542548805,21.366499824931285,21.366499824931285,21.366499824931285,817.8699544299493,817.8699544299493,817.8699544299493,0.0,0.0,0.0,2369.9717198405915
2015-09-06,1531.0194856320902,-162.2637848049213,5303.0351271253685,1531.0194856320902,1531.0194856320902,1090.072040632665,1090.072040632665,1090.072040632665,203.6129602749111,203.6129602749111,203.6129602749111,886.4590803577538,886.4590803577538,886.4590803577538,0.0,0.0,0.0,2621.091526264755
2015-09-07,1531.3037056784692,177.51185262858735,5572.618892580312,1531.3037056784692,1531.3037056784692,1363.2501542925922,1363.2501542925922,1363.2501542925922,411.61494110596004,411.61494110596004,411.61494110596004,951.6352131866322,951.6352131866322,951.6352131866322,0.0,0.0,0.0,2894.5538599710617
2015-09-08,1531.5879257248484,-398.74421121741705,5015.129615625498,1531.5879257248484,1531.5879257248484,840.5725862371587,840.5725862371587,840.5725862371587,-172.0078720485806,-172.0078720485806,-172.0078720485806,1012.5804582857394,1012.5804582857394,1012.5804582857394,0.0,0.0,0.0,2372.160511962007
2015-09-10,1532.156365817607,-89.15296596339137,5526.412700347145,1532.156365817607,1532.156365817607,1274.7371605427613,1274.7371605427613,1274.7371605427613,156.07468269033856,156.07468269033856,156.07468269033856,1118.6624778524229,1118.6624778524229,1118.6624778524229,0.0,0.0,0.0,2806.893526360368
2015-09-11,1532.4405858639861,397.57741765921304,5697.135695243364,1532.4405858639861,1532.4405858639861,1582.089298525136,1582.089298525136,1582.089298525136,419.7313386414469,419.7313386414469,419.7313386414469,1162.357959883689,1162.357959883689,1162.357959883689,0.0,0.0,0.0,3114.5298843891223
2015-09-12,1532.7248059103651,-52.94696126189827,5241.635718281984,1532.7248059103651,1532.7248059103651,1220.330761048594,1220.330761048594,1220.330761048594,21.366499826330354,21.366499826330354,21.366499826330354,1198.9642612222635,1198.9642612222635,1198.9642612222635,0.0,0.0,0.0,2753.0555669589594
2015-09-13,1533.0090259567446,229.11530775369107,5684.317128503718,1533.0090259567446,1533.0090259567446,1431.543390017383,1431.543390017383,1431.543390017383,203.61296027449728,203.61296027449728,203.61296027449728,1227.9304297428857,1227.9304297428857,1227.9304297428857,0.0,0.0,0.0,2964.5524159741276
2015-09-14,1533.2932460031238,339.73246974247417,5922.22802758013,1533.2932460031238,1533.2932460031238,1660.4067415495226,1660.4067415495226,1660.4067415495226,411.6149411056071,411.6149411056071,411.6149411056071,1248.7918004439157,1248.7918004439157,1248.7918004439157,0.0,0.0,0.0,3193.6999875526462
2015-09-15,1533.5774660495028,5.121093148359486,5310.759654909969,1533.5774660495028,1533.5774660495028,1089.1703960443404,1089.1703960443404,1089.1703960443404,-172.00787204974336,-172.00787204974336,-172.00787204974336,1261.178268094084,1261.178268094084,1261.178268094084,0.0,0.0,0.0,2622.747862093843
2015-09-16,1533.861686095882,-952.2637512248332,4490.44682852445,1533.861686095882,1533.861686095882,224.42855659414292,224.42855659414292,224.42855659414292,-1040.3925504897206,-1040.3925504897206,-1040.3925504897206,1264.8211070838636,1264.8211070838636,1264.8211070838636,0.0,0.0,0.0,1758.290242690025
2015-09-17,1534.1459061422613,151.6260039617654,5904.241785376262,1534.1459061422613,1534.1459061422613,1415.6329236256076,1415.6329236256076,1415.6329236256076,156.0746826888015,156.0746826888015,156.0746826888015,1259.558240936806,1259.558240936806,1259.558240936806,0.0,0.0,0.0,2949.778829767869
2015-09-18,1534.4301261886408,617.079812132738,5903.462540759981,1534.4301261886408,1534.4301261886408,1665.0692331316598,1665.0692331316598,1665.0692331316598,419.73133864100083,419.73133864100083,419.73133864100083,1245.337894490659,1245.337894490659,1245.337894490659,0.0,0.0,0.0,3199.4993593203008
2015-09-19,1534.7143462350198,29.89952186484961,5612.469326900764,1534.7143462350198,1534.7143462350198,1243.587092042299,1243.587092042299,1243.587092042299,21.3664998257772,21.3664998257772,21.3664998257772,1222.2205922165217,1222.2205922165217,1222.2205922165217,0.0,0.0,0.0,2778.301438277319
2015-09-20,1534.998566281399,223.7490418095172,5645.578434963863,1534.998566281399,1534.998566281399,1393.9924560737034,1393.9924560737034,1393.9924560737034,203.6129602751945,203.6129602751945,203.6129602751945,1190.3794957985087,1190.3794957985087,1190.3794957985087,0.0,0.0,0.0,2928.9910223551024
2015-09-21,1535.2827863277782,313.70347337693585,5856.628572098894,1535.2827863277782,1535.2827863277782,1561.7140434126272,1561.7140434126272,1561.7140434126272,411.6149411052542,411.6149411052542,411.6149411052542,1150.099102307373,1150.099102307373,1150.099102307373,0.0,0.0,0.0,3096.9968297404057
2015-09-22,1535.5670063741572,-100.31292213754764,5327.949399871695,1535.5670063741572,1535.5670063741572,929.7644784669867,929.7644784669867,929.7644784669867,-172.007872050056,-172.007872050056,-172.007872050056,1101.7723505170427,1101.7723505170427,1101.7723505170427,0.0,0.0,0.0,2465.3314848411437
2015-09-24,1536.1354464669157,-139.17325698033048,5495.824743468085,1536.1354464669157,1536.1354464669157,1139.1405046357836,1139.1405046357836,1139.1405046357836,156.07468269005136,156.07468269005136,156.07468269005136,983.0658219457322,983.0658219457322,983.0658219457322,0.0,0.0,0.0,2675.2759511026993
2015-09-25,1536.4196665132952,181.2144260755666,5477.471156083835,1536.4196665132952,1536.4196665132952,1333.6987104583206,1333.6987104583206,1333.6987104583206,419.73133864105074,419.73133864105074,419.73133864105074,913.9673718172698,913.9673718172698,913.9673718172698,0.0,0.0,0.0,2870.118376971616
2015-09-26,1536.7038865596742,-113.74547798914686,5074.6813474785995,1536.7038865596742,1536.7038865596742,860.7362019982196,860.7362019982196,860.7362019982196,21.366499826026544,21.366499826026544,21.366499826026544,839.3697021721931,839.3697021721931,839.3697021721931,0.0,0.0,0.0,2397.440088557894
2015-09-27,1536.9881066060534,-113.32186450234143,5273.657529011999,1536.9881066060534,1536.9881066060534,963.7278789497459,963.7278789497459,963.7278789497459,203.61296027478062,203.61296027478062,203.61296027478062,760.1149186749653,760.1149186749653,760.1149186749653,0.0,0.0,0.0,2500.7159855557993
2015-09-28,1537.2723266524326,75.20429758605441,5360.348328541089,1537.2723266524326,1537.2723266524326,1088.7230053515555,1088.7230053515555,1088.7230053515555,411.61494110533874,411.61494110533874,411.61494110533874,677.1080642462168,677.1080642462168,677.1080642462168,0.0,0.0,0.0,2625.995332003988
2015-10-01,1538.1249867915703,-716.0224986031579,4952.535106560374,1538.1249867915703,1538.1249867915703,571.4073777053419,571.4073777053419,571.4073777053419,156.07468269072012,156.07468269072012,156.07468269072012,415.3326950146218,415.3326950146218,415.3326950146218,0.0,0.0,0.0,2109.532364496912
2015-10-02,1538.4092068379496,-343.2120689777867,4905.377405799292,1538.4092068379496,1538.4092068379496,746.9584299394262,746.9584299394262,746.9584299394262,419.7313386411007,419.7313386411007,419.7313386411007,327.22709129832555,327.22709129832555,327.22709129832555,0.0,0.0,0.0,2285.367636777376
2015-10-03,1538.6934268843286,-1004.8616704556875,4607.7053920889675,1538.6934268843286,1538.6934268843286,261.79917451601915,261.79917451601915,261.79917451601915,21.366499825126166,21.366499825126166,21.366499825126166,240.43267469089295,240.43267469089295,240.43267469089295,0.0,0.0,0.0,1800.4926014003477
2015-10-04,1538.9776469307078,-772.1008887981454,4569.668152143465,1538.9776469307078,1538.9776469307078,359.5963526030124,359.5963526030124,359.5963526030124,203.61296027536548,203.61296027536548,203.61296027536548,155.98339232764695,155.98339232764695,155.98339232764695,0.0,0.0,0.0,1898.5739995337203
2015-10-05,1539.4421414897063,-745.0251810280581,4795.166648344351,1539.4421414897063,1539.4421414897063,486.5059997900068,486.5059997900068,486.5059997900068,411.6149411058382,411.6149411058382,411.6149411058382,74.89105868416867,74.89105868416867,74.89105868416867,0.0,0.0,0.0,2025.9481412797131
2015-10-08,1540.8356251667012,-1074.8678178087894,4197.693743315897,1540.8356251667012,1540.8356251667012,17.362843208852873,17.362843208852873,17.362843208852873,156.07468269197,156.07468269197,156.07468269197,-138.7118394831171,-138.7118394831171,-138.7118394831171,0.0,0.0,0.0,1558.198468375554
2015-10-09,1541.3001197256997,-1161.7733345845895,4720.750683999215,1541.3001197256997,1541.3001197256997,222.6118281529336,222.6118281529336,222.6118281529336,419.7313386416152,419.7313386416152,419.7313386416152,-197.11951048868164,-197.11951048868164,-197.11951048868164,0.0,0.0,0.0,1763.9119478786333
2015-10-10,1541.764614284698,-1449.274086789547,4176.015049977993,1541.764614284698,1541.764614284698,-226.48814881170455,-226.48814881170455,-226.48814881170455,21.366499825722777,21.366499825722777,21.366499825722777,-247.85464863742735,-247.85464863742735,-247.85464863742735,0.0,0.0,0.0,1315.2764654729933
2015-10-11,1542.2291088436962,-1234.9225316633517,4137.841461569816,1542.2291088436962,1542.2291088436962,-86.66409403899736,-86.66409403899736,-86.66409403899736,203.61296027495163,203.61296027495163,203.61296027495163,-290.277054313949,-290.277054313949,-290.277054313949,0.0,0.0,0.0,1455.5650148046989
2015-10-12,1542.6936034026946,-925.9048492178445,4419.044223210206,1542.6936034026946,1542.6936034026946,87.7729825688283,87.7729825688283,87.7729825688283,411.6149411054853,411.6149411054853,411.6149411054853,-323.84195853665705,-323.84195853665705,-323.84195853665705,0.0,0.0,0.0,1630.4665859715228
2015-10-13,1543.1580979616929,-1728.7891327803632,3791.5196548937424,1543.1580979616929,1543.1580979616929,-520.1150363121055,-520.1150363121055,-520.1150363121055,-172.0078720480984,-172.0078720480984,-172.0078720480984,-348.10716426400717,-348.10716426400717,-348.10716426400717,0.0,0.0,0.0,1023.0430616495873
2015-10-15,1544.0870870796896,-1255.7222221026216,4205.839031726909,1544.0870870796896,1544.0870870796896,-211.44277840792859,-211.44277840792859,-211.44277840792859,156.07468268985178,156.07468268985178,156.07468268985178,-367.5174610977804,-367.5174610977804,-367.5174610977804,0.0,0.0,0.0,1332.6443086717609
2015-10-16,1544.5515816386878,-1061.610847524022,4347.878960886803,1544.5515816386878,1544.5515816386878,57.39225327509772,57.39225327509772,57.39225327509772,419.7313386407047,419.7313386407047,419.7313386407047,-362.33908536560693,-362.33908536560693,-362.33908536560693,0.0,0.0,0.0,1601.9438349137856
2015-10-17,1545.0160761976863,-1662.835424882772,4000.5170905821246,1545.0160761976863,1545.0160761976863,-325.8532867708228,-325.8532867708228,-325.8532867708228,21.366499825169633,21.366499825169633,21.366499825169633,-347.2197865959924,-347.2197865959924,-347.2197865959924,0.0,0.0,0.0,1219.1627894268636
2015-10-18,1545.4805707566845,-1327.7941736570458,4087.241771190522,1545.4805707566845,1545.4805707566845,-118.6823303841901,-118.6823303841901,-118.6823303841901,203.61296027453778,203.61296027453778,203.61296027453778,-322.2952906587279,-322.2952906587279,-322.2952906587279,0.0,0.0,0.0,1426.7982403724945
2015-10-19,1545.945065315683,-1007.7940083056963,4545.3289706508285,1545.945065315683,1545.945065315683,123.79444241765262,123.79444241765262,123.79444241765262,411.6149411059848,411.6149411059848,411.6149411059848,-287.82049868833224,-287.82049868833224,-287.82049868833224,0.0,0.0,0.0,1669.7395077333356
2015-10-20,1546.4095598746812,-1578.8959009053813,3895.071089070955,1546.4095598746812,1546.4095598746812,-416.1751508308988,-416.1751508308988,-416.1751508308988,-172.00787204653818,-172.00787204653818,-172.00787204653818,-244.1672787843607,-244.1672787843607,-244.1672787843607,0.0,0.0,0.0,1130.2344090437823
2015-10-22,1547.338548992678,-1232.0103557417954,4112.885380413216,1547.338548992678,1547.338548992678,24.700803055240872,24.700803055240872,24.700803055240872,156.07468269110166,156.07468269110166,156.07468269110166,-131.3738796358608,-131.3738796358608,-131.3738796358608,0.0,0.0,0.0,1572.0393520479188
2015-10-23,1547.8030435516764,-838.2886262693991,4743.659978898638,1547.8030435516764,1547.8030435516764,356.21042862318933,356.21042862318933,356.21042862318933,419.7313386421797,419.7313386421797,419.7313386421797,-63.520910018990385,-63.520910018990385,-63.520910018990385,0.0,0.0,0.0,1904.0134721748657
2015-10-24,1548.2675381106749,-1013.951550797776,4379.4147899881455,1548.2675381106749,1548.2675381106749,32.31770173732098,32.31770173732098,32.31770173732098,21.366499825766194,21.366499825766194,21.366499825766194,10.951201911554785,10.951201911554785,10.951201911554785,0.0,0.0,0.0,1580.5852398479958
2015-10-25,1548.7320326696731,-728.34644641867,4737.170417448581,1548.7320326696731,1548.7320326696731,294.7853945389473,294.7853945389473,294.7853945389473,203.6129602751226,203.6129602751226,203.6129602751226,91.17243426382473,91.17243426382473,91.17243426382473,0.0,0.0,0.0,1843.5174272086203
2015-10-26,1549.1965272286714,-687.712636866534,4541.9276548709395,1549.1965272286714,1549.1965272286714,587.815811199605,587.815811199605,587.815811199605,411.61494110521693,411.61494110521693,411.61494110521693,176.20087009438808,176.20087009438808,176.20087009438808,0.0,0.0,0.0,2137.0123384282765
2015-10-28,1550.125516346668,-2019.3198957920945,3742.791094814238,1550.125516346668,1550.125516346668,-683.7646881089745,-683.7646881089745,-683.7646881089745,-1040.3925504895863,-1040.3925504895863,-1040.3925504895863,356.62786238061176,356.62786238061176,356.62786238061176,0.0,0.0,0.0,866.3608282376936
2015-10-29,1550.5900109056663,-673.1471545030685,4963.4692770891015,1550.5900109056663,1550.5900109056663,605.9751159882717,605.9751159882717,605.9751159882717,156.07468269235156,156.07468269235156,156.07468269235156,449.90043329592004,449.90043329592004,449.90043329592004,0.0,0.0,0.0,2156.565126893938
2015-10-30,1551.0545054646648,-151.10368634218548,5123.7815230202405,1551.0545054646648,1551.0545054646648,963.4894724964998,963.4894724964998,963.4894724964998,419.7313386417339,419.7313386417339,419.7313386417339,543.7581338547659,543.7581338547659,543.7581338547659,0.0,0.0,0.0,2514.5439779611647
2015-10-31,1551.5190000236632,-507.6362135647968,5040.594553525373,1551.5190000236632,1551.5190000236632,658.4726931039863,658.4726931039863,658.4726931039863,21.366499826015513,21.366499826015513,21.366499826015513,637.1061932779708,637.1061932779708,637.1061932779708,0.0,0.0,0.0,2209.9916931276493
2015-11-01,1551.9834945826613,-156.54172631515303,5421.063362864146,1551.9834945826613,1551.9834945826613,932.4790250017934,932.4790250017934,932.4790250017934,203.61296027470877,203.61296027470877,203.61296027470877,728.8660647270847,728.8660647270847,728.8660647270847,0.0,0.0,0.0,2484.4625195844546
2015-11-02,1552.4479891416597,328.3459167538876,5744.818092717768,1552.4479891416597,1552.4479891416597,1229.6067691974501,1229.6067691974501,1229.6067691974501,411.6149411057164,411.6149411057164,411.6149411057164,817.9918280917337,817.9918280917337,817.9918280917337,0.0,0.0,0.0,2782.05475833911
2015-11-03,1552.912483700658,-461.64338460176094,5043.711241751114,1552.912483700658,1552.912483700658,731.4785501937131,731.4785501937131,731.4785501937131,-172.0078720480137,-172.0078720480137,-172.0078720480137,903.4864222417268,903.4864222417268,903.4864222417268,0.0,0.0,0.0,2284.391033894371
2015-11-05,1553.8414728186547,208.31695508392912,5539.042895091518,1553.8414728186547,1553.8414728186547,1216.006733807297,1216.006733807297,1216.006733807297,156.07468269023335,156.07468269023335,156.07468269023335,1059.9320511170636,1059.9320511170636,1059.9320511170636,0.0,0.0,0.0,2769.8482066259517
2015-11-06,1554.3059673776531,483.90110248049393,5806.615711211641,1554.3059673776531,1554.3059673776531,1549.0025134709856,1549.0025134709856,1549.0025134709856,419.7313386427443,419.7313386427443,419.7313386427443,1129.271174828241,1129.271174828241,1129.271174828241,0.0,0.0,0.0,3103.3084808486387
2015-11-07,1554.7704619366516,170.400403415945,5558.594538747921,1554.7704619366516,1554.7704619366516,1213.1484096862814,1213.1484096862814,1213.1484096862814,21.366499825462434,21.366499825462434,21.366499825462434,1191.781909860819,1191.781909860819,1191.781909860819,0.0,0.0,0.0,2767.918871622933
2015-11-08,1555.2349564956498,251.84913040393099,5862.640343936932,1555.2349564956498,1555.2349564956498,1450.5415976964189,1450.5415976964189,1450.5415976964189,203.612960275406,203.612960275406,203.612960275406,1246.9286374210126,1246.9286374210126,1246.9286374210126,0.0,0.0,0.0,3005.776554192069
2015-11-09,1555.6994510546483,426.64145517467364,6000.071699106851,1555.6994510546483,1555.6994510546483,1705.9170539553456,1705.9170539553456,1705.9170539553456,411.6149411049486,411.6149411049486,411.6149411049486,1294.302112850397,1294.302112850397,1294.302112850397,0.0,0.0,0.0,3261.616505009994
2015-11-10,1556.1639456136465,65.81334653572135,5579.532070028707,1556.1639456136465,1556.1639456136465,1161.6185732734327,1161.6185732734327,1161.6185732734327,-172.00787204687848,-172.00787204687848,-172.00787204687848,1333.6264453203112,1333.6264453203112,1333.6264453203112,0.0,0.0,0.0,2717.7825188870793
2015-11-11,1556.6284401726448,-1122.9453244969784,4766.565838225827,1556.6284401726448,1556.6284401726448,324.3711866986033,324.3711866986033,324.3711866986033,-1040.3925504897904,-1040.3925504897904,-1040.3925504897904,1364.7637371883936,1364.7637371883936,1364.7637371883936,0.0,0.0,0.0,1880.999626871248
2015-11-12,1557.092934731643,172.5300199972823,5637.057381574928,1557.092934731643,1557.092934731643,1543.790895918774,1543.790895918774,1543.790895918774,156.07468269148325,156.07468269148325,156.07468269148325,1387.7162132272908,1387.7162132272908,1387.7162132272908,0.0,0.0,0.0,3100.8838306504167
2015-11-13,1557.5574292906415,656.9959802123716,6323.588666922332,1557.5574292906415,1557.5574292906415,1822.3570533640095,1822.3570533640095,1822.3570533640095,419.7313386418337,419.7313386418337,419.7313386418337,1402.625714722176,1402.625714722176,1402.625714722176,0.0,0.0,0.0,3379.914482654651
2015-11-14,1558.02192384964,151.70910111494766,5817.174155952787,1558.02192384964,1558.02192384964,1431.1369834978368,1431.1369834978368,1431.1369834978368,21.36649982490927,21.36649982490927,21.36649982490927,1409.7704836729276,1409.7704836729276,1409.7704836729276,0.0,0.0,0.0,2989.158907347477
2015-11-15,1558.4864184086382,310.878956655381,6089.675500245989,1558.4864184086382,1558.4864184086382,1613.1721773426718,1613.1721773426718,1613.1721773426718,203.61296027499216,203.61296027499216,203.61296027499216,1409.5592170676798,1409.5592170676798,1409.5592170676798,0.0,0.0,0.0,3171.65859575131
2015-11-16,1558.9509129676367,732.4011931942057,6031.042982674788,1558.9509129676367,1558.9509129676367,1814.137370425135,1814.137370425135,1814.137370425135,411.6149411058857,411.6149411058857,411.6149411058857,1402.522429319249,1402.522429319249,1402.522429319249,0.0,0.0,0.0,3373.0882833927717
2015-11-17,1559.415407526635,153.03497068310543,5289.517497369232,1559.415407526635,1559.415407526635,1217.2933491467456,1217.2933491467456,1217.2933491467456,-172.0078720471912,-172.0078720471912,-172.0078720471912,1389.3012211939367,1389.3012211939367,1389.3012211939367,0.0,0.0,0.0,2776.708756673381
2015-11-19,1560.3443966446316,345.0679306551053,5670.233449141827,1560.3443966446316,1560.3443966446316,1503.413354746978,1503.413354746978,1503.413354746978,156.07468269215198,156.07468269215198,156.07468269215198,1347.338672054826,1347.338672054826,1347.338672054826,0.0,0.0,0.0,3063.7577513916094
2015-11-20,1560.9850837105594,428.75633951954745,6144.833025327484,1560.9850837105594,1560.9850837105594,1740.0300185840536,1740.0300185840536,1740.0300185840536,419.73133864188367,419.73133864188367,419.73133864188367,1320.2986799421699,1320.2986799421699,1320.2986799421699,0.0,0.0,0.0,3301.015102294613
2015-11-21,1561.6257707764871,165.81321445353177,5487.206143036137,1561.6257707764871,1561.6257707764871,1311.8062234209694,1311.8062234209694,1311.8062234209694,21.366499826308303,21.366499826308303,21.366499826308303,1290.4397235946615,1290.4397235946615,1290.4397235946615,0.0,0.0,0.0,2873.4319941974563
2015-11-22,1562.266457842415,417.7477901469591,5717.334020206447,1562.266457842415,1562.266457842415,1462.3239971239614,1462.3239971239614,1462.3239971239614,203.61296027446588,203.61296027446588,203.61296027446588,1258.7110368494955,1258.7110368494955,1258.7110368494955,0.0,0.0,0.0,3024.5904549663765
2015-11-23,1562.9071449083428,601.1203320544042,5877.158247088549,1562.9071449083428,1562.9071449083428,1637.6784863164394,1637.6784863164394,1637.6784863164394,411.6149411063853,411.6149411063853,411.6149411063853,1226.0635452100541,1226.0635452100541,1226.0635452100541,0.0,0.0,0.0,3200.5856312247824
2015-11-24,1563.5478319742706,-141.36704777414843,5308.258319164461,1563.5478319742706,1563.5478319742706,1021.4201853084703,1021.4201853084703,1021.4201853084703,-172.00787204835396,-172.00787204835396,-172.00787204835396,1193.4280573568242,1193.4280573568242,1193.4280573568242,0.0,0.0,0.0,2584.968017282741
2015-11-25,1564.1885190401986,-956.2593888580935,4414.360576110307,1564.1885190401986,1564.1885190401986,121.3010321453495,121.3010321453495,121.3010321453495,-1040.3925504893346,-1040.3925504893346,-1040.3925504893346,1161.6935826346842,1161.6935826346842,1161.6935826346842,0.0,0.0,0.0,1685.489551185548
2015-11-26,1564.8292061061265,12.464446800327446,5504.581617152885,1564.8292061061265,1564.8292061061265,1287.7609479746172,1287.7609479746172,1287.7609479746172,156.0746826884091,156.0746826884091,156.0746826884091,1131.686265286208,1131.686265286208,1131.686265286208,0.0,0.0,0.0,2852.5901540807436
2015-11-27,1565.4698931720543,337.4357552535608,5773.777344739981,1565.4698931720543,1565.4698931720543,1523.8807665844397,1523.8807665844397,1523.8807665844397,419.7313386414376,419.7313386414376,419.7313386414376,1104.149427943002,1104.149427943002,1104.149427943002,0.0,0.0,0.0,3089.3506597564938
2015-11-28,1566.110580237982,-43.76734300365168,5487.398348324752,1566.110580237982,1566.110580237982,1101.0917066320442,1101.0917066320442,1101.0917066320442,21.366499824605498,21.366499824605498,21.366499824605498,1079.7252068074388,1079.7252068074388,1079.7252068074388,0.0,0.0,0.0,2667.202286870026
2015-11-29,1566.75126730391,164.3099869050086,5379.875200011847,1566.75126730391,1566.75126730391,1262.5511991123171,1262.5511991123171,1262.5511991123171,203.6129602751631,203.6129602751631,203.6129602751631,1058.9382388371541,1058.9382388371541,1058.9382388371541,0.0,0.0,0.0,2829.302466416227
2015-11-30,1567.391954369838,380.4078298856853,5815.108824594391,1567.391954369838,1567.391954369838,1453.7967682894791,1453.7967682894791,1453.7967682894791,411.61494110517975,411.61494110517975,411.61494110517975,1042.1818271842997,1042.1818271842997,1042.1818271842997,0.0,0.0,0.0,3021.188722659317
2015-12-01,1568.0326414357658,-210.74234709377095,5138.3606845354425,1568.0326414357658,1568.0326414357658,857.6990934918113,857.6990934918113,857.6990934918113,-172.0078720490917,-172.0078720490917,-172.0078720490917,1029.706965540903,1029.706965540903,1029.706965540903,0.0,0.0,0.0,2425.7317349275772
2015-12-03,1569.3140155676215,5.165522781470259,5525.689132099047,1569.3140155676215,1569.3140155676215,1173.9256886126948,1173.9256886126948,1173.9256886126948,156.0746826890778,156.0746826890778,156.0746826890778,1017.851005923617,1017.851005923617,1017.851005923617,0.0,0.0,0.0,2743.239704180316
2015-12-04,1569.9547026335492,317.2551125361445,5823.775620610737,1569.9547026335492,1569.9547026335492,1437.9389436101035,1437.9389436101035,1437.9389436101035,419.7313386405271,419.7313386405271,419.7313386405271,1018.2076049695763,1018.2076049695763,1018.2076049695763,0.0,0.0,0.0,3007.8936462436527
2015-12-05,1570.5953896994772,-149.13451430243953,5374.798215075717,1570.5953896994772,1570.5953896994772,1043.6899212294818,1043.6899212294818,1043.6899212294818,21.36649982520206,21.36649982520206,21.36649982520206,1022.3234214042797,1022.3234214042797,1022.3234214042797,0.0,0.0,0.0,2614.285310928959
2015-12-06,1571.236076765405,151.81790394944312,5658.566130270769,1571.236076765405,1571.236076765405,1233.3050563308857,1233.3050563308857,1233.3050563308857,203.61296027574798,203.61296027574798,203.61296027574798,1029.6920960551379,1029.6920960551379,1029.6920960551379,0.0,0.0,0.0,2804.5411330962907
2015-12-07,1571.8767638313327,360.4371917698245,5896.106271517951,1571.8767638313327,1571.8767638313327,1451.2871833398513,1451.2871833398513,1451.2871833398513,411.61494110611693,411.61494110611693,411.61494110611693,1039.6722422337346,1039.6722422337346,1039.6722422337346,0.0,0.0,0.0,3023.163947171184
2015-12-08,1572.5174508972607,-445.62575419584095,5112.3754728205,1572.5174508972607,1572.5174508972607,879.4934879139936,879.4934879139936,879.4934879139936,-172.00787204795648,-172.00787204795648,-172.00787204795648,1051.50135996195,1051.50135996195,1051.50135996195,0.0,0.0,0.0,2452.010938811254
2015-12-09,1573.1581379631887,-1224.030733570765,4337.6432948763595,1573.1581379631887,1573.1581379631887,23.92045055874492,23.92045055874492,23.92045055874492,-1040.392550489452,-1040.392550489452,-1040.392550489452,1064.3130010481968,1064.3130010481968,1064.3130010481968,0.0,0.0,0.0,1597.0785885219336
2015-12-10,1573.7988250291164,-75.52835039568231,5470.0877215660785,1573.7988250291164,1573.7988250291164,1233.2315295090264,1233.2315295090264,1233.2315295090264,156.07468268974657,156.07468268974657,156.07468268974657,1077.1568468192797,1077.1568468192797,1077.1568468192797,0.0,0.0,0.0,2807.030354538143
2015-12-11,1574.4395120950442,350.04390323974,5880.517713815883,1574.4395120950442,1574.4395120950442,1508.752619825925,1508.752619825925,1508.752619825925,419.73133864153755,419.73133864153755,419.73133864153755,1089.0212811843876,1089.0212811843876,1089.0212811843876,0.0,0.0,0.0,3083.192131920969
2015-12-12,1575.0801991609721,-175.7169255516648,5549.398796528313,1575.0801991609721,1575.0801991609721,1120.2244705753621,1120.2244705753621,1120.2244705753621,21.366499824648955,21.366499824648955,21.366499824648955,1098.857970750713,1098.857970750713,1098.857970750713,0.0,0.0,0.0,2695.3046697363343
2015-12-13,1575.7208862269001,94.56024631376697,5758.911382530028,1575.7208862269001,1575.7208862269001,1309.220863216818,1309.220863216818,1309.220863216818,203.61296027411052,203.61296027411052,203.61296027411052,1105.6079029427076,1105.6079029427076,1105.6079029427076,0.0,0.0,0.0,2884.9417494437184
2015-12-14,1576.3615732928279,238.47364925835032,6017.932028861373,1576.3615732928279,1576.3615732928279,1519.8432254234515,1519.8432254234515,1519.8432254234515,411.614941105764,411.614941105764,411.614941105764,1108.2282843176874,1108.2282843176874,1108.2282843176874,0.0,0.0,0.0,3096.2047987162796
2015-12-15,1577.0022603587556,-384.55507973717226,5293.153024353355,1577.0022603587556,1577.0022603587556,933.7117940257914,933.7117940257914,933.7117940257914,-172.0078720491193,-172.0078720491193,-172.0078720491193,1105.7196660749107,1105.7196660749107,1105.7196660749107,0.0,0.0,0.0,2510.714054384547
2015-12-16,1577.6429474246836,-1164.0358442613428,4075.5174474741157,1577.6429474246836,1577.6429474246836,56.76009288565337,56.76009288565337,56.76009288565337,-1040.392550489311,-1040.392550489311,-1040.392550489311,1097.152643374964,1097.152643374964,1097.152643374964,0.0,0.0,0.0,1634.403040310337
2015-12-17,1578.2836344906116,-66.01009337292186,5575.58684735155,1578.2836344906116,1578.2836344906116,1237.7681531056912,1237.7681531056912,1237.7681531056912,156.0746826904153,156.0746826904153,156.0746826904153,1081.693470415276,1081.693470415276,1081.693470415276,0.0,0.0,0.0,2816.051787596303
2015-12-18,1578.9243215565393,192.66783932236754,6047.070938472436,1578.9243215565393,1578.9243215565393,1478.359283398581,1478.359283398581,1478.359283398581,419.7313386410915,419.7313386410915,419.7313386410915,1058.6279447574896,1058.6279447574896,1058.6279447574896,0.0,0.0,0.0,3057.2836049551206
2015-12-19,1579.565008622467,-70.87625931897695,5487.649747742727,1579.565008622467,1579.565008622467,1048.7494421132913,1048.7494421132913,1048.7494421132913,21.366499826047974,21.366499826047974,21.366499826047974,1027.3829422872434,1027.3829422872434,1027.3829422872434,0.0,0.0,0.0,2628.3144507357583
2015-12-20,1580.205695688395,95.46655385967034,5453.297822792585,1580.205695688395,1580.205695688395,1191.1579883572097,1191.1579883572097,1191.1579883572097,203.61296027480782,203.61296027480782,203.61296027480782,987.5450280824019,987.5450280824019,987.5450280824019,0.0,0.0,0.0,2771.3636840456047
2015-12-21,1580.846382754323,89.57170852524136,5660.125653725881,1580.846382754323,1580.846382754323,1350.4905687596831,1350.4905687596831,1350.4905687596831,411.6149411054109,411.6149411054109,411.6149411054109,938.8756276542722,938.8756276542722,938.8756276542722,0.0,0.0,0.0,2931.336951514006
2015-12-22,1581.4870698202508,-529.9647411996071,5158.089760688293,1581.4870698202508,1581.4870698202508,709.3144442948674,709.3144442948674,709.3144442948674,-172.007872049432,-172.007872049432,-172.007872049432,881.3223163442993,881.3223163442993,881.3223163442993,0.0,0.0,0.0,2290.801514115118
2015-12-23,1582.1277568861785,-1489.2428585505738,4103.184064798935,1582.1277568861785,1582.1277568861785,-225.36667990267125,-225.36667990267125,-225.36667990267125,-1040.3925504901426,-1040.3925504901426,-1040.3925504901426,815.0258705874714,815.0258705874714,815.0258705874714,0.0,0.0,0.0,1356.7610769835073
2015-12-24,1582.7684439521065,-346.9572985693877,5333.242859801778,1582.7684439521065,1582.7684439521065,896.3975040686164,896.3975040686164,896.3975040686164,156.07468268945937,156.07468268945937,156.07468268945937,740.3228213791571,740.3228213791571,740.3228213791571,0.0,0.0,0.0,2479.1659480207227
2015-12-25,1583.4091310180345,-249.306979337773,5242.883417944774,1583.4091310180345,1583.4091310180345,1077.4746940544796,1077.4746940544796,1077.4746940544796,419.73133864114135,419.73133864114135,419.73133864114135,657.7433554133385,657.7433554133385,657.7433554133385,0.0,0.0,0.0,2660.883825072514
2015-12-26,1584.0498180839622,-612.8952165780895,4818.549327956398,1584.0498180839622,1584.0498180839622,589.3710203125395,589.3710203125395,589.3710203125395,21.366499826644556,21.366499826644556,21.366499826644556,568.0045204858949,568.0045204858949,568.0045204858949,0.0,0.0,0.0,2173.4208383965015
2015-12-27,1584.69050514989,-452.0638738488181,4957.168242317557,1584.69050514989,1584.69050514989,675.6117665011807,675.6117665011807,675.6117665011807,203.61296027439394,203.61296027439394,203.61296027439394,471.99880622678677,471.99880622678677,471.99880622678677,0.0,0.0,0.0,2260.3022716510704
2015-12-28,1585.331192215818,-298.1016036580753,5157.179509741063,1585.331192215818,1585.331192215818,782.3932272860288,782.3932272860288,782.3932272860288,411.61494110505794,411.61494110505794,411.61494110505794,370.77828618097084,370.77828618097084,370.77828618097084,0.0,0.0,0.0,2367.7244195018466
2015-12-29,1585.971879281746,-1128.043561529175,4371.034619306875,1585.971879281746,1585.971879281746,93.52674777163675,93.52674777163675,93.52674777163675,-172.00787204829692,-172.00787204829692,-172.00787204829692,265.53461981993365,265.53461981993365,265.53461981993365,0.0,0.0,0.0,1679.4986270533827
2015-12-30,1586.6125663476735,-1980.852182534684,3453.215563868305,1586.6125663476735,1586.6125663476735,-882.8172301538791,-882.8172301538791,-882.8172301538791,-1040.3925504900014,-1040.3925504900014,-1040.3925504900014,157.57532033612245,157.57532033612245,157.57532033612245,0.0,0.0,0.0,703.7953361937944
2015-12-31,1587.408921242917,-982.1571742708195,4645.884991106079,1587.408921242917,1587.408921242917,204.37147593000805,204.37147593000805,204.37147593000805,156.07468269012813,156.07468269012813,156.07468269012813,48.29679323987995,48.29679323987995,48.29679323987995,0.0,0.0,0.0,1791.780397172925
2016-01-02,1589.001631033404,-1195.725589401966,4274.643873613546,1589.001631033404,1589.001631033404,-147.000910443471,-147.000910443471,-147.000910443471,21.36649982494173,21.36649982494173,21.36649982494173,-168.36741026841275,-168.36741026841275,-168.36741026841275,0.0,0.0,0.0,1442.000720589933
2016-01-03,1589.7979859286474,-1380.6016456098807,4345.871927613932,1589.7979859286474,1589.7979859286474,-69.17833530014997,-69.17833530014997,-69.17833530014997,203.6129602749788,203.6129602749788,203.6129602749788,-272.7912955751288,-272.7912955751288,-272.7912955751288,0.0,0.0,0.0,1520.6196506284975
2016-01-04,1590.5943408238911,-1044.8361654300124,4286.968513858489,1590.5943408238911,1590.5943408238911,38.93804195877781,38.93804195877781,38.93804195877781,411.6149411059951,411.6149411059951,411.6149411059951,-372.6768991472173,-372.6768991472173,-372.6768991472173,0.0,0.0,0.0,1629.532382782669
2016-01-05,1591.3906957191343,-1735.534225762622,3593.185284555017,1591.3906957191343,1591.3906957191343,-638.6633589635798,-638.6633589635798,-638.6633589635798,-172.00787204903455,-172.00787204903455,-172.00787204903455,-466.65548691454507,-466.65548691454507,-466.65548691454507,0.0,0.0,0.0,952.7273367555546
2016-01-07,1592.9834055096214,-1407.119012676921,3838.5179438552586,1592.9834055096214,1592.9834055096214,-475.8873728134383,-475.8873728134383,-475.8873728134383,156.07468269137803,156.07468269137803,156.07468269137803,-631.9620555048162,-631.9620555048162,-631.9620555048162,0.0,0.0,0.0,1117.096032696183
2016-01-08,1593.7797604048649,-1429.9382958664146,4020.6753676077515,1593.7797604048649,1593.7797604048649,-281.45363243824596,-281.45363243824596,-281.45363243824596,419.7313386412413,419.7313386412413,419.7313386412413,-701.1849710794872,-701.1849710794872,-701.1849710794872,0.0,0.0,0.0,1312.326127966619
2016-01-09,1594.5761153001083,-1782.7527551371047,3553.2775837100153,1594.5761153001083,1594.5761153001083,-738.975339729585,-738.975339729585,-738.975339729585,21.36649982484379,21.36649982484379,21.36649982484379,-760.3418395544289,-760.3418395544289,-760.3418395544289,0.0,0.0,0.0,855.6007755705233
2016-01-10,1595.372470195352,-1694.3678084261778,3744.6949005202723,1595.372470195352,1595.372470195352,-605.23534436213,-605.23534436213,-605.23534436213,203.6129602745649,203.6129602745649,203.6129602745649,-808.8483046366948,-808.8483046366948,-808.8483046366948,0.0,0.0,0.0,990.137125833222
2016-01-11,1596.1688250905954,-1500.4992726666744,3783.0044724546024,1596.1688250905954,1596.1688250905954,-434.7243938513797,-434.7243938513797,-434.7243938513797,411.6149411056421,411.6149411056421,411.6149411056421,-846.3393349570218,-846.3393349570218,-846.3393349570218,0.0,0.0,0.0,1161.4444312392156
2016-01-14,1598.557889776326,-1883.9469322309992,3639.612173295083,1598.557889776326,1598.557889776326,-736.4658269776633,-736.4658269776633,-736.4658269776633,156.0746826892598,156.0746826892598,156.0746826892598,-892.5405096669231,-892.5405096669231,-892.5405096669231,0.0,0.0,0.0,862.0920627986627
2016-01-15,1599.3542446715694,-1657.6775676789398,3671.4022558773013,1599.3542446715694,1599.3542446715694,-467.2263705221194,-467.2263705221194,-467.2263705221194,419.73133864079523,419.73133864079523,419.73133864079523,-886.9577091629146,-886.9577091629146,-886.9577091629146,0.0,0.0,0.0,1132.12787414945
2016-01-16,1600.1505995668128,-1731.7483409941121,3650.2555148593756,1600.1505995668128,1600.1505995668128,-850.6336000729787,-850.6336000729787,-850.6336000729787,21.36649982544036,21.36649982544036,21.36649982544036,-872.000099898419,-872.000099898419,-872.000099898419,0.0,0.0,0.0,749.5169994938342
2016-01-17,1600.9469544620565,-1628.0354771811865,3754.8319163901947,1600.9469544620565,1600.9469544620565,-645.0351735726099,-645.0351735726099,-645.0351735726099,203.61296027526228,203.61296027526228,203.61296027526228,-848.6481338478721,-848.6481338478721,-848.6481338478721,0.0,0.0,0.0,955.9117808894466
2016-01-21,1604.1323740430305,-1624.092550129946,3970.301928231863,1604.1323740430305,1604.1323740430305,-540.5271917065486,-540.5271917065486,-540.5271917065486,156.07468269050966,156.07468269050966,156.07468269050966,-696.6018743970582,-696.6018743970582,-696.6018743970582,0.0,0.0,0.0,1063.605182336482
2016-01-22,1604.9287289382737,-1300.1641793473123,4128.058681583907,1604.9287289382737,1604.9287289382737,-231.53562071119123,-231.53562071119123,-231.53562071119123,419.7313386408452,419.7313386408452,419.7313386408452,-651.2669593520365,-651.2669593520365,-651.2669593520365,0.0,0.0,0.0,1373.3931082270824
2016-01-23,1605.7250838335171,-1730.1834239780787,3839.25971643064,1605.7250838335171,1605.7250838335171,-584.7841660210674,-584.7841660210674,-584.7841660210674,21.366499826036943,21.366499826036943,21.366499826036943,-606.1506658471044,-606.1506658471044,-606.1506658471044,0.0,0.0,0.0,1020.9409178124497
2016-01-24,1606.5214387287608,-1527.234195496088,3940.978457780033,1606.5214387287608,1606.5214387287608,-359.2177712758748,-359.2177712758748,-359.2177712758748,203.61296027595952,203.61296027595952,203.61296027595952,-562.8307315518343,-562.8307315518343,-562.8307315518343,0.0,0.0,0.0,1247.303667452886
2016-01-25,1607.3177936240043,-1280.538172065088,4131.67370543328,1607.3177936240043,1607.3177936240043,-111.2118052674704,-111.2118052674704,-111.2118052674704,411.6149411053737,411.6149411053737,411.6149411053737,-522.8267463728441,-522.8267463728441,-522.8267463728441,0.0,0.0,0.0,1496.1059883565338
2016-01-28,1609.7068583097346,-1493.111414792758,4089.338538113021,1609.7068583097346,1609.7068583097346,-280.20399682293856,-280.20399682293856,-280.20399682293856,156.07468269117842,156.07468269117842,156.07468269117842,-436.27867951411696,-436.27867951411696,-436.27867951411696,0.0,0.0,0.0,1329.502861486796
2016-01-30,1611.2995681002217,-1527.5409133958901,4000.601708804327,1611.2995681002217,1611.2995681002217,-395.86889949889786,-395.86889949889786,-395.86889949889786,21.366499826286287,21.366499826286287,21.366499826286287,-417.2353993251841,-417.2353993251841,-417.2353993251841,0.0,0.0,0.0,1215.4306686013238
2016-01-31,1612.0959229954651,-1577.5798585427797,4175.296287720952,1612.0959229954651,1612.0959229954651,-217.86430765201243,-217.86430765201243,-217.86430765201243,203.61296027543318,203.61296027543318,203.61296027543318,-421.4772679274456,-421.4772679274456,-421.4772679274456,0.0,0.0,0.0,1394.2316153434526
2016-02-01,1612.8922778907088,-1132.972588595393,4388.125617888163,1612.8922778907088,1612.8922778907088,-23.696400474458393,-23.696400474458393,-23.696400474458393,411.6149411058733,411.6149411058733,411.6149411058733,-435.31134158033166,-435.31134158033166,-435.31134158033166,0.0,0.0,0.0,1589.1958774162504
2016-02-02,1613.6886327859522,-1742.48474077229,3747.0414092066912,1613.6886327859522,1613.6886327859522,-630.7416505188664,-630.7416505188664,-630.7416505188664,-172.00787204738958,-172.00787204738958,-172.00787204738958,-458.73377847147674,-458.73377847147674,-458.73377847147674,0.0,0.0,0.0,982.9469822670858
2016-02-03,1614.4849876811957,-2430.9072378748747,2870.8572647844917,1614.4849876811957,1614.4849876811957,-1531.8767286588582,-1531.8767286588582,-1531.8767286588582,-1040.3925504896085,-1040.3925504896085,-1040.3925504896085,-491.4841781692497,-491.4841781692497,-491.4841781692497,0.0,0.0,0.0,82.6082590223375
2016-02-04,1615.2813425764393,-1246.7167725952816,3801.5199013133333,1615.2813425764393,1615.2813425764393,-376.97499800969246,-376.97499800969246,-376.97499800969246,156.07468269184716,156.07468269184716,156.07468269184716,-533.0496807015396,-533.0496807015396,-533.0496807015396,0.0,0.0,0.0,1238.306344566747
2016-02-05,1616.0776974716828,-1448.541832882871,4272.77901747192,1616.0776974716828,1616.0776974716828,-162.94373656985604,-162.94373656985604,-162.94373656985604,419.7313386428349,419.7313386428349,419.7313386428349,-582.675075212691,-582.675075212691,-582.675075212691,0.0,0.0,0.0,1453.1339609018266
2016-02-06,1616.8740523669262,-1622.4289679347942,3701.383296552013,1616.8740523669262,1616.8740523669262,-618.0122099231987,-618.0122099231987,-618.0122099231987,21.366499825733147,21.366499825733147,21.366499825733147,-639.3787097489318,-639.3787097489318,-639.3787097489318,0.0,0.0,0.0,998.8618424437275
2016-02-07,1617.6704072621699,-1840.3695416434289,3803.878272262999,1617.6704072621699,1617.6704072621699,-498.3608922313926,-498.3608922313926,-498.3608922313926,203.6129602750193,203.6129602750193,203.6129602750193,-701.9738525064118,-701.9738525064118,-701.9738525064118,0.0,0.0,0.0,1119.3095150307772
2016-02-08,1618.4667621574133,-1440.3969116236287,4054.1932497198945,1618.4667621574133,1618.4667621574133,-357.4800805678184,-357.4800805678184,-357.4800805678184,411.6149411055204,411.6149411055204,411.6149411055204,-769.0950216733388,-769.0950216733388,-769.0950216733388,0.0,0.0,0.0,1260.9866815895948
2016-02-09,1619.2631170526565,-2061.734575791387,3396.39226965648,1619.2631170526565,1619.2631170526565,-1011.2365512090838,-1011.2365512090838,-1011.2365512090838,-172.0078720485524,-172.0078720485524,-172.0078720485524,-839.2286791605313,-839.2286791605313,-839.2286791605313,0.0,0.0,0.0,608.0265658435727
2016-02-11,1620.8558268431439,-1895.2972912709167,3437.440361232566,1620.8558268431439,1620.8558268431439,-825.8732653196779,-825.8732653196779,-825.8732653196779,156.0746826903101,156.0746826903101,156.0746826903101,-981.9479480099881,-981.9479480099881,-981.9479480099881,0.0,0.0,0.0,794.982561523466
2016-02-12,1621.652181738387,-1606.1046594965176,3764.569012714118,1621.652181738387,1621.652181738387,-631.3573472885819,-631.3573472885819,-631.3573472885819,419.7313386419242,419.7313386419242,419.7313386419242,-1051.088685930506,-1051.088685930506,-1051.088685930506,0.0,0.0,0.0,990.2948344498052
2016-02-13,1622.4485366336307,-2204.9599511614497,3129.8995782905295,1622.4485366336307,1622.4485366336307,-1095.065062212866,-1095.065062212866,-1095.065062212866,21.366499825180032,21.366499825180032,21.366499825180032,-1116.431562038046,-1116.431562038046,-1116.431562038046,0.0,0.0,0.0,527.3834744207647
2016-02-14,1623.2448915288742,-2347.2469339964123,3514.24781334074,1623.2448915288742,1623.2448915288742,-972.6685989211129,-972.6685989211129,-972.6685989211129,203.61296027460546,203.61296027460546,203.61296027460546,-1176.2815591957183,-1176.2815591957183,-1176.2815591957183,0.0,0.0,0.0,650.5762926077613
2016-02-15,1624.0412464241174,-2041.9438357519662,3503.1594911144384,1624.0412464241174,1624.0412464241174,-817.411410798831,-817.411410798831,-817.411410798831,411.61494110516736,411.61494110516736,411.61494110516736,-1229.0263519039984,-1229.0263519039984,-1229.0263519039984,0.0,0.0,0.0,806.6298356252864
2016-02-16,1624.8376013193613,-2602.9784060207307,2933.387599078063,1624.8376013193613,1624.8376013193613,-1445.1818769881254,-1445.1818769881254,-1445.1818769881254,-172.00787204656714,-172.00787204656714,-172.00787204656714,-1273.1740049415582,-1273.1740049415582,-1273.1740049415582,0.0,0.0,0.0,179.6557243312359
2016-02-19,1627.2266660050916,-1983.6839372559398,3334.111502086929,1627.2266660050916,1627.2266660050916,-921.8995835284061,-921.8995835284061,-921.8995835284061,419.7313386419742,419.7313386419742,419.7313386419742,-1341.6309221703805,-1341.6309221703805,-1341.6309221703805,0.0,0.0,0.0,705.3270824766855
2016-02-20,1628.0230209003355,-2280.434311913593,3006.1174276385664,1628.0230209003355,1628.0230209003355,-1318.6592755171857,-1318.6592755171857,-1318.6592755171857,21.36649982577658,21.36649982577658,21.36649982577658,-1340.025775342962,-1340.025775342962,-1340.025775342962,0.0,0.0,0.0,309.36374538314976
2016-02-21,1628.916632309434,-2331.222982952619,2990.3727719040376,1628.916632309434,1628.916632309434,-1121.6452613254717,-1121.6452613254717,-1121.6452613254717,203.61296027407914,203.61296027407914,203.61296027407914,-1325.2582215995508,-1325.2582215995508,-1325.2582215995508,0.0,0.0,0.0,507.27137098396224
2016-02-22,1629.8102437185323,-2087.741617129595,3604.164771721541,1629.8102437185323,1629.8102437185323,-885.5330668120671,-885.5330668120671,-885.5330668120671,411.61494110568947,411.61494110568947,411.61494110568947,-1297.1480079177566,-1297.1480079177566,-1297.1480079177566,0.0,0.0,0.0,744.2771769064652
2016-02-23,1630.703855127631,-2606.7044787319983,3106.752936536112,1630.703855127631,1630.703855127631,-1427.7927617153134,-1427.7927617153134,-1427.7927617153134,-172.00787204772988,-172.00787204772988,-172.00787204772988,-1255.7848896675835,-1255.7848896675835,-1255.7848896675835,0.0,0.0,0.0,202.91109341231754
2016-02-25,1632.491077945828,-1914.5912250073113,3479.91985837458,1632.491077945828,1632.491077945828,-978.9223509934592,-978.9223509934592,-978.9223509934592,156.0746826928099,156.0746826928099,156.0746826928099,-1134.997033686269,-1134.997033686269,-1134.997033686269,0.0,0.0,0.0,653.5687269523688
2016-02-27,1634.2783007640253,-2068.1666755663296,3235.6485844129775,1634.2783007640253,1634.2783007640253,-947.458314108873,-947.458314108873,-947.458314108873,21.36649982487621,21.36649982487621,21.36649982487621,-968.824813933749,-968.824813933749,-968.824813933749,0.0,0.0,0.0,686.8199866551523
2016-02-28,1635.1719121731237,-1885.5598131642662,3845.8440657317683,1635.1719121731237,1635.1719121731237,-667.9771084730377,-667.9771084730377,-667.9771084730377,203.6129602747764,203.6129602747764,203.6129602747764,-871.5900687478141,-871.5900687478141,-871.5900687478141,0.0,0.0,0.0,967.194803700086
2016-02-29,1636.065523582222,-1435.9314402124037,3948.101396751631,1636.065523582222,1636.065523582222,-355.2287964677747,-355.2287964677747,-355.2287964677747,411.6149411053366,411.6149411053366,411.6149411053366,-766.8437375731113,-766.8437375731113,-766.8437375731113,0.0,0.0,0.0,1280.8367271144475
2016-03-01,1636.9591349913208,-1981.6659759094455,3618.5991359488153,1636.9591349913208,1636.9591349913208,-828.2253399130265,-828.2253399130265,-828.2253399130265,-172.00787204846762,-172.00787204846762,-172.00787204846762,-656.2174678645588,-656.2174678645588,-656.2174678645588,0.0,0.0,0.0,808.7337950782943
2016-03-03,1638.7463578095178,-1390.6734850841224,4090.2688521285772,1638.7463578095178,1638.7463578095178,-268.2959828468676,-268.2959828468676,-268.2959828468676,156.07468268848584,156.07468268848584,156.07468268848584,-424.37066553535345,-424.37066553535345,-424.37066553535345,0.0,0.0,0.0,1370.4503749626501
2016-03-04,1639.6399692186164,-1175.9465403055701,4596.141993297001,1639.6399692186164,1639.6399692186164,112.91236025568708,112.91236025568708,112.91236025568708,419.7313386415781,419.7313386415781,419.7313386415781,-306.818978385891,-306.818978385891,-306.818978385891,0.0,0.0,0.0,1752.5523294743034
2016-03-05,1640.5335806277149,-1228.545512087116,4411.420801022839,1640.5335806277149,1640.5335806277149,-169.28074467185272,-169.28074467185272,-169.28074467185272,21.366499825472783,21.366499825472783,21.366499825472783,-190.6472444973255,-190.6472444973255,-190.6472444973255,0.0,0.0,0.0,1471.252835955862
2016-03-06,1641.4271920368133,-996.0668201362394,4781.291231818785,1641.4271920368133,1641.4271920368133,125.95186181233043,125.95186181233043,125.95186181233043,203.6129602754738,203.6129602754738,203.6129602754738,-77.66109846314335,-77.66109846314335,-77.66109846314335,0.0,0.0,0.0,1767.3790538491437
2016-03-07,1642.320803445912,-714.1356393772911,5097.005320694097,1642.320803445912,1642.320803445912,442.0284713590106,442.0284713590106,442.0284713590106,411.6149411049836,411.6149411049836,411.6149411049836,30.413530254027023,30.413530254027023,30.413530254027023,0.0,0.0,0.0,2084.3492748049225
2016-03-08,1643.2144148550105,-1102.2285183703677,4405.467215391356,1643.2144148550105,1643.2144148550105,-40.04250279908488,-40.04250279908488,-40.04250279908488,-172.0078720473324,-172.0078720473324,-172.0078720473324,131.96536924824753,131.96536924824753,131.96536924824753,0.0,0.0,0.0,1603.1719120559258
2016-03-09,1644.108026264109,-2214.951351198161,3593.8206971569853,1644.108026264109,1644.108026264109,-814.8628395207504,-814.8628395207504,-814.8628395207504,-1040.3925504896156,-1040.3925504896156,-1040.3925504896156,225.52971096886503,225.52971096886503,225.52971096886503,0.0,0.0,0.0,829.2451867433585
2016-03-10,1645.0016376732076,-716.4598941019699,4788.649912971858,1645.0016376732076,1645.0016376732076,465.89125102613315,465.89125102613315,465.89125102613315,156.07468268857343,156.07468268857343,156.07468268857343,309.81656833755966,309.81656833755966,309.81656833755966,0.0,0.0,0.0,2110.892888699341
2016-03-11,1645.8952490823062,-58.1191461213791,5258.541399134927,1645.8952490823062,1645.8952490823062,803.465807976594,803.465807976594,803.465807976594,419.73133864162804,419.73133864162804,419.73133864162804,383.73446933496587,383.73446933496587,383.73446933496587,0.0,0.0,0.0,2449.3610570589003
2016-03-12,1646.7888604914044,-694.8913092233423,5019.781466111918,1646.7888604914044,1646.7888604914044,467.77589479674236,467.77589479674236,467.77589479674236,21.366499824919643,21.366499824919643,21.366499824919643,446.40939497182273,446.40939497182273,446.40939497182273,0.0,0.0,0.0,2114.564755288147
2016-03-13,1647.682471900503,-324.8867658607742,5222.805810802284,1647.682471900503,1647.682471900503,700.811449659263,700.811449659263,700.811449659263,203.61296027505983,203.61296027505983,203.61296027505983,497.19848938420307,497.19848938420307,497.19848938420307,0.0,0.0,0.0,2348.493921559766
2016-03-14,1648.5760833096017,-92.21290294030533,5363.9475347521275,1648.5760833096017,1648.5760833096017,947.3132440131047,947.3132440131047,947.3132440131047,411.61494110592076,411.61494110592076,411.61494110592076,535.698302907184,535.698302907184,535.698302907184,0.0,0.0,0.0,2595.8893273227063
2016-03-15,1649.4696947187,-734.8605039526985,4755.785784323658,1649.4696947187,1649.4696947187,389.7395934447715,389.7395934447715,389.7395934447715,-172.0078720480702,-172.0078720480702,-172.0078720480702,561.7474654928417,561.7474654928417,561.7474654928417,0.0,0.0,0.0,2039.2092881634717
2016-03-17,1651.2569175368974,-481.7806689608448,5228.114164510464,1651.2569175368974,1651.2569175368974,733.1109039960448,733.1109039960448,733.1109039960448,156.0746826898233,156.0746826898233,156.0746826898233,577.0362213062215,577.0362213062215,577.0362213062215,0.0,0.0,0.0,2384.3678215329423
2016-03-18,1652.1505289459956,-284.54703073699784,5397.352019225527,1652.1505289459956,1652.1505289459956,986.8425287163149,986.8425287163149,986.8425287163149,419.731338641678,419.731338641678,419.731338641678,567.1111900746367,567.1111900746367,567.1111900746367,0.0,0.0,0.0,2638.9930576623105
2016-03-19,1653.0441403550942,-543.447586174913,5291.411922898019,1653.0441403550942,1653.0441403550942,567.7415210125389,567.7415210125389,567.7415210125389,21.366499826318698,21.366499826318698,21.366499826318698,546.3750211862202,546.3750211862202,546.3750211862202,0.0,0.0,0.0,2220.785661367633
2016-03-20,1653.9377517641929,-408.76472085285496,5077.00935674245,1653.9377517641929,1653.9377517641929,719.3446498458642,719.3446498458642,719.3446498458642,203.6129602744211,203.6129602744211,203.6129602744211,515.7316895714431,515.7316895714431,515.7316895714431,0.0,0.0,0.0,2373.282401610057
2016-03-21,1654.8313631732915,-56.472980708970766,4959.594702048527,1654.8313631732915,1654.8313631732915,887.8522215158266,887.8522215158266,887.8522215158266,411.61494110471523,411.61494110471523,411.61494110471523,476.2372804111115,476.2372804111115,476.2372804111115,0.0,0.0,0.0,2542.683584689118
2016-03-22,1655.72497458239,-661.3354741221568,4677.858943608919,1655.72497458239,1655.72497458239,257.06372841277926,257.06372841277926,257.06372841277926,-172.00787204880797,-172.00787204880797,-172.00787204880797,429.0716004615872,429.0716004615872,429.0716004615872,0.0,0.0,0.0,1912.7887029951692
2016-03-24,1657.5121974005872,-674.0420080662906,4904.804598283712,1657.5121974005872,1657.5121974005872,472.9549563720613,472.9549563720613,472.9549563720613,156.0746826888674,156.0746826888674,156.0746826888674,316.880273683194,316.880273683194,316.880273683194,0.0,0.0,0.0,2130.4671537726485
2016-03-25,1658.4058088096856,-339.5382289062569,4930.874785166831,1658.4058088096856,1658.4058088096856,674.2845395181783,674.2845395181783,674.2845395181783,419.73133864123196,419.73133864123196,419.73133864123196,254.55320087694636,254.55320087694636,254.55320087694636,0.0,0.0,0.0,2332.690348327864
2016-03-26,1659.299420218784,-737.9027515069289,4632.850115082036,1659.299420218784,1659.299420218784,211.25443011663944,211.25443011663944,211.25443011663944,21.366499825765572,21.366499825765572,21.366499825765572,189.88793029087387,189.88793029087387,189.88793029087387,0.0,0.0,0.0,1870.5538503354235
2016-03-27,1660.1930316278826,-717.3709314624494,4669.849876813896,1660.1930316278826,1660.1930316278826,327.8255389392805,327.8255389392805,327.8255389392805,203.6129602740072,203.6129602740072,203.6129602740072,124.21257866527321,124.21257866527321,124.21257866527321,0.0,0.0,0.0,1988.0185705671631
2016-03-28,1661.086643036981,-566.3264370426434,4830.504343637679,1661.086643036981,1661.086643036981,470.4079589610629,470.4079589610629,470.4079589610629,411.6149411052147,411.6149411052147,411.6149411052147,58.79301785584814,58.79301785584814,58.79301785584814,0.0,0.0,0.0,2131.494601998044
2016-03-29,1661.9802544460797,-1035.2666660557147,4171.2269348782675,1661.9802544460797,1661.9802544460797,-177.20143344784336,-177.20143344784336,-177.20143344784336,-172.00787204954565,-172.00787204954565,-172.00787204954565,-5.193561398297718,-5.193561398297718,-5.193561398297718,0.0,0.0,0.0,1484.7788209982364
2016-03-30,1662.8738658551783,-2235.491876221049,3093.2744898409783,1662.8738658551783,1662.8738658551783,-1107.0745422030457,-1107.0745422030457,-1107.0745422030457,-1040.3925504896786,-1040.3925504896786,-1040.3925504896786,-66.68199171336728,-66.68199171336728,-66.68199171336728,0.0,0.0,0.0,555.7993236521327
2016-03-31,1663.7674772642767,-1071.6280500386504,4561.056683933988,1663.7674772642767,1663.7674772642767,31.335805120246413,31.335805120246413,31.335805120246413,156.07468268953613,156.07468268953613,156.07468268953613,-124.73887756928971,-124.73887756928971,-124.73887756928971,0.0,0.0,0.0,1695.1032823845233
2016-04-01,1664.6610886733752,-832.2002685436663,4558.680873426099,1664.6610886733752,1664.6610886733752,241.15298538729186,241.15298538729186,241.15298538729186,419.7313386422425,419.7313386422425,419.7313386422425,-178.57835325495066,-178.57835325495066,-178.57835325495066,0.0,0.0,0.0,1905.814074060667
2016-04-02,1665.5547000824738,-1187.307825797984,4299.974280402977,1665.5547000824738,1665.5547000824738,-206.20706483002337,-206.20706483002337,-206.20706483002337,21.366499825212408,21.366499825212408,21.366499825212408,-227.57356465523577,-227.57356465523577,-227.57356465523577,0.0,0.0,0.0,1459.3476352524503
2016-04-03,1666.4483114915722,-1058.8433346988495,4335.645089420334,1666.4483114915722,1666.4483114915722,-67.65074554638814,-67.65074554638814,-67.65074554638814,203.61296027581568,203.61296027581568,203.61296027581568,-271.2637058222038,-271.2637058222038,-271.2637058222038,0.0,0.0,0.0,1598.797565945184
2016-04-04,1667.3419229006709,-905.4871176584641,4458.049346558085,1667.3419229006709,1667.3419229006709,102.25838115754138,102.25838115754138,102.25838115754138,411.6149411061519,411.6149411061519,411.6149411061519,-309.3565599486105,-309.3565599486105,-309.3565599486105,0.0,0.0,0.0,1769.6003040582123
2016-04-05,1668.2355343097695,-1668.7862737040532,3968.454395674177,1668.2355343097695,1668.2355343097695,-513.7344840883175,-513.7344840883175,-513.7344840883175,-172.00787204841046,-172.00787204841046,-172.00787204841046,-341.726612039907,-341.726612039907,-341.726612039907,0.0,0.0,0.0,1154.501050221452
2016-04-06,1669.176500749277,-2366.0276337532696,3152.601795714198,1669.176500749277,1669.176500749277,-1408.8014646623851,-1408.8014646623851,-1408.8014646623851,-1040.392550489937,-1040.392550489937,-1040.392550489937,-368.4089141724479,-368.4089141724479,-368.4089141724479,0.0,0.0,0.0,260.3750360868919
2016-04-07,1670.1174671887845,-1286.7766825468304,4133.726660437599,1670.1174671887845,1670.1174671887845,-233.51430811288714,-233.51430811288714,-233.51430811288714,156.07468269078603,156.07468269078603,156.07468269078603,-389.58899080367314,-389.58899080367314,-389.58899080367314,0.0,0.0,0.0,1436.6031590758973
2016-04-08,1671.0584336282923,-786.4569567048075,4633.500871973316,1671.0584336282923,1671.0584336282923,14.14217017692223,14.14217017692223,14.14217017692223,419.7313386413319,419.7313386413319,419.7313386413319,-405.5891684644097,-405.5891684644097,-405.5891684644097,0.0,0.0,0.0,1685.2006038052145
2016-04-09,1671.9994000677996,-1533.3575265267991,4070.050881387017,1671.9994000677996,1671.9994000677996,-395.4852991052746,-395.4852991052746,-395.4852991052746,21.366499824659304,21.366499824659304,21.366499824659304,-416.8517989299339,-416.8517989299339,-416.8517989299339,0.0,0.0,0.0,1276.514100962525
2016-04-10,1672.9403665073073,-1192.0545765438917,4231.400714175841,1672.9403665073073,1672.9403665073073,-220.30695529414794,-220.30695529414794,-220.30695529414794,203.61296027417825,203.61296027417825,203.61296027417825,-423.91991556832613,-423.91991556832613,-423.91991556832613,0.0,0.0,0.0,1452.6334112131594
2016-04-12,1674.8222993863224,-1907.4546933087781,3759.7433334385196,1674.8222993863224,1674.8222993863224,-600.0267854252219,-600.0267854252219,-600.0267854252219,-172.00787204872321,-172.00787204872321,-172.00787204872321,-428.0189133764987,-428.0189133764987,-428.0189133764987,0.0,0.0,0.0,1074.7955139611004
2016-04-13,1675.7632658258299,-2433.1146800150927,3029.3338360322264,1675.7632658258299,1675.7632658258299,-1466.8339297523626,-1466.8339297523626,-1466.8339297523626,-1040.3925504897093,-1040.3925504897093,-1040.3925504897093,-426.4413792626533,-426.4413792626533,-426.4413792626533,0.0,0.0,0.0,208.9293360734673
2016-04-14,1676.7042322653376,-1207.2218507162804,4124.688859906572,1676.7042322653376,1676.7042322653376,-267.33109984310204,-267.33109984310204,-267.33109984310204,156.07468269087363,156.07468269087363,156.07468269087363,-423.4057825339757,-423.4057825339757,-423.4057825339757,0.0,0.0,0.0,1409.3731324222356
2016-04-15,1677.6451987048451,-1138.0392719181132,4341.417023171633,1677.6451987048451,1677.6451987048451,0.10952408662910969,0.10952408662910969,0.10952408662910969,419.7313386408859,419.7313386408859,419.7313386408859,-419.6218145542568,-419.6218145542568,-419.6218145542568,0.0,0.0,0.0,1677.7547227914743
2016-04-16,1678.5861651443527,-1323.6552964868542,4127.150724278067,1678.5861651443527,1678.5861651443527,-394.39833799568595,-394.39833799568595,-394.39833799568595,21.366499826058373,21.366499826058373,21.366499826058373,-415.7648378217444,-415.7648378217444,-415.7648378217444,0.0,0.0,0.0,1284.1878271486667
2016-04-17,1679.5271315838604,-1191.9606481355233,4234.056309974677,1679.5271315838604,1679.5271315838604,-208.84314758378142,-208.84314758378142,-208.84314758378142,203.61296027487552,203.61296027487552,203.61296027487552,-412.45610785865694,-412.45610785865694,-412.45610785865694,0.0,0.0,0.0,1470.683984000079
2016-04-18,1680.4680980233682,-967.9190242844422,4397.643300961386,1680.4680980233682,1680.4680980233682,1.3696736819355344,1.3696736819355344,1.3696736819355344,411.6149411062985,411.6149411062985,411.6149411062985,-410.2452674243629,-410.2452674243629,-410.2452674243629,0.0,0.0,0.0,1681.8377717053038
2016-04-19,1681.4090644628757,-1657.001956068296,4132.272864438456,1681.4090644628757,1681.4090644628757,-581.6034086053395,-581.6034086053395,-581.6034086053395,-172.00787204988598,-172.00787204988598,-172.00787204988598,-409.59553655545346,-409.59553655545346,-409.59553655545346,0.0,0.0,0.0,1099.8056558575363
2016-04-21,1683.2909973418907,-1360.9457744582753,4231.2168473505835,1683.2909973418907,1683.2909973418907,-258.2581220066749,-258.2581220066749,-258.2581220066749,156.0746826899177,156.0746826899177,156.0746826899177,-414.33280469659263,-414.33280469659263,-414.33280469659263,0.0,0.0,0.0,1425.0328753352157
2016-04-22,1684.2319637813982,-1057.9156963001287,4498.794283178738,1684.2319637813982,1684.2319637813982,-0.39338562593721776,-0.39338562593721776,-0.39338562593721776,419.7313386409357,419.7313386409357,419.7313386409357,-420.12472426687293,-420.12472426687293,-420.12472426687293,0.0,0.0,0.0,1683.838578155461
2016-04-23,1685.172930220906,-1326.7323419231911,3931.074841639049,1685.172930220906,1685.172930220906,-406.9144677297191,-406.9144677297191,-406.9144677297191,21.366499825157995,21.366499825157995,21.366499825157995,-428.28096755487707,-428.28096755487707,-428.28096755487707,0.0,0.0,0.0,1278.258462491187
2016-04-24,1686.1138966604133,-1388.660122103122,4333.358411976469,1686.1138966604133,1686.1138966604133,-235.11040187673754,-235.11040187673754,-235.11040187673754,203.61296027557282,203.61296027557282,203.61296027557282,-438.72336215231036,-438.72336215231036,-438.72336215231036,0.0,0.0,0.0,1451.0034947836757
2016-04-25,1687.054863099921,-878.8351404073363,4319.634497155544,1687.054863099921,1687.054863099921,-39.65252672633527,-39.65252672633527,-39.65252672633527,411.6149411050929,411.6149411050929,411.6149411050929,-451.2674678314282,-451.2674678314282,-451.2674678314282,0.0,0.0,0.0,1647.4023363735857
2016-04-26,1687.9958295394285,-1591.6834794296392,3962.9111622190117,1687.9958295394285,1687.9958295394285,-637.6386988141878,-637.6386988141878,-637.6386988141878,-172.0078720487508,-172.0078720487508,-172.0078720487508,-465.63082676543706,-465.63082676543706,-465.63082676543706,0.0,0.0,0.0,1050.3571307252407
2016-04-28,1689.8777624184438,-1454.6012515985108,3981.252841794896,1689.8777624184438,1689.8777624184438,-342.18918438661603,-342.18918438661603,-342.18918438661603,156.07468269058643,156.07468269058643,156.07468269058643,-498.26386707720246,-498.26386707720246,-498.26386707720246,0.0,0.0,0.0,1347.6885780318278
2016-04-30,1691.759695297459,-1517.4326102031605,4069.4664934280713,1691.759695297459,1691.759695297459,-511.5106874428473,-511.5106874428473,-511.5106874428473,21.36649982575454,21.36649982575454,21.36649982575454,-532.8771872686019,-532.8771872686019,-532.8771872686019,0.0,0.0,0.0,1180.2490078546118
2016-05-01,1692.7006617369666,-1301.0584183313565,3980.424633067087,1692.7006617369666,1692.7006617369666,-345.948520542079,-345.948520542079,-345.948520542079,203.61296027504653,203.61296027504653,203.61296027504653,-549.5614808171255,-549.5614808171255,-549.5614808171255,0.0,0.0,0.0,1346.7521411948876
2016-05-02,1693.6416281764741,-1307.3148188642965,4255.12592408882,1693.6416281764741,1693.6416281764741,-153.45525175783615,-153.45525175783615,-153.45525175783615,411.6149411060302,411.6149411060302,411.6149411060302,-565.0701928638663,-565.0701928638663,-565.0701928638663,0.0,0.0,0.0,1540.186376418638
2016-05-03,1694.5825946159816,-1712.626761905888,3420.58749481016,1694.5825946159816,1694.5825946159816,-750.8519406455065,-750.8519406455065,-750.8519406455065,-172.00787204676558,-172.00787204676558,-172.00787204676558,-578.8440685987408,-578.8440685987408,-578.8440685987408,0.0,0.0,0.0,943.7306539704751
2016-05-05,1696.464527494997,-1405.1243063879638,4019.34084763917,1696.464527494997,1696.464527494997,-443.0423481189255,-443.0423481189255,-443.0423481189255,156.07468269125516,156.07468269125516,156.07468269125516,-599.1170308101806,-599.1170308101806,-599.1170308101806,0.0,0.0,0.0,1253.4221793760714
2016-05-06,1697.4054939345042,-1163.3514002964253,4167.400815919076,1697.4054939345042,1697.4054939345042,-184.98050352299873,-184.98050352299873,-184.98050352299873,419.7313386410357,419.7313386410357,419.7313386410357,-604.7118421640344,-604.7118421640344,-604.7118421640344,0.0,0.0,0.0,1512.4249904115054
2016-05-07,1698.346460374012,-1574.3282796304795,3714.075572576353,1698.346460374012,1698.346460374012,-585.4244026222151,-585.4244026222151,-585.4244026222151,21.366499824854188,21.366499824854188,21.366499824854188,-606.7909024470692,-606.7909024470692,-606.7909024470692,0.0,0.0,0.0,1112.9220577517967
2016-05-08,1699.2874268135195,-1592.9802509911294,3975.1320325362785,1699.2874268135195,1699.2874268135195,-401.47841295412337,-401.47841295412337,-401.47841295412337,203.6129602746326,203.6129602746326,203.6129602746326,-605.091373228756,-605.091373228756,-605.091373228756,0.0,0.0,0.0,1297.8090138593961
2016-05-09,1700.228393253027,-1335.655009114111,4422.859846035181,1700.228393253027,1700.228393253027,-187.82811657504547,-187.82811657504547,-187.82811657504547,411.6149411056772,411.6149411056772,411.6149411056772,-599.4430576807226,-599.4430576807226,-599.4430576807226,0.0,0.0,0.0,1512.4002766779815
2016-05-10,1701.1693596925347,-1855.4936014208245,3593.600700722021,1701.1693596925347,1701.1693596925347,-761.7815648494234,-761.7815648494234,-761.7815648494234,-172.00787204792826,-172.00787204792826,-172.00787204792826,-589.7736928014951,-589.7736928014951,-589.7736928014951,0.0,0.0,0.0,939.3877948431114
2016-05-11,1702.1103261320422,-2690.7321135906627,2768.854199441876,1702.1103261320422,1702.1103261320422,-1616.5039638558612,-1616.5039638558612,-1616.5039638558612,-1040.3925504895442,-1040.3925504895442,-1040.3925504895442,-576.1114133663169,-576.1114133663169,-576.1114133663169,0.0,0.0,0.0,85.60636227618102
2016-05-12,1703.0512925715498,-1437.9230995602911,4032.3775476850396,1703.0512925715498,1703.0512925715498,-402.5096836882473,-402.5096836882473,-402.5096836882473,156.0746826897181,156.0746826897181,156.0746826897181,-558.5843663779655,-558.5843663779655,-558.5843663779655,0.0,0.0,0.0,1300.5416088833024
2016-05-14,1704.933225450565,-1401.4259601488093,4018.020152924235,1704.933225450565,1704.933225450565,-491.5604115392939,-491.5604115392939,-491.5604115392939,21.366499825450735,21.366499825450735,21.366499825450735,-512.9269113647447,-512.9269113647447,-512.9269113647447,0.0,0.0,0.0,1213.3728139112711
2016-05-15,1705.8741918900728,-1110.339036524252,4034.8832937685715,1705.8741918900728,1705.8741918900728,-281.89825840726104,-281.89825840726104,-281.89825840726104,203.61296027532993,203.61296027532993,203.61296027532993,-485.51121868259094,-485.51121868259094,-485.51121868259094,0.0,0.0,0.0,1423.9759334828118
2016-05-16,1706.8151583295803,-1054.0114173387892,4513.502224438564,1706.8151583295803,1706.8151583295803,-44.0265282878358,-44.0265282878358,-44.0265282878358,411.61494110532414,411.61494110532414,411.61494110532414,-455.6414693931599,-455.6414693931599,-455.6414693931599,0.0,0.0,0.0,1662.7886300417445
2016-05-17,1707.7561247690878,-1525.1271011748324,3822.4735784437917,1707.7561247690878,1707.7561247690878,-595.8565465433622,-595.8565465433622,-595.8565465433622,-172.0078720459431,-172.0078720459431,-172.0078720459431,-423.8486744974192,-423.8486744974192,-423.8486744974192,0.0,0.0,0.0,1111.8995782257257
2016-05-18,1708.6970912085956,-2241.165736075941,3019.613753812527,1708.6970912085956,1708.6970912085956,-1431.1026366089707,-1431.1026366089707,-1431.1026366089707,-1040.392550489803,-1040.392550489803,-1040.392550489803,-390.71008611916784,-390.71008611916784,-390.71008611916784,0.0,0.0,0.0,277.5944545996249
2016-05-19,1709.6380576481029,-1319.308664263907,4298.99461622295,1709.6380576481029,1709.6380576481029,-200.7596954857331,-200.7596954857331,-200.7596954857331,156.074682690968,156.074682690968,156.074682690968,-356.8343781767011,-356.8343781767011,-356.8343781767011,0.0,0.0,0.0,1508.8783621623697
2016-05-20,1710.5790240876102,-887.4008193508987,4489.2030965335925,1710.5790240876102,1710.5790240876102,96.88514399624886,96.88514399624886,96.88514399624886,419.73133864206477,419.73133864206477,419.73133864206477,-322.84619464581596,-322.84619464581596,-322.84619464581596,0.0,0.0,0.0,1807.464168083859
2016-05-21,1711.5200192164916,-1239.1507681433736,4233.0977439748085,1711.5200192164916,1711.5200192164916,-268.0040036170626,-268.0040036170626,-268.0040036170626,21.366499826047367,21.366499826047367,21.366499826047367,-289.37050344311,-289.37050344311,-289.37050344311,0.0,0.0,0.0,1443.516015599429
2016-05-22,1712.461014345373,-1087.9049037920636,4152.754025798135,1712.461014345373,1712.461014345373,-53.40423004294968,-53.40423004294968,-53.40423004294968,203.61296027491608,203.61296027491608,203.61296027491608,-257.01719031786575,-257.01719031786575,-257.01719031786575,0.0,0.0,0.0,1659.0567843024235
2016-05-23,1713.4020094742546,-945.1005360734705,4681.627892217464,1713.4020094742546,1713.4020094742546,185.24862981615283,185.24862981615283,185.24862981615283,411.6149411054088,411.6149411054088,411.6149411054088,-226.36631128925592,-226.36631128925592,-226.36631128925592,0.0,0.0,0.0,1898.6506392904073
2016-05-24,1714.343004603136,-1329.949572116229,4184.790978774298,1714.343004603136,1714.343004603136,-369.9622668449501,-369.9622668449501,-369.9622668449501,-172.00787204710582,-172.00787204710582,-172.00787204710582,-197.9543947978443,-197.9543947978443,-197.9543947978443,0.0,0.0,0.0,1344.380737758186
2016-05-25,1715.2839997320175,-2104.5855051496433,3296.834502491433,1715.2839997320175,1715.2839997320175,-1212.6546973555467,-1212.6546973555467,-1212.6546973555467,-1040.3925504896617,-1040.3925504896617,-1040.3925504896617,-172.26214686588492,-172.26214686588492,-172.26214686588492,0.0,0.0,0.0,502.62930237647083
2016-05-26,1716.2249948608987,-1173.9359995811383,4731.124675197084,1716.2249948608987,1716.2249948608987,6.3708172078192575,6.3708172078192575,6.3708172078192575,156.07468269163672,156.07468269163672,156.07468269163672,-149.70386548381748,-149.70386548381748,-149.70386548381748,0.0,0.0,0.0,1722.595812068718
2016-05-27,1717.1659899897802,-727.2147173130311,4771.3161647713305,1717.1659899897802,1717.1659899897802,289.11252295821754,289.11252295821754,289.11252295821754,419.73133864115414,419.73133864115414,419.73133864115414,-130.6188156829366,-130.6188156829366,-130.6188156829366,0.0,0.0,0.0,2006.2785129479978
2016-05-28,1718.1069851186614,-1293.3546002141677,4206.414933333166,1718.1069851186614,1718.1069851186614,-93.89825622288151,-93.89825622288151,-93.89825622288151,21.366499825146963,21.366499825146963,21.366499825146963,-115.26475604802847,-115.26475604802847,-115.26475604802847,0.0,0.0,0.0,1624.20872889578
2016-05-29,1719.0479802475427,-933.7748626730531,4652.245133360265,1719.0479802475427,1719.0479802475427,99.79921763960027,99.79921763960027,99.79921763960027,203.61296027550088,203.61296027550088,203.61296027550088,-103.81374263590061,-103.81374263590061,-103.81374263590061,0.0,0.0,0.0,1818.847197887143
2016-05-30,1719.9889753764244,-577.1428547003438,4669.597760904801,1719.9889753764244,1719.9889753764244,315.26467178008176,315.26467178008176,315.26467178008176,411.61494110590826,411.61494110590826,411.61494110590826,-96.35026932582649,-96.35026932582649,-96.35026932582649,0.0,0.0,0.0,2035.253647156506
2016-05-31,1720.9299705053056,-1239.5874686062339,4230.147433728471,1720.9299705053056,1720.9299705053056,-264.8796085701203,-264.8796085701203,-264.8796085701203,-172.00787204784356,-172.00787204784356,-172.00787204784356,-92.87173652227675,-92.87173652227675,-92.87173652227675,0.0,0.0,0.0,1456.0503619351853
2016-06-02,1722.8119607630686,-1115.5735087293701,4614.960318197273,1722.8119607630686,1722.8119607630686,58.6325945247618,58.6325945247618,58.6325945247618,156.07468269288663,156.07468269288663,156.07468269288663,-97.44208816812483,-97.44208816812483,-97.44208816812483,0.0,0.0,0.0,1781.4445552878303
2016-06-03,1723.75295589195,-859.6988423703436,4929.721869836108,1723.75295589195,1723.75295589195,314.6461128285562,314.6461128285562,314.6461128285562,419.73133864166886,419.73133864166886,419.73133864166886,-105.08522581311257,-105.08522581311257,-105.08522581311257,0.0,0.0,0.0,2038.3990687205062
2016-06-04,1724.6939510208313,-1079.0965241663846,4293.495098571532,1724.6939510208313,1724.6939510208313,-94.55054053297255,-94.55054053297255,-94.55054053297255,21.36649982574351,21.36649982574351,21.36649982574351,-115.91704035871605,-115.91704035871605,-115.91704035871605,0.0,0.0,0.0,1630.1434104878588
2016-06-05,1725.6349461497127,-1033.6100367026875,4584.7626093462495,1725.6349461497127,1725.6349461497127,74.0334095362774,74.0334095362774,74.0334095362774,203.6129602750871,203.6129602750871,203.6129602750871,-129.57955073880967,-129.57955073880967,-129.57955073880967,0.0,0.0,0.0,1799.66835568599
2016-06-06,1726.575941278594,-646.509933865069,4664.093304152186,1726.575941278594,1726.575941278594,265.9436468766201,265.9436468766201,265.9436468766201,411.6149411051404,411.6149411051404,411.6149411051404,-145.67129422852025,-145.67129422852025,-145.67129422852025,0.0,0.0,0.0,1992.519588155214
2016-06-07,1727.5169364074752,-1306.2331399602645,4034.608520513539,1727.5169364074752,1727.5169364074752,-335.76690240716897,-335.76690240716897,-335.76690240716897,-172.00787204900638,-172.00787204900638,-172.00787204900638,-163.75903035816256,-163.75903035816256,-163.75903035816256,0.0,0.0,0.0,1391.7500340003062
2016-06-09,1729.3989266652382,-921.6867085871014,4418.675642705738,1729.3989266652382,1729.3989266652382,-48.02863578907993,-48.02863578907993,-48.02863578907993,156.0746826907684,156.0746826907684,156.0746826907684,-204.10331847984833,-204.10331847984833,-204.10331847984833,0.0,0.0,0.0,1681.3702908761582
2016-06-10,1730.3399217941198,-869.1754070837503,4740.565683232094,1730.3399217941198,1730.3399217941198,194.287968632478,194.287968632478,194.287968632478,419.73133864171865,419.73133864171865,419.73133864171865,-225.44337000924065,-225.44337000924065,-225.44337000924065,0.0,0.0,0.0,1924.6278904265978
2016-06-11,1731.280916923001,-1257.6544982136572,4142.85406340479,1731.280916923001,1731.280916923001,-225.60302965312854,-225.60302965312854,-225.60302965312854,21.36649982519038,21.36649982519038,21.36649982519038,-246.96952947831895,-246.96952947831895,-246.96952947831895,0.0,0.0,0.0,1505.6778872698726
2016-06-12,1732.2219120518826,-1149.5728444229567,4283.215632288454,1732.2219120518826,1732.2219120518826,-64.6543043772714,-64.6543043772714,-64.6543043772714,203.61296027467318,203.61296027467318,203.61296027467318,-268.2672646519446,-268.2672646519446,-268.2672646519446,0.0,0.0,0.0,1667.567607674611
2016-06-13,1733.1629071807638,-565.3442049747824,4493.923206132953,1733.1629071807638,1733.1629071807638,122.65779350246315,122.65779350246315,122.65779350246315,411.61494110607754,411.61494110607754,411.61494110607754,-288.9571476036144,-288.9571476036144,-288.9571476036144,0.0,0.0,0.0,1855.820700683227
2016-06-14,1734.1039023096453,-1506.4647296117687,3993.5076693366773,1734.1039023096453,1734.1039023096453,-480.7104983257584,-480.7104983257584,-480.7104983257584,-172.00787204744614,-172.00787204744614,-172.00787204744614,-308.7026262783122,-308.7026262783122,-308.7026262783122,0.0,0.0,0.0,1253.3934039838869
2016-06-15,1735.0448974385267,-2493.219236417888,3112.7183723287826,1735.0448974385267,1735.0448974385267,-1367.6087823755654,-1367.6087823755654,-1367.6087823755654,-1040.3925504896379,-1040.3925504896379,-1040.3925504896379,-327.2162318859274,-327.2162318859274,-327.2162318859274,0.0,0.0,0.0,367.43611506296133
2016-06-16,1735.9858925674082,-1123.3331580788583,4303.092913662779,1735.9858925674082,1735.9858925674082,-188.1894194434871,-188.1894194434871,-188.1894194434871,156.07468268923134,156.07468268923134,156.07468268923134,-344.26410213271845,-344.26410213271845,-344.26410213271845,0.0,0.0,0.0,1547.796473123921
2016-06-17,1736.9268876962894,-822.5534035409795,4504.34733514657,1736.9268876962894,1736.9268876962894,60.06258466531663,60.06258466531663,60.06258466531663,419.7313386417686,419.7313386417686,419.7313386417686,-359.668753976452,-359.668753976452,-359.668753976452,0.0,0.0,0.0,1796.989472361606
2016-06-18,1737.8678828251707,-1481.3738712617594,3984.3282201063003,1737.8678828251707,1737.8678828251707,-351.9435940087056,-351.9435940087056,-351.9435940087056,21.366499825786963,21.366499825786963,21.366499825786963,-373.31009383449253,-373.31009383449253,-373.31009383449253,0.0,0.0,0.0,1385.9242888164652
2016-06-19,1738.8088779540524,-1164.7797680330805,4220.271928044733,1738.8088779540524,1738.8088779540524,-181.5117460688753,-181.5117460688753,-181.5117460688753,203.61296027525805,203.61296027525805,203.61296027525805,-385.12470634413336,-385.12470634413336,-385.12470634413336,0.0,0.0,0.0,1557.2971318851771
2016-06-20,1739.7498730829336,-1182.629739715846,4347.662073587644,1739.7498730829336,1739.7498730829336,16.511427820836975,16.511427820836975,16.511427820836975,411.614941104872,411.614941104872,411.614941104872,-395.103513284035,-395.103513284035,-395.103513284035,0.0,0.0,0.0,1756.2613009037707
2016-06-21,1740.690868211815,-1642.0877132319677,4069.8983791422766,1740.690868211815,1740.690868211815,-575.2958127182884,-575.2958127182884,-575.2958127182884,-172.00787204818386,-172.00787204818386,-172.00787204818386,-403.2879406701046,-403.2879406701046,-403.2879406701046,0.0,0.0,0.0,1165.3950554935268
2016-06-23,1742.5728584695778,-1417.1652624061298,4161.742458986306,1742.5728584695778,1742.5728584695778,-258.58522532630286,-258.58522532630286,-258.58522532630286,156.07468268990007,156.07468268990007,156.07468268990007,-414.6599080162029,-414.6599080162029,-414.6599080162029,0.0,0.0,0.0,1483.987633143275
2016-06-24,1743.5138535984593,-1106.236046166031,4497.8626997160145,1743.5138535984593,1743.5138535984593,1.6000862848640933,1.6000862848640933,1.6000862848640933,419.7313386413226,419.7313386413226,419.7313386413226,-418.1312523564585,-418.1312523564585,-418.1312523564585,0.0,0.0,0.0,1745.1139398833234
2016-06-25,1744.4548487273407,-1440.4027294462492,4091.6948815018177,1744.4548487273407,1744.4548487273407,-398.99451734904284,-398.99451734904284,-398.99451734904284,21.366499826036332,21.366499826036332,21.366499826036332,-420.36101717507916,-420.36101717507916,-420.36101717507916,0.0,0.0,0.0,1345.460331378298
2016-06-26,1745.395843856222,-1360.3501423218,4272.9890886267995,1745.395843856222,1745.395843856222,-217.93472297230818,-217.93472297230818,-217.93472297230818,203.61296027484414,203.61296027484414,203.61296027484414,-421.54768324715235,-421.54768324715235,-421.54768324715235,0.0,0.0,0.0,1527.4611208839137
2016-06-27,1746.3368389851032,-806.1782232183648,4559.091527626141,1746.3368389851032,1746.3368389851032,-10.282965491256927,-10.282965491256927,-10.282965491256927,411.6149411053716,411.6149411053716,411.6149411053716,-421.8979065966285,-421.8979065966285,-421.8979065966285,0.0,0.0,0.0,1736.0538734938464
2016-06-28,1747.277834113985,-1636.608474247338,3946.8443067183302,1747.277834113985,1747.277834113985,-593.6265008935178,-593.6265008935178,-593.6265008935178,-172.00787204892157,-172.00787204892157,-172.00787204892157,-421.6186288445961,-421.6186288445961,-421.6186288445961,0.0,0.0,0.0,1153.6513332204672
2016-06-29,1748.2188292428661,-2528.70702949535,3022.3474981587783,1748.2188292428661,1748.2188292428661,-1461.3021919093806,-1461.3021919093806,-1461.3021919093806,-1040.3925504892688,-1040.3925504892688,-1040.3925504892688,-420.90964142011194,-420.90964142011194,-420.90964142011194,0.0,0.0,0.0,286.9166373334856
2016-06-30,1749.1598243717476,-1370.2809574606974,4118.41911665759,1749.1598243717476,1749.1598243717476,-263.8821475486543,-263.8821475486543,-263.8821475486543,156.07468268894414,156.07468268894414,156.07468268894414,-419.95683023759847,-419.95683023759847,-419.95683023759847,0.0,0.0,0.0,1485.2776768230933
2016-07-01,1750.100819500629,-1018.9684223100321,4443.926267191795,1750.100819500629,1750.100819500629,0.8050404043486785,0.8050404043486785,0.8050404043486785,419.73133864233307,419.73133864233307,419.73133864233307,-418.92629823798444,-418.92629823798444,-418.92629823798444,0.0,0.0,0.0,1750.9058599049777
2016-07-02,1751.0418146295103,-1396.3680713744939,4313.846786414289,1751.0418146295103,1751.0418146295103,-396.5930285611891,-396.5930285611891,-396.5930285611891,21.36649982548318,21.36649982548318,21.36649982548318,-417.9595283866723,-417.9595283866723,-417.9595283866723,0.0,0.0,0.0,1354.4487860683212
2016-07-03,1751.9958120596702,-972.1523176620302,4253.564536521635,1751.9958120596702,1751.9958120596702,-213.55675021422948,-213.55675021422948,-213.55675021422948,203.612960275429,203.612960275429,203.612960275429,-417.16971048965854,-417.16971048965854,-417.16971048965854,0.0,0.0,0.0,1538.4390618454408
2016-07-04,1752.9498094898306,-1073.397702888942,4641.362203958936,1752.9498094898306,1752.9498094898306,-5.024371762128301,-5.024371762128301,-5.024371762128301,411.6149411050187,411.6149411050187,411.6149411050187,-416.639312867147,-416.639312867147,-416.639312867147,0.0,0.0,0.0,1747.9254377277023
2016-07-07,1755.8118017803104,-1360.4237011498265,4203.971334459923,1755.8118017803104,1755.8118017803104,-260.878615657658,-260.878615657658,-260.878615657658,156.07468269019404,156.07468269019404,156.07468269019404,-416.95329834785207,-416.95329834785207,-416.95329834785207,0.0,0.0,0.0,1494.9331861226524
2016-07-08,1756.7657992104703,-961.1122808897754,4431.741435253859,1756.7657992104703,1756.7657992104703,2.0742578249561903,2.0742578249561903,2.0742578249561903,419.7313386414224,419.7313386414224,419.7313386414224,-417.65708081646625,-417.65708081646625,-417.65708081646625,0.0,0.0,0.0,1758.8400570354265
2016-07-09,1757.7197966406302,-1547.4547036407762,3890.9170287760953,1757.7197966406302,1757.7197966406302,-397.20844488576984,-397.20844488576984,-397.20844488576984,21.366499824930028,21.366499824930028,21.366499824930028,-418.57494471069987,-418.57494471069987,-418.57494471069987,0.0,0.0,0.0,1360.5113517548602
2016-07-10,1758.67379407079,-1092.324241768524,4278.830286803562,1758.67379407079,1758.67379407079,-216.01000800604004,-216.01000800604004,-216.01000800604004,203.61296027379151,203.61296027379151,203.61296027379151,-419.6229682798315,-419.6229682798315,-419.6229682798315,0.0,0.0,0.0,1542.6637860647502
2016-07-12,1760.5817889311104,-1684.9953932069345,3862.6464160782652,1760.5817889311104,1760.5817889311104,-593.7116868871173,-593.7116868871173,-593.7116868871173,-172.0078720480991,-172.0078720480991,-172.0078720480991,-421.7038148390182,-421.7038148390182,-421.7038148390182,0.0,0.0,0.0,1166.870102043993
2016-07-14,1762.4897837914302,-1142.3120795288846,4174.8889321031065,1762.4897837914302,1762.4897837914302,-266.9512021272508,-266.9512021272508,-266.9512021272508,156.07468269028163,156.07468269028163,156.07468269028163,-423.0258848175324,-423.0258848175324,-423.0258848175324,0.0,0.0,0.0,1495.5385816641794
2016-07-15,1763.4437812215901,-1036.6496618912315,4565.169524444549,1763.4437812215901,1763.4437812215901,-3.4003209786056554,-3.4003209786056554,-3.4003209786056554,419.7313386414724,419.7313386414724,419.7313386414724,-423.13165962007804,-423.13165962007804,-423.13165962007804,0.0,0.0,0.0,1760.0434602429846
2016-07-16,1764.39777865175,-1560.8444294699593,4161.477431218765,1764.39777865175,1764.39777865175,-401.3747037077353,-401.3747037077353,-401.3747037077353,21.366499826329047,21.366499826329047,21.366499826329047,-422.74120353406437,-422.74120353406437,-422.74120353406437,0.0,0.0,0.0,1363.0230749440148
2016-07-17,1765.35177608191,-1008.6501227336198,4344.389368553465,1765.35177608191,1765.35177608191,-218.16673054413965,-218.16673054413965,-218.16673054413965,203.61296027448887,203.61296027448887,203.61296027448887,-421.7796908186285,-421.7796908186285,-421.7796908186285,0.0,0.0,0.0,1547.1850455377703
2016-07-18,1766.3057735120703,-1011.1620981394957,4434.441088020841,1766.3057735120703,1766.3057735120703,-8.577647555782491,-8.577647555782491,-8.577647555782491,411.6149411064553,411.6149411064553,411.6149411064553,-420.1925886622378,-420.1925886622378,-420.1925886622378,0.0,0.0,0.0,1757.7281259562878
2016-07-19,1767.2597709422303,-1815.9808602879161,3844.697405140441,1767.2597709422303,1767.2597709422303,-589.9562279543229,-589.9562279543229,-589.9562279543229,-172.00787204926192,-172.00787204926192,-172.00787204926192,-417.948355905061,-417.948355905061,-417.948355905061,0.0,0.0,0.0,1177.3035429879073
2016-07-20,1768.2137683723902,-2359.4474174203583,2999.9652215581887,1768.2137683723902,1768.2137683723902,-1455.4326474035672,-1455.4326474035672,-1455.4326474035672,-1040.3925504896447,-1040.3925504896447,-1040.3925504896447,-415.0400969139226,-415.0400969139226,-415.0400969139226,0.0,0.0,0.0,312.78112096882296
2016-07-21,1769.16776580255,-1130.9616500362877,4343.36091897387,1769.16776580255,1769.16776580255,-255.4114152260921,-255.4114152260921,-255.4114152260921,156.0746826893257,156.0746826893257,156.0746826893257,-411.48609791541776,-411.48609791541776,-411.48609791541776,0.0,0.0,0.0,1513.756350576458
2016-07-22,1770.12176323271,-833.8362468586171,4333.445313641493,1770.12176323271,1770.12176323271,12.402126207814154,12.402126207814154,12.402126207814154,419.73133864102647,419.73133864102647,419.73133864102647,-407.3292124332123,-407.3292124332123,-407.3292124332123,0.0,0.0,0.0,1782.5238894405243
2016-07-23,1771.07576066287,-1057.1588124780048,4332.057582319542,1771.07576066287,1771.07576066287,-381.2686030918919,-381.2686030918919,-381.2686030918919,21.36649982462627,21.36649982462627,21.36649982462627,-402.6351029165181,-402.6351029165181,-402.6351029165181,0.0,0.0,0.0,1389.807157570978
2016-07-24,1772.0297580930298,-1255.0639956682612,4448.985714767606,1772.0297580930298,1772.0297580930298,-193.87642560699882,-193.87642560699882,-193.87642560699882,203.6129602751861,203.6129602751861,203.6129602751861,-397.48938588218493,-397.48938588218493,-397.48938588218493,0.0,0.0,0.0,1578.153332486031
2016-07-25,1772.9837555231898,-949.7477923084471,4408.657043507426,1772.9837555231898,1772.9837555231898,19.62117444511217,19.62117444511217,19.62117444511217,411.6149411052498,411.6149411052498,411.6149411052498,-391.9937666601376,-391.9937666601376,-391.9937666601376,0.0,0.0,0.0,1792.604929968302
2016-07-28,1775.8457478136695,-1095.083638973003,4315.642774807874,1775.8457478136695,1775.8457478136695,-218.48642054019876,-218.48642054019876,-218.48642054019876,156.07468268999443,156.07468268999443,156.07468268999443,-374.5611032301932,-374.5611032301932,-374.5611032301932,0.0,0.0,0.0,1557.3593272734706
2016-07-29,1776.7997452438294,-1053.042655808022,4639.221238295425,1776.7997452438294,1776.7997452438294,50.90712153746357,50.90712153746357,50.90712153746357,419.7313386401158,419.7313386401158,419.7313386401158,-368.8242171026522,-368.8242171026522,-368.8242171026522,0.0,0.0,0.0,1827.706866781293
2016-07-30,1777.7537426739898,-1357.6940678580677,4078.32355847643,1777.7537426739898,1777.7537426739898,-341.93269626506475,-341.93269626506475,-341.93269626506475,21.36649982602523,21.36649982602523,21.36649982602523,-363.2991960910899,-363.2991960910899,-363.2991960910899,0.0,0.0,0.0,1435.821046408925
2016-07-31,1778.7077401041497,-1089.8663846091151,4390.808875437154,1778.7077401041497,1778.7077401041497,-154.4525866227939,-154.4525866227939,-154.4525866227939,203.61296027588338,203.61296027588338,203.61296027588338,-358.06554689867727,-358.06554689867727,-358.06554689867727,0.0,0.0,0.0,1624.2551534813558
2016-08-01,1779.6617375343099,-894.2512512173872,4499.352410542531,1779.6617375343099,1779.6617375343099,58.43777275471408,58.43777275471408,58.43777275471408,411.6149411061869,411.6149411061869,411.6149411061869,-353.17716835147286,-353.17716835147286,-353.17716835147286,0.0,0.0,0.0,1838.099510289024
2016-08-02,1780.6157349644698,-1499.9816932080905,4050.020578018866,1780.6157349644698,1780.6157349644698,-520.6646810319313,-520.6646810319313,-520.6646810319313,-172.00787204886444,-172.00787204886444,-172.00787204886444,-348.6568089830669,-348.6568089830669,-348.6568089830669,0.0,0.0,0.0,1259.9510539325383
2016-08-03,1781.5697323946297,-2300.168647016176,2997.6927080109936,1781.5697323946297,1781.5697323946297,-1384.8838355053365,-1384.8838355053365,-1384.8838355053365,-1040.3925504898489,-1040.3925504898489,-1040.3925504898489,-344.49128501548756,-344.49128501548756,-344.49128501548756,0.0,0.0,0.0,396.6858968892932
2016-08-04,1782.5237298247896,-975.9375979647998,4495.474755875185,1782.5237298247896,1782.5237298247896,-184.5529670903078,-184.5529670903078,-184.5529670903078,156.0746826906632,156.0746826906632,156.0746826906632,-340.62764978097096,-340.62764978097096,-340.62764978097096,0.0,0.0,0.0,1597.970762734482
2016-08-05,1783.4777272549495,-863.8234262610537,4471.775287668055,1783.4777272549495,1783.4777272549495,82.76085841395718,82.76085841395718,82.76085841395718,419.73133864112623,419.73133864112623,419.73133864112623,-336.9704802271691,-336.9704802271691,-336.9704802271691,0.0,0.0,0.0,1866.2385856689066
2016-08-06,1784.4317246851094,-1366.583712422755,4192.792817359256,1784.4317246851094,1784.4317246851094,-312.01391561732737,-312.01391561732737,-312.01391561732737,21.36649982512491,21.36649982512491,21.36649982512491,-333.3804154424523,-333.3804154424523,-333.3804154424523,0.0,0.0,0.0,1472.417809067782
2016-08-07,1785.3857221152693,-918.169985763962,4497.579794688476,1785.3857221152693,1785.3857221152693,-126.0610867699643,-126.0610867699643,-126.0610867699643,203.61296027424592,203.61296027424592,203.61296027424592,-329.6740470442102,-329.6740470442102,-329.6740470442102,0.0,0.0,0.0,1659.324635345305
2016-08-08,1786.3397195454293,-924.5398424290566,4676.80889356154,1786.3397195454293,1786.3397195454293,85.98971828838175,85.98971828838175,85.98971828838175,411.6149411058339,411.6149411058339,411.6149411058339,-325.6252228174522,-325.6252228174522,-325.6252228174522,0.0,0.0,0.0,1872.329437833811
2016-08-09,1787.2937169755894,-1362.9094027391038,4149.560177072429,1787.2937169755894,1787.2937169755894,-492.97565635876106,-492.97565635876106,-492.97565635876106,-172.00787205002726,-172.00787205002726,-172.00787205002726,-320.9677843087338,-320.9677843087338,-320.9677843087338,0.0,0.0,0.0,1294.3180606168285
2016-08-11,1789.2017118359092,-1023.2652501952584,4580.3427610344215,1789.2017118359092,1789.2017118359092,-152.51397024679542,-152.51397024679542,-152.51397024679542,156.07468269133196,156.07468269133196,156.07468269133196,-308.5886529381273,-308.5886529381273,-308.5886529381273,0.0,0.0,0.0,1636.6877415891138
2016-08-12,1790.1557092660692,-1119.0066993248377,4714.227255489133,1790.1557092660692,1790.1557092660692,119.55272293708846,119.55272293708846,119.55272293708846,419.73133864068024,419.73133864068024,419.73133864068024,-300.1786157035918,-300.1786157035918,-300.1786157035918,0.0,0.0,0.0,1909.7084322031576
2016-08-13,1791.1097066962293,-1340.1692159958025,4174.82110813165,1791.1097066962293,1791.1097066962293,-268.4313797487153,-268.4313797487153,-268.4313797487153,21.36649982572147,21.36649982572147,21.36649982572147,-289.79787957443676,-289.79787957443676,-289.79787957443676,0.0,0.0,0.0,1522.678326947514
2016-08-14,1792.0637041263892,-1186.419802959696,4282.166452062222,1792.0637041263892,1792.0637041263892,-73.4547959021772,-73.4547959021772,-73.4547959021772,203.61296027494322,203.61296027494322,203.61296027494322,-277.06775617712043,-277.06775617712043,-277.06775617712043,0.0,0.0,0.0,1718.608908224212
2016-08-15,1793.0177015565491,-831.1218314540316,4545.989589140124,1793.0177015565491,1793.0177015565491,150.0028290294131,150.0028290294131,150.0028290294131,411.6149411054809,411.6149411054809,411.6149411054809,-261.6121120760678,-261.6121120760678,-261.6121120760678,0.0,0.0,0.0,1943.0205305859622
2016-08-16,1793.9716989867095,-1651.0567829757993,4025.0206028869584,1793.9716989867095,1793.9716989867095,-415.0752589316473,-415.0752589316473,-415.0752589316473,-172.00787204761696,-172.00787204761696,-172.00787204761696,-243.06738688403033,-243.06738688403033,-243.06738688403033,0.0,0.0,0.0,1378.8964400550622
2016-08-17,1794.925696416869,-2256.291416291304,3261.450495952185,1794.925696416869,1794.925696416869,-1261.4854167874835,-1261.4854167874835,-1261.4854167874835,-1040.3925504899664,-1040.3925504899664,-1040.3925504899664,-221.09286629751713,-221.09286629751713,-221.09286629751713,0.0,0.0,0.0,533.4402796293855
2016-08-18,1795.914262688641,-758.0707955708411,4517.35068896768,1795.914262688641,1795.914262688641,-39.30627000574563,-39.30627000574563,-39.30627000574563,156.074682690376,156.074682690376,156.074682690376,-195.38095269612162,-195.38095269612162,-195.38095269612162,0.0,0.0,0.0,1756.6079926828954
2016-08-19,1796.9028289604132,-763.0299086555439,4920.702980117765,1796.9028289604132,1796.9028289604132,254.06416724745952,254.06416724745952,254.06416724745952,419.7313386407302,419.7313386407302,419.7313386407302,-165.66717139327068,-165.66717139327068,-165.66717139327068,0.0,0.0,0.0,2050.966996207873
2016-08-20,1797.8913952321848,-1034.866774887212,4322.595989359166,1797.8913952321848,1797.8913952321848,-110.3731532227357,-110.3731532227357,-110.3731532227357,21.36649982516832,21.36649982516832,21.36649982516832,-131.739653047904,-131.739653047904,-131.739653047904,0.0,0.0,0.0,1687.518242009449
2016-08-21,1798.8799615039566,-653.4546301068954,4478.1421653327325,1798.8799615039566,1798.8799615039566,110.16511823063078,110.16511823063078,110.16511823063078,203.61296027452934,203.61296027452934,203.61296027452934,-93.44784204389855,-93.44784204389855,-93.44784204389855,0.0,0.0,0.0,1909.0450797345873
2016-08-22,1799.8685277757286,-482.6279332090698,4893.938591689712,1799.8685277757286,1799.8685277757286,360.9047445685687,360.9047445685687,360.9047445685687,411.614941105128,411.614941105128,411.614941105128,-50.710196536559366,-50.710196536559366,-50.710196536559366,0.0,0.0,0.0,2160.7732723442973
2016-08-23,1800.8570940475004,-1183.1266493782502,4445.364946690014,1800.8570940475004,1800.8570940475004,-175.52853992557525,-175.52853992557525,-175.52853992557525,-172.00787204605678,-172.00787204605678,-172.00787204605678,-3.520667879518449,-3.520667879518449,-3.520667879518449,0.0,0.0,0.0,1625.3285541219252
2016-08-26,1803.8227928628162,-426.84111877658944,5083.816818156956,1803.8227928628162,1803.8227928628162,583.3231114558243,583.3231114558243,583.3231114558243,419.73133864078005,419.73133864078005,419.73133864078005,163.59177281504424,163.59177281504424,163.59177281504424,0.0,0.0,0.0,2387.1459043186405
2016-08-27,1804.8113591345884,-558.7169954424529,4791.004531456857,1804.8113591345884,1804.8113591345884,248.36185839058052,248.36185839058052,248.36185839058052,21.36649982461519,21.36649982461519,21.36649982461519,226.99535856596532,226.99535856596532,226.99535856596532,0.0,0.0,0.0,2053.173217525169
2016-08-28,1805.79992540636,-507.15432621732214,5076.048692707874,1805.79992540636,1805.79992540636,497.2407417860867,497.2407417860867,497.2407417860867,203.6129602751142,203.6129602751142,203.6129602751142,293.6277815109725,293.6277815109725,293.6277815109725,0.0,0.0,0.0,2303.0406671924466
2016-08-29,1806.7884916781318,28.472156395922124,5285.2833311198865,1806.7884916781318,1806.7884916781318,774.6082941802276,774.6082941802276,774.6082941802276,411.61494110606515,411.61494110606515,411.61494110606515,362.9933530741625,362.9933530741625,362.9933530741625,0.0,0.0,0.0,2581.396785858359
2016-08-30,1807.7770579499038,-720.098318016499,4876.238040068445,1807.7770579499038,1807.7770579499038,262.5129037682273,262.5129037682273,262.5129037682273,-172.00787204721962,-172.00787204721962,-172.00787204721962,434.52077581544694,434.52077581544694,434.52077581544694,0.0,0.0,0.0,2070.289961718131
2016-08-31,1808.7656242216756,-1378.5034810115008,4040.456303522356,1808.7656242216756,1808.7656242216756,-532.8225303583547,-532.8225303583547,-532.8225303583547,-1040.3925504895972,-1040.3925504895972,-1040.3925504895972,507.57002013124253,507.57002013124253,507.57002013124253,0.0,0.0,0.0,1275.9430938633209
2016-09-01,1809.7541904934476,-54.482753380006024,5481.4498747014095,1809.7541904934476,1809.7541904934476,737.5154153590046,737.5154153590046,737.5154153590046,156.07468269229463,156.07468269229463,156.07468269229463,581.4407326667101,581.4407326667101,581.4407326667101,0.0,0.0,0.0,2547.269605852452
2016-09-02,1810.7427567652198,228.59910407062958,5621.018667946704,1810.7427567652198,1810.7427567652198,1075.1133590078477,1075.1133590078477,1075.1133590078477,419.73133864175935,419.73133864175935,419.73133864175935,655.3820203660885,655.3820203660885,655.3820203660885,0.0,0.0,0.0,2885.8561157730674
2016-09-03,1811.7313230369914,-117.74519817067399,5225.166985909871,1811.7313230369914,1811.7313230369914,749.9699241531209,749.9699241531209,749.9699241531209,21.366499824864537,21.366499824864537,21.366499824864537,728.6034243282563,728.6034243282563,728.6034243282563,0.0,0.0,0.0,2561.7012471901126
2016-09-04,1812.7198893087632,-150.52109336863313,5388.182149634765,1812.7198893087632,1812.7198893087632,1003.8998329351838,1003.8998329351838,1003.8998329351838,203.61296027470036,203.61296027470036,203.61296027470036,800.2868726604835,800.2868726604835,800.2868726604835,0.0,0.0,0.0,2816.619722243947
2016-09-05,1813.708455580535,97.92127352661959,5792.571057217241,1813.708455580535,1813.708455580535,1281.2143229331455,1281.2143229331455,1281.2143229331455,411.61494110571215,411.61494110571215,411.61494110571215,869.5993818274334,869.5993818274334,869.5993818274334,0.0,0.0,0.0,3094.9227785136804
2016-09-06,1814.697021852307,-222.4465817574282,5198.631384679165,1814.697021852307,1814.697021852307,763.6983898841311,763.6983898841311,763.6983898841311,-172.00787204838232,-172.00787204838232,-172.00787204838232,935.7062619325135,935.7062619325135,935.7062619325135,0.0,0.0,0.0,2578.3954117364383
2016-09-08,1816.6741543958512,243.14852863453405,5718.05908648884,1816.6741543958512,1816.6741543958512,1211.1112608445967,1211.1112608445967,1211.1112608445967,156.07468269017642,156.07468269017642,156.07468269017642,1055.0365781544203,1055.0365781544203,1055.0365781544203,0.0,0.0,0.0,3027.785415240448
2016-09-09,1817.6627206676226,749.1924101762908,5987.252238895825,1817.6627206676226,1817.6627206676226,1526.4342774984623,1526.4342774984623,1526.4342774984623,419.7313386418092,419.7313386418092,419.7313386418092,1106.7029388566532,1106.7029388566532,1106.7029388566532,0.0,0.0,0.0,3344.0969981660846
2016-09-10,1818.6512869393946,355.71481078536965,5939.008232440594,1818.6512869393946,1818.6512869393946,1173.4419142969086,1173.4419142969086,1173.4419142969086,21.366499825461094,21.366499825461094,21.366499825461094,1152.0754144714474,1152.0754144714474,1152.0754144714474,0.0,0.0,0.0,2992.0932012363032
2016-09-11,1819.6398532111664,339.8061622954042,5809.602295715523,1819.6398532111664,1819.6398532111664,1394.121792305623,1394.121792305623,1394.121792305623,203.61296027539763,203.61296027539763,203.61296027539763,1190.5088320302252,1190.5088320302252,1190.5088320302252,0.0,0.0,0.0,3213.7616455167895
2016-09-12,1820.6284194829384,843.3243304556266,6152.848185372416,1820.6284194829384,1820.6284194829384,1633.0470598637555,1633.0470598637555,1633.0470598637555,411.6149411057968,411.6149411057968,411.6149411057968,1221.432118757959,1221.432118757959,1221.432118757959,0.0,0.0,0.0,3453.675479346694
2016-09-13,1821.6169857547102,214.22380989772068,5692.200323873895,1821.6169857547102,1821.6169857547102,1072.3503360898778,1072.3503360898778,1072.3503360898778,-172.00787204682211,-172.00787204682211,-172.00787204682211,1244.3582081367,1244.3582081367,1244.3582081367,0.0,0.0,0.0,2893.967321844588
2016-09-14,1822.6055520264822,-705.9449998343009,4727.942994960376,1822.6055520264822,1822.6055520264822,218.5001064914343,218.5001064914343,218.5001064914343,-1040.3925504897147,-1040.3925504897147,-1040.3925504897147,1258.892656981149,1258.892656981149,1258.892656981149,0.0,0.0,0.0,2041.1056585179165
2016-09-15,1823.594118298254,679.5884102638543,6055.051659257286,1823.594118298254,1823.594118298254,1420.8155215103227,1420.8155215103227,1420.8155215103227,156.07468269142632,156.07468269142632,156.07468269142632,1264.7408388188965,1264.7408388188965,1264.7408388188965,0.0,0.0,0.0,3244.4096398085767
2016-09-16,1824.582684570026,688.4329036890643,6243.512794907382,1824.582684570026,1824.582684570026,1681.444947106234,1681.444947106234,1681.444947106234,419.73133864185917,419.73133864185917,419.73133864185917,1261.7136084643746,1261.7136084643746,1261.7136084643746,0.0,0.0,0.0,3506.02763167626
2016-09-17,1825.5712508417978,279.17537202861,5861.036424507005,1825.5712508417978,1825.5712508417978,1271.097862964921,1271.097862964921,1271.097862964921,21.366499826057666,21.366499826057666,21.366499826057666,1249.7313631388633,1249.7313631388633,1249.7313631388633,0.0,0.0,0.0,3096.669113806719
2016-09-18,1826.5598171135698,626.9136947860313,5898.921952298517,1826.5598171135698,1826.5598171135698,1432.439416314328,1432.439416314328,1432.439416314328,203.61296027609492,203.61296027609492,203.61296027609492,1228.826456038233,1228.826456038233,1228.826456038233,0.0,0.0,0.0,3258.9992334278977
2016-09-19,1827.5483833853416,599.5315686037117,6175.418267323598,1827.5483833853416,1827.5483833853416,1610.7588892743997,1610.7588892743997,1610.7588892743997,411.61494110502883,411.61494110502883,411.61494110502883,1199.1439481693708,1199.1439481693708,1199.1439481693708,0.0,0.0,0.0,3438.307272659741
2016-09-20,1828.5369496571136,179.85824074467945,5366.519818732879,1828.5369496571136,1828.5369496571136,988.9328408548573,988.9328408548573,988.9328408548573,-172.00787204755983,-172.00787204755983,-172.00787204755983,1160.9407129024173,1160.9407129024173,1160.9407129024173,0.0,0.0,0.0,2817.469790511971
2016-09-22,1830.5140822006574,285.1250675681807,5720.574700515403,1830.5140822006574,1830.5140822006574,1216.6167485778358,1216.6167485778358,1216.6167485778358,156.07468269209505,156.07468269209505,156.07468269209505,1060.5420658857406,1060.5420658857406,1060.5420658857406,0.0,0.0,0.0,3047.130830778493
2016-09-23,1831.5026484724292,514.8469829969758,5810.937394471666,1831.5026484724292,1831.5026484724292,1419.1206726536607,1419.1206726536607,1419.1206726536607,419.7313386409485,419.7313386409485,419.7313386409485,999.3893340127123,999.3893340127123,999.3893340127123,0.0,0.0,0.0,3250.6233211260896
2016-09-24,1832.4912147442012,189.35233802699028,5376.0251610074065,1832.4912147442012,1832.4912147442012,953.1553968743688,953.1553968743688,953.1553968743688,21.366499826306985,21.366499826306985,21.366499826306985,931.7888970480618,931.7888970480618,931.7888970480618,0.0,0.0,0.0,2785.64661161857
2016-09-25,1833.479781015973,281.12973374669036,5750.1550902272365,1833.479781015973,1833.479781015973,1062.1027369408578,1062.1027369408578,1062.1027369408578,203.6129602755686,203.6129602755686,203.6129602755686,858.489776665289,858.489776665289,858.489776665289,0.0,0.0,0.0,2895.582517956831
2016-09-26,1834.468347287745,286.3984553328853,5805.256201999596,1834.468347287745,1834.468347287745,1191.9316393443935,1191.9316393443935,1191.9316393443935,411.6149411055284,411.6149411055284,411.6149411055284,780.316698238865,780.316698238865,780.316698238865,0.0,0.0,0.0,3026.3999866321383
2016-09-27,1835.4569135595168,-380.274384142717,4985.863958516,1835.4569135595168,1835.4569135595168,526.1521103123468,526.1521103123468,526.1521103123468,-172.00787204829754,-172.00787204829754,-172.00787204829754,698.1599823606444,698.1599823606444,698.1599823606444,0.0,0.0,0.0,2361.6090238718634
2016-09-28,1836.4454798312888,-1308.484292235499,4054.404853179994,1836.4454798312888,1836.4454798312888,-427.4279135809204,-427.4279135809204,-427.4279135809204,-1040.392550489432,-1040.392550489432,-1040.392550489432,612.9646369085118,612.9646369085118,612.9646369085118,0.0,0.0,0.0,1409.0175662503684
2016-09-29,1837.4340461030606,-166.7873716915828,5116.754489470687,1837.4340461030606,1837.4340461030606,681.7934850963904,681.7934850963904,681.7934850963904,156.07468268835217,156.07468268835217,156.07468268835217,525.7188024080383,525.7188024080383,525.7188024080383,0.0,0.0,0.0,2519.227531199451
2016-09-30,1838.4226123748324,-296.5486833517485,5502.530767386417,1838.4226123748324,1838.4226123748324,857.1730430891378,857.1730430891378,857.1730430891378,419.7313386424237,419.7313386424237,419.7313386424237,437.4417044467141,437.4417044467141,437.4417044467141,0.0,0.0,0.0,2695.59565546397
2016-10-01,1839.4157065934114,-457.4998931158543,4973.766977089688,1839.4157065934114,1839.4157065934114,370.5377656262619,370.5377656262619,370.5377656262619,21.36649982575386,21.36649982575386,21.36649982575386,349.1712658005081,349.1712658005081,349.1712658005081,0.0,0.0,0.0,2209.953472219673
2016-10-02,1840.4088008119904,-223.0509969775173,5122.888734260687,1840.4088008119904,1840.4088008119904,465.5644883776182,465.5644883776182,465.5644883776182,203.6129602751547,203.6129602751547,203.6129602751547,261.95152810246344,261.95152810246344,261.95152810246344,0.0,0.0,0.0,2305.9732891896087
2016-10-03,1841.4018950305692,-320.0862956722228,4988.842071707815,1841.4018950305692,1841.4018950305692,588.4349698165554,588.4349698165554,588.4349698165554,411.61494110517543,411.61494110517543,411.61494110517543,176.82002871138002,176.82002871138002,176.82002871138002,0.0,0.0,0.0,2429.8368648471246
2016-10-04,1842.3949892491487,-1154.5162261597998,4418.603905988312,1842.3949892491487,1842.3949892491487,-77.21259875135266,-77.21259875135266,-77.21259875135266,-172.00787204946036,-172.00787204946036,-172.00787204946036,94.79527329810769,94.79527329810769,94.79527329810769,0.0,0.0,0.0,1765.182390497796
2016-10-06,1844.3811776863065,-951.8708418036983,4646.221802557673,1844.3811776863065,1844.3811776863065,100.04611891970494,100.04611891970494,100.04611891970494,156.0746826890209,156.0746826890209,156.0746826890209,-56.02856376931596,-56.02856376931596,-56.02856376931596,0.0,0.0,0.0,1944.4272966060114
2016-10-07,1845.3742719048855,-544.1419103957784,4934.098780005057,1845.3742719048855,1845.3742719048855,296.73679220899595,296.73679220899595,296.73679220899595,419.73133864151305,419.73133864151305,419.73133864151305,-122.99454643251707,-122.99454643251707,-122.99454643251707,0.0,0.0,0.0,2142.1110641138816
2016-10-08,1846.3673661234643,-842.2419336289238,4466.83271584612,1846.3673661234643,1846.3673661234643,-161.84340088622238,-161.84340088622238,-161.84340088622238,21.366499825200755,21.366499825200755,21.366499825200755,-183.20990071142313,-183.20990071142313,-183.20990071142313,0.0,0.0,0.0,1684.523965237242
2016-10-09,1847.3604603420433,-1092.245307470914,4382.519769865357,1847.3604603420433,1847.3604603420433,-32.31378621803097,-32.31378621803097,-32.31378621803097,203.6129602747409,203.6129602747409,203.6129602747409,-235.92674649277185,-235.92674649277185,-235.92674649277185,0.0,0.0,0.0,1815.0466741240123
2016-10-10,1848.3535545606223,-773.8313843125624,4927.323015457588,1848.3535545606223,1848.3535545606223,131.13267565543126,131.13267565543126,131.13267565543126,411.6149411061126,411.6149411061126,411.6149411061126,-280.4822654506813,-280.4822654506813,-280.4822654506813,0.0,0.0,0.0,1979.4862302160536
2016-10-11,1849.3466487792011,-1443.9881714477817,4107.237288170465,1849.3466487792011,1849.3466487792011,-488.31499157234447,-488.31499157234447,-488.31499157234447,-172.00787204747513,-172.00787204747513,-172.00787204747513,-316.30711952486934,-316.30711952486934,-316.30711952486934,0.0,0.0,0.0,1361.0316572068566
2016-10-13,1851.3328372163594,-1189.7310530030984,4350.120995199205,1851.3328372163594,1851.3328372163594,-203.92354799252803,-203.92354799252803,-203.92354799252803,156.07468268968964,156.07468268968964,156.07468268968964,-359.99823068221764,-359.99823068221764,-359.99823068221764,0.0,0.0,0.0,1647.4092892238314
2016-10-14,1852.3259314349384,-717.3791283116369,4604.779768761538,1852.3259314349384,1852.3259314349384,52.477039160324814,52.477039160324814,52.477039160324814,419.7313386415629,419.7313386415629,419.7313386415629,-367.2542994812381,-367.2542994812381,-367.2542994812381,0.0,0.0,0.0,1904.8029705952633
2016-10-15,1853.3190256535174,-1491.452626029604,4236.476905246137,1853.3190256535174,1853.3190256535174,-343.2018079876898,-343.2018079876898,-343.2018079876898,21.366499825797312,21.366499825797312,21.366499825797312,-364.56830781348714,-364.56830781348714,-364.56830781348714,0.0,0.0,0.0,1510.1172176658276
2016-10-16,1854.3121198720962,-875.4771233341863,4455.582530823906,1854.3121198720962,1854.3121198720962,-148.3132373814015,-148.3132373814015,-148.3132373814015,203.61296027410214,203.61296027410214,203.61296027410214,-351.92619765550364,-351.92619765550364,-351.92619765550364,0.0,0.0,0.0,1705.9988824906948
2016-10-17,1855.3052140906752,-902.0407106753617,4774.873741718899,1855.3052140906752,1855.3052140906752,82.18120783551333,82.18120783551333,82.18120783551333,411.61494110575956,411.61494110575956,411.61494110575956,-329.43373327024625,-329.43373327024625,-329.43373327024625,0.0,0.0,0.0,1937.4864219261885
2016-10-18,1856.298308309254,-1434.8195776156147,4085.3400836313676,1856.298308309254,1856.298308309254,-469.3240416689828,-469.3240416689828,-469.3240416689828,-172.00787204863784,-172.00787204863784,-172.00787204863784,-297.31616962034497,-297.31616962034497,-297.31616962034497,0.0,0.0,0.0,1386.9742666402713
2016-10-20,1858.2844967464123,-822.2157612336323,4504.865044626373,1858.2844967464123,1858.2844967464123,-49.617035558136415,-49.617035558136415,-49.617035558136415,156.07468269035837,156.07468269035837,156.07468269035837,-205.6917182484948,-205.6917182484948,-205.6917182484948,0.0,0.0,0.0,1808.6674611882759
2016-10-21,1859.2775909649913,-543.9541512577309,4947.44322349426,1859.2775909649913,1859.2775909649913,272.5226520517815,272.5226520517815,272.5226520517815,419.731338641117,419.731338641117,419.731338641117,-147.20868658933546,-147.20868658933546,-147.20868658933546,0.0,0.0,0.0,2131.8002430167726
2016-10-22,1860.2706851835703,-1023.2772493450744,4530.256716430347,1860.2706851835703,1860.2706851835703,-59.77043792523696,-59.77043792523696,-59.77043792523696,21.36649982489697,21.36649982489697,21.36649982489697,-81.13693775013394,-81.13693775013394,-81.13693775013394,0.0,0.0,0.0,1800.5002472583333
2016-10-23,1861.263779402149,-784.5228977254714,4649.315263774818,1861.263779402149,1861.263779402149,195.37184987035735,195.37184987035735,195.37184987035735,203.61296027591064,203.61296027591064,203.61296027591064,-8.241110405553277,-8.241110405553277,-8.241110405553277,0.0,0.0,0.0,2056.6356292725063
2016-10-24,1862.2568736207281,-428.1634772473432,4856.938423307504,1862.2568736207281,1862.2568736207281,482.2434821125416,482.2434821125416,482.2434821125416,411.61494110540656,411.61494110540656,411.61494110540656,70.62854100713494,70.62854100713494,70.62854100713494,0.0,0.0,0.0,2344.5003557332698
2016-10-25,1863.2499678393071,-899.6085886009022,4678.8097293460205,1863.2499678393071,1863.2499678393071,-17.4609152559245,-17.4609152559245,-17.4609152559245,-172.00787204937564,-172.00787204937564,-172.00787204937564,154.54695679345113,154.54695679345113,154.54695679345113,0.0,0.0,0.0,1845.7890525833827
2016-10-27,1865.2361562764654,-328.08877159671835,5019.058784047873,1865.2361562764654,1865.2361562764654,489.6043448409593,489.6043448409593,489.6043448409593,156.07468268940247,156.07468268940247,156.07468268940247,333.5296621515568,333.5296621515568,333.5296621515568,0.0,0.0,0.0,2354.8405011174245
2016-10-28,1866.2292504950442,-7.712873094625842,5563.686469061647,1866.2292504950442,1866.2292504950442,846.2158862301133,846.2158862301133,846.2158862301133,419.73133864116693,419.73133864116693,419.73133864116693,426.4845475889463,426.4845475889463,426.4845475889463,0.0,0.0,0.0,2712.4451367251577
2016-10-29,1867.2223447136232,-200.71413623261276,5208.558894843867,1867.2223447136232,1867.2223447136232,541.6653740285952,541.6653740285952,541.6653740285952,21.36649982549353,21.36649982549353,21.36649982549353,520.2988742031017,520.2988742031017,520.2988742031017,0.0,0.0,0.0,2408.8877187422186
2016-10-30,1868.2154389322022,-144.27668515975566,5346.167440929041,1868.2154389322022,1868.2154389322022,817.4893321673529,817.4893321673529,817.4893321673529,203.61296027549676,203.61296027549676,203.61296027549676,613.8763718918563,613.8763718918563,613.8763718918563,0.0,0.0,0.0,2685.7047710995553
2016-10-31,1869.208533150781,174.3171675613263,5872.606153502215,1869.208533150781,1869.208533150781,1117.7478406418545,1117.7478406418545,1117.7478406418545,411.6149411050536,411.6149411050536,411.6149411050536,706.1328995368009,706.1328995368009,706.1328995368009,0.0,0.0,0.0,2986.9563737926355
2016-11-01,1870.20162736936,-254.01311602285887,5138.918498312561,1870.20162736936,1870.20162736936,624.0049750487855,624.0049750487855,624.0049750487855,-172.00787204824047,-172.00787204824047,-172.00787204824047,796.0128470970259,796.0128470970259,796.0128470970259,0.0,0.0,0.0,2494.2066024181454
2016-11-03,1872.1878158065183,328.1090421997326,5645.049925089467,1872.1878158065183,1872.1878158065183,1120.7353232398605,1120.7353232398605,1120.7353232398605,156.07468268949006,156.07468268949006,156.07468268949006,964.6606405503703,964.6606405503703,964.6606405503703,0.0,0.0,0.0,2992.9231390463788
2016-11-04,1873.180910025097,600.2903353322052,6064.3633284806,1873.180910025097,1873.180910025097,1461.335755982749,1461.335755982749,1461.335755982749,419.731338641217,419.731338641217,419.731338641217,1041.604417341532,1041.604417341532,1041.604417341532,0.0,0.0,0.0,3334.516666007846
2016-11-05,1874.174004243676,114.48222726392817,5698.785549264978,1874.174004243676,1874.174004243676,1133.9194776164873,1133.9194776164873,1133.9194776164873,21.3664998249404,21.3664998249404,21.3664998249404,1112.552977791547,1112.552977791547,1112.552977791547,0.0,0.0,0.0,3008.0934818601636
2016-11-06,1875.1670984622551,319.5863719128167,5771.465464007364,1875.1670984622551,1875.1670984622551,1380.4387362532218,1380.4387362532218,1380.4387362532218,203.61296027385924,203.61296027385924,203.61296027385924,1176.8257759793623,1176.8257759793623,1176.8257759793623,0.0,0.0,0.0,3255.6058347154767
2016-11-07,1876.160192680834,631.394531647734,6289.68690823732,1876.160192680834,1876.160192680834,1645.4718861593753,1645.4718861593753,1645.4718861593753,411.6149411059908,411.6149411059908,411.6149411059908,1233.8569450533844,1233.8569450533844,1233.8569450533844,0.0,0.0,0.0,3521.632078840209
2016-11-08,1877.153286899413,293.33838802344417,5741.476557908522,1877.153286899413,1877.153286899413,1111.1970333163956,1111.1970333163956,1111.1970333163956,-172.0078720489782,-172.0078720489782,-172.0078720489782,1283.2049053653736,1283.2049053653736,1283.2049053653736,0.0,0.0,0.0,2988.3503202158086
2016-11-09,1878.146381117992,-738.9110159539946,5068.153535795305,1878.146381117992,1878.146381117992,284.167347558628,284.167347558628,284.167347558628,-1040.3925504898712,-1040.3925504898712,-1040.3925504898712,1324.5598980484992,1324.5598980484992,1324.5598980484992,0.0,0.0,0.0,2162.31372867662
2016-11-10,1879.1394753365707,791.0231506148059,5894.061243923568,1879.1394753365707,1879.1394753365707,1513.8239096862385,1513.8239096862385,1513.8239096862385,156.07468269073996,156.07468269073996,156.07468269073996,1357.7492269954985,1357.7492269954985,1357.7492269954985,0.0,0.0,0.0,3392.9633850228092
2016-11-11,1880.1325695551502,952.5860621385806,6352.494133368296,1880.1325695551502,1880.1325695551502,1802.4713678285596,1802.4713678285596,1802.4713678285596,419.7313386412668,419.7313386412668,419.7313386412668,1382.7400291872927,1382.7400291872927,1382.7400291872927,0.0,0.0,0.0,3682.6039373837098
2016-11-12,1881.125663773729,500.84894721594526,6087.945685447713,1881.125663773729,1881.125663773729,1421.005936455299,1421.005936455299,1421.005936455299,21.36649982599222,21.36649982599222,21.36649982599222,1399.6394366293068,1399.6394366293068,1399.6394366293068,0.0,0.0,0.0,3302.1316002290278
2016-11-13,1882.118757992308,807.7448088439493,6151.278950795438,1882.118757992308,1882.118757992308,1612.3050023857188,1612.3050023857188,1612.3050023857188,203.6129602745565,203.6129602745565,203.6129602745565,1408.6920421111622,1408.6920421111622,1408.6920421111622,0.0,0.0,0.0,3494.4237603780266
2016-11-14,1883.1119007987875,1015.389721778227,6447.472480622634,1883.1119007987875,1883.1119007987875,1821.8895758130077,1821.8895758130077,1821.8895758130077,411.61494110478526,411.61494110478526,411.61494110478526,1410.2746347082225,1410.2746347082225,1410.2746347082225,0.0,0.0,0.0,3705.001476611795
2016-11-15,1884.1050436052672,499.7870887785863,5830.323434035098,1884.1050436052672,1884.1050436052672,1232.880356284588,1232.880356284588,1232.880356284588,-172.00787204971596,-172.00787204971596,-172.00787204971596,1404.888228334304,1404.888228334304,1404.888228334304,0.0,0.0,0.0,3116.985399889855
2016-11-16,1885.0981864117466,-596.1371705383935,4924.549902620486,1885.0981864117466,1885.0981864117466,352.75491600604914,352.75491600604914,352.75491600604914,-1040.3925504895567,-1040.3925504895567,-1040.3925504895567,1393.1474664956058,1393.1474664956058,1393.1474664956058,0.0,0.0,0.0,2237.8531024177955
2016-11-17,1886.091329218226,673.0950167620626,6364.406051961828,1886.091329218226,1886.091329218226,1531.8422299862293,1531.8422299862293,1531.8422299862293,156.074682689784,156.074682689784,156.074682689784,1375.7675472964452,1375.7675472964452,1375.7675472964452,0.0,0.0,0.0,3417.9335592044554
2016-11-18,1887.0844720247057,941.0364691810987,6344.3295706202225,1887.0844720247057,1887.0844720247057,1773.2802118990244,1773.2802118990244,1773.2802118990244,419.73133864082087,419.73133864082087,419.73133864082087,1353.5488732582032,1353.5488732582032,1353.5488732582032,0.0,0.0,0.0,3660.36468392373
2016-11-19,1888.0776148311852,579.7977762649059,6017.259208835898,1888.0776148311852,1888.0776148311852,1348.726188879669,1348.726188879669,1348.726188879669,21.366499825439067,21.366499825439067,21.366499825439067,1327.35968905423,1327.35968905423,1327.35968905423,0.0,0.0,0.0,3236.8038037108545
2016-11-20,1889.0707576376647,739.8532389177383,6385.672838848574,1889.0707576376647,1889.0707576376647,1501.7299855539566,1501.7299855539566,1501.7299855539566,203.61296027414264,203.61296027414264,203.61296027414264,1298.117025279814,1298.117025279814,1298.117025279814,0.0,0.0,0.0,3390.800743191621
2016-11-21,1890.0639004441443,738.746458538767,6432.507457146648,1890.0639004441443,1890.0639004441443,1678.3812574024298,1678.3812574024298,1678.3812574024298,411.61494110528486,411.61494110528486,411.61494110528486,1266.7663162971446,1266.7663162971446,1266.7663162971446,0.0,0.0,0.0,3568.445157846574
2016-11-22,1891.0570432506238,194.28041868184187,6008.465131702027,1891.0570432506238,1891.0570432506238,1062.2522314670205,1062.2522314670205,1062.2522314670205,-172.00787205045367,-172.00787205045367,-172.00787205045367,1234.2601035174741,1234.2601035174741,1234.2601035174741,0.0,0.0,0.0,2953.3092747176443
2016-11-23,1892.0501860571032,-640.828409417432,4645.085460203488,1892.0501860571032,1892.0501860571032,161.1437203193919,161.1437203193919,161.1437203193919,-1040.3925504899885,-1040.3925504899885,-1040.3925504899885,1201.5362708093805,1201.5362708093805,1201.5362708093805,0.0,0.0,0.0,2053.1939063764953
2016-11-24,1893.043328863583,290.37441981882654,5834.860657515084,1893.043328863583,1893.043328863583,1325.5709674936757,1325.5709674936757,1325.5709674936757,156.07468269045276,156.07468269045276,156.07468269045276,1169.496284803223,1169.496284803223,1169.496284803223,0.0,0.0,0.0,3218.6142963572584
2016-11-25,1894.0364716700624,793.9986070633953,6369.901618431349,1894.0364716700624,1894.0364716700624,1558.715267276593,1558.715267276593,1558.715267276593,419.73133864183126,419.73133864183126,419.73133864183126,1138.9839286347617,1138.9839286347617,1138.9839286347617,0.0,0.0,0.0,3452.7517389466557
2016-11-26,1895.0296144765418,464.5593252667907,5670.255344686069,1895.0296144765418,1895.0296144765418,1132.1315221198035,1132.1315221198035,1132.1315221198035,21.36649982488594,21.36649982488594,21.36649982488594,1110.7650222949176,1110.7650222949176,1110.7650222949176,0.0,0.0,0.0,3027.1611365963454
2016-11-27,1896.0227572830215,404.762737429315,5946.516413842872,1896.0227572830215,1896.0227572830215,1289.1215759401439,1289.1215759401439,1289.1215759401439,203.61296027595108,203.61296027595108,203.61296027595108,1085.5086156641926,1085.5086156641926,1085.5086156641926,0.0,0.0,0.0,3185.1443332231656
2016-11-28,1897.015900089501,661.7748739376249,6070.264724367131,1897.015900089501,1897.015900089501,1475.385062309934,1475.385062309934,1475.385062309934,411.6149411062219,411.6149411062219,411.6149411062219,1063.770121203712,1063.770121203712,1063.770121203712,0.0,0.0,0.0,3372.4009623994352
2016-11-29,1898.0090428959804,-38.380934683733834,5519.5338937124125,1898.0090428959804,1898.0090428959804,873.9689501256149,873.9689501256149,873.9689501256149,-172.00787204659548,-172.00787204659548,-172.00787204659548,1045.9768221722104,1045.9768221722104,1045.9768221722104,0.0,0.0,0.0,2771.9779930215955
2016-11-30,1899.00218570246,-699.6910751422704,4565.0657339797,1899.00218570246,1899.00218570246,-7.9764010227368205,-7.9764010227368205,-7.9764010227368205,-1040.3925504897609,-1040.3925504897609,-1040.3925504897609,1032.416149467024,1032.416149467024,1032.416149467024,0.0,0.0,0.0,1891.0257846797233
2016-12-01,1899.9953285089396,229.94101360008142,5846.120149517085,1899.9953285089396,1899.9953285089396,1179.3017490898098,1179.3017490898098,1179.3017490898098,156.07468269170263,156.07468269170263,156.07468269170263,1023.2270663981071,1023.2270663981071,1023.2270663981071,0.0,0.0,0.0,3079.2970775987496
2016-12-02,1900.988471315419,671.3178007310391,6012.137672719468,1900.988471315419,1900.988471315419,1438.12617548608,1438.12617548608,1438.12617548608,419.73133864092074,419.73133864092074,419.73133864092074,1018.3948368451593,1018.3948368451593,1018.3948368451593,0.0,0.0,0.0,3339.114646801499
2016-12-03,1901.9816141218987,159.5861917968832,5658.228867165374,1901.9816141218987,1901.9816141218987,1039.115879433206,1039.115879433206,1039.115879433206,21.366499825135286,21.366499825135286,21.366499825135286,1017.7493796080706,1017.7493796080706,1017.7493796080706,0.0,0.0,0.0,2941.097493555105
2016-12-04,1902.9747569283782,254.7758006782365,5802.0764789745,1902.9747569283782,1902.9747569283782,1224.5802921097436,1224.5802921097436,1224.5802921097436,203.61296027431368,203.61296027431368,203.61296027431368,1020.9673318354298,1020.9673318354298,1020.9673318354298,0.0,0.0,0.0,3127.555049038122
2016-12-05,1903.9678997348576,617.1234518491326,6026.643817669378,1903.9678997348576,1903.9678997348576,1439.192800121674,1439.192800121674,1439.192800121674,411.61494110586887,411.61494110586887,411.61494110586887,1027.577859015805,1027.577859015805,1027.577859015805,0.0,0.0,0.0,3343.1606998565317
2016-12-06,1904.9610425413373,13.12055752233568,5441.118598520842,1904.9610425413373,1904.9610425413373,864.9642880548628,864.9642880548628,864.9642880548628,-172.00787204733322,-172.00787204733322,-172.00787204733322,1036.972160102196,1036.972160102196,1036.972160102196,0.0,0.0,0.0,2769.9253305962
2016-12-08,1906.9473281542962,265.8153702889982,5861.617306453334,1906.9473281542962,1906.9473281542962,1217.1434033719986,1217.1434033719986,1217.1434033719986,156.07468269179023,156.07468269179023,156.07468269179023,1061.0687206802081,1061.0687206802081,1061.0687206802081,0.0,0.0,0.0,3124.090731526295
2016-12-09,1907.9404709607759,794.3916234514214,6311.062106974268,1907.9404709607759,1907.9404709607759,1493.7287049807253,1493.7287049807253,1493.7287049807253,419.73133864286046,419.73133864286046,419.73133864286046,1073.9973663378648,1073.9973663378648,1073.9973663378648,0.0,0.0,0.0,3401.669175941501
2016-12-10,1908.9336137672553,392.3115914399066,5765.933442174857,1908.9336137672553,1908.9336137672553,1107.5704361782064,1107.5704361782064,1107.5704361782064,21.366499825731893,21.366499825731893,21.366499825731893,1086.2039363524743,1086.2039363524743,1086.2039363524743,0.0,0.0,0.0,3016.5040499454617
2016-12-11,1909.9267565737348,385.9661096853984,5956.581168517384,1909.9267565737348,1909.9267565737348,1300.2598429241928,1300.2598429241928,1300.2598429241928,203.61296027501095,203.61296027501095,203.61296027501095,1096.6468826491819,1096.6468826491819,1096.6468826491819,0.0,0.0,0.0,3210.1865994979275
2016-12-12,1910.9198993802147,819.3343293816388,5994.4989481143475,1910.9198993802147,1910.9198993802147,1515.8823048412337,1515.8823048412337,1515.8823048412337,411.6149411063685,411.6149411063685,411.6149411063685,1104.2673637348653,1104.2673637348653,1104.2673637348653,0.0,0.0,0.0,3426.8022042214484
2016-12-13,1911.913042186694,147.32625033368086,5768.425848257612,1911.913042186694,1911.913042186694,936.0081141297106,936.0081141297106,936.0081141297106,-172.007872048496,-172.007872048496,-172.007872048496,1108.0159861782067,1108.0159861782067,1108.0159861782067,0.0,0.0,0.0,2847.9211563164044
2016-12-14,1912.9061849931734,-754.9743231952833,4722.928239793788,1912.9061849931734,1912.9061849931734,66.487383552084,66.487383552084,66.487383552084,-1040.3925504898784,-1040.3925504898784,-1040.3925504898784,1106.8799340419623,1106.8799340419623,1106.8799340419623,0.0,0.0,0.0,1979.3935685452575
2016-12-15,1913.8993277996533,414.1557237045109,5844.984431403134,1913.8993277996533,1913.8993277996533,1255.9845192254536,1255.9845192254536,1255.9845192254536,156.0746826908343,156.0746826908343,156.0746826908343,1099.9098365346192,1099.9098365346192,1099.9098365346192,0.0,0.0,0.0,3169.8838470251067
2016-12-16,1914.892470606133,687.8780653825469,6292.0610288779735,1914.892470606133,1914.892470606133,1505.977054129496,1505.977054129496,1505.977054129496,419.7313386419498,419.7313386419498,419.7313386419498,1086.2457154875462,1086.2457154875462,1086.2457154875462,0.0,0.0,0.0,3420.869524735629
2016-12-17,1915.885613412612,315.4078131910456,5958.151516037551,1915.885613412612,1915.885613412612,1086.5078615569607,1086.5078615569607,1086.5078615569607,21.36649982517874,21.36649982517874,21.36649982517874,1065.141361731782,1065.141361731782,1065.141361731782,0.0,0.0,0.0,3002.3934749695727
2016-12-18,1916.8787562190919,504.038401682581,5657.228233748684,1916.8787562190919,1916.8787562190919,1239.599473538702,1239.599473538702,1239.599473538702,203.61296027570822,203.61296027570822,203.61296027570822,1035.9865132629936,1035.9865132629936,1035.9865132629936,0.0,0.0,0.0,3156.478229757794
2016-12-19,1917.8718990255716,532.0972596751241,6114.166070484427,1917.8718990255716,1917.8718990255716,1409.9411891334498,1409.9411891334498,1409.9411891334498,411.6149411051629,411.6149411051629,411.6149411051629,998.3262480282867,998.3262480282867,998.3262480282867,0.0,0.0,0.0,3327.8130881590214
2016-12-20,1918.8650418320506,-75.8443354730801,5501.631940999702,1918.8650418320506,1918.8650418320506,779.8691875777146,779.8691875777146,779.8691875777146,-172.00787204651076,-172.00787204651076,-172.00787204651076,951.8770596242254,951.8770596242254,951.8770596242254,0.0,0.0,0.0,2698.7342294097652
2016-12-22,1920.8513274450102,291.48773060510916,5519.643865700506,1920.8513274450102,1920.8513274450102,988.4792717878394,988.4792717878394,988.4792717878394,156.07468269150306,156.07468269150306,156.07468269150306,832.4045890963362,832.4045890963362,832.4045890963362,0.0,0.0,0.0,2909.3305992328496
2016-12-23,1921.8444702514892,455.98581184883363,5705.326686605395,1921.8444702514892,1921.8444702514892,1179.4923089971526,1179.4923089971526,1179.4923089971526,419.7313386410392,419.7313386410392,419.7313386410392,759.7609703561134,759.7609703561134,759.7609703561134,0.0,0.0,0.0,3101.3367792486415
2016-12-24,1922.837613057969,-280.9572157923392,5507.9430260690415,1922.837613057969,1922.837613057969,700.4570243802747,700.4570243802747,700.4570243802747,21.366499825775286,21.366499825775286,21.366499825775286,679.0905245544994,679.0905245544994,679.0905245544994,0.0,0.0,0.0,2623.2946374382436
2016-12-25,1923.8307558644487,22.376220720946915,5402.052619187618,1923.8307558644487,1923.8307558644487,794.6774366909731,794.6774366909731,794.6774366909731,203.61296027518193,203.61296027518193,203.61296027518193,591.0644764157912,591.0644764157912,591.0644764157912,0.0,0.0,0.0,2718.508192555422
2016-12-26,1924.8239822175337,104.84959318532567,5445.689863376881,1924.8239822175337,1924.8239822175337,908.1477137633104,908.1477137633104,908.1477137633104,411.6149411056851,411.6149411056851,411.6149411056851,496.5327726576251,496.5327726576251,496.5327726576251,0.0,0.0,0.0,2832.9716959808443
2016-12-27,1925.8172085706192,-618.5475403221441,4847.648948136565,1925.8172085706192,1925.8172085706192,224.5014380234961,224.5014380234961,224.5014380234961,-172.00787204767352,-172.00787204767352,-172.00787204767352,396.5093100711696,396.5093100711696,396.5093100711696,0.0,0.0,0.0,2150.3186465941153
2016-12-29,1927.8036612767892,-318.73307788339275,5125.375090024821,1927.8036612767892,1927.8036612767892,340.81930161736034,340.81930161736034,340.81930161736034,156.0746826921718,156.0746826921718,156.0746826921718,184.74461892518855,184.74461892518855,184.74461892518855,0.0,0.0,0.0,2268.6229628941496
2016-12-30,1928.7968876298746,-398.35119254021885,5253.191231885671,1928.7968876298746,1928.7968876298746,495.3925548714207,495.3925548714207,495.3925548714207,419.7313386425144,419.7313386425144,419.7313386425144,75.6612162289063,75.6612162289063,75.6612162289063,0.0,0.0,0.0,2424.189442501295
2016-12-31,1929.7901139829596,-912.7116965709588,4825.896527357569,1929.7901139829596,1929.7901139829596,-12.286998456833995,-12.286998456833995,-12.286998456833995,21.366499824874957,21.366499824874957,21.366499824874957,-33.653498281708956,-33.653498281708956,-33.653498281708956,0.0,0.0,0.0,1917.5031155261256
2017-01-01,1930.7833403360446,-740.5467789059992,4544.287983849077,1930.7833403360446,1930.7833403360446,61.89297428574278,61.89297428574278,61.89297428574278,203.61296027476803,203.61296027476803,203.61296027476803,-141.71998598902525,-141.71998598902525,-141.71998598902525,0.0,0.0,0.0,1992.6763146217875
2017-01-02,1931.77656668913,-578.8188949000337,4893.59155139931,1931.77656668913,1931.77656668913,164.55943606751,164.55943606751,164.55943606751,411.6149411053322,411.6149411053322,411.6149411053322,-247.0555050378222,-247.0555050378222,-247.0555050378222,0.0,0.0,0.0,2096.33600275664
2017-01-03,1932.769793042215,-1246.4802791526897,4074.9771894926535,1932.769793042215,1932.769793042215,-520.2152095849934,-520.2152095849934,-520.2152095849934,-172.00787204883628,-172.00787204883628,-172.00787204883628,-348.20733753615724,-348.20733753615724,-348.20733753615724,0.0,0.0,0.0,1412.5545834572217
2017-01-06,1935.749472101471,-890.8812790764775,4241.0554109623645,1935.749472101471,1935.749472101471,-193.44033482280685,-193.44033482280685,-193.44033482280685,419.7313386416037,419.7313386416037,419.7313386416037,-613.1716734644106,-613.1716734644106,-613.1716734644106,0.0,0.0,0.0,1742.3091372786641
2017-01-07,1936.742698454556,-1544.8813795642036,4015.4913545188033,1936.742698454556,1936.742698454556,-663.4289883305596,-663.4289883305596,-663.4289883305596,21.36649982547154,21.36649982547154,21.36649982547154,-684.7954881560311,-684.7954881560311,-684.7954881560311,0.0,0.0,0.0,1273.3137101239963
2017-01-08,1937.7359248076414,-1328.1835920541519,4076.800456613763,1937.7359248076414,1937.7359248076414,-542.9189580708941,-542.9189580708941,-542.9189580708941,203.61296027546533,203.61296027546533,203.61296027546533,-746.5319183463594,-746.5319183463594,-746.5319183463594,0.0,0.0,0.0,1394.8169667367474
2017-01-09,1938.7291511607264,-1233.7366338275176,4526.10825504545,1938.7291511607264,1938.7291511607264,-386.1290493317903,-386.1290493317903,-386.1290493317903,411.6149411058317,411.6149411058317,411.6149411058317,-797.743990437622,-797.743990437622,-797.743990437622,0.0,0.0,0.0,1552.600101828936
2017-01-12,1941.7088302199818,-1517.3191392596336,4007.589026575846,1941.7088302199818,1941.7088302199818,-729.09348667751,-729.09348667751,-729.09348667751,156.07468268909764,156.07468268909764,156.07468268909764,-885.1681693666076,-885.1681693666076,-885.1681693666076,0.0,0.0,0.0,1212.6153435424717
2017-01-13,1942.7020565730672,-1174.106411922559,4243.387851139059,1942.7020565730672,1942.7020565730672,-472.644004501673,-472.644004501673,-472.644004501673,419.7313386416535,419.7313386416535,419.7313386416535,-892.3753431433265,-892.3753431433265,-892.3753431433265,0.0,0.0,0.0,1470.0580520713943
2017-01-14,1943.6952829261522,-1680.2402925569736,3827.1844352382277,1943.6952829261522,1943.6952829261522,-867.8998341182934,-867.8998341182934,-867.8998341182934,21.36649982606811,21.36649982606811,21.36649982606811,-889.2663339443615,-889.2663339443615,-889.2663339443615,0.0,0.0,0.0,1075.795448807859
2017-01-15,1944.6885092792372,-1707.3851469202455,4010.9106472491867,1944.6885092792372,1944.6885092792372,-672.9550546681161,-672.9550546681161,-672.9550546681161,203.61296027505148,203.61296027505148,203.61296027505148,-876.5680149431676,-876.5680149431676,-876.5680149431676,0.0,0.0,0.0,1271.733454611121
2017-01-16,1945.6817356323227,-1345.5163870978884,4209.9014774473535,1945.6817356323227,1945.6817356323227,-443.5975735413541,-443.5975735413541,-443.5975735413541,411.61494110591633,411.61494110591633,411.61494110591633,-855.2125146472705,-855.2125146472705,-855.2125146472705,0.0,0.0,0.0,1502.0841620909687
2017-01-19,1948.661414691578,-1421.776992776999,4025.358617268027,1948.661414691578,1948.661414691578,-595.0697150188867,-595.0697150188867,-595.0697150188867,156.0746826897664,156.0746826897664,156.0746826897664,-751.1443977086532,-751.1443977086532,-751.1443977086532,0.0,0.0,0.0,1353.5916996726914
2017-01-20,1949.6546410446635,-918.0424297862321,4602.89451085524,1949.6546410446635,1949.6546410446635,-288.0510464024429,-288.0510464024429,-288.0510464024429,419.73133864074293,419.73133864074293,419.73133864074293,-707.7823850431859,-707.7823850431859,-707.7823850431859,0.0,0.0,0.0,1661.6035946422207
2017-01-21,1950.6478673977485,-1349.442068764261,4066.477090151954,1950.6478673977485,1950.6478673977485,-641.2760637948139,-641.2760637948139,-641.2760637948139,21.366499825167757,21.366499825167757,21.366499825167757,-662.6425636199817,-662.6425636199817,-662.6425636199817,0.0,0.0,0.0,1309.3718036029345
2017-01-22,1951.6410937508335,-1106.7898180478776,4266.065810691203,1951.6410937508335,1951.6410937508335,-413.70929481920814,-413.70929481920814,-413.70929481920814,203.61296027552387,203.61296027552387,203.61296027552387,-617.322255094732,-617.322255094732,-617.322255094732,0.0,0.0,0.0,1537.9317989316255
2017-01-23,1952.634320103919,-850.0406027300389,4656.921916223035,1952.634320103919,1952.634320103919,-161.79291892505648,-161.79291892505648,-161.79291892505648,411.6149411055634,411.6149411055634,411.6149411055634,-573.4078600306199,-573.4078600306199,-573.4078600306199,0.0,0.0,0.0,1790.8414011788625
2017-01-24,1953.627546457004,-1390.0416585333132,3844.1932306304957,1953.627546457004,1953.627546457004,-704.4448719311641,-704.4448719311641,-704.4448719311641,-172.00787204875152,-172.00787204875152,-172.00787204875152,-532.4369998824126,-532.4369998824126,-532.4369998824126,0.0,0.0,0.0,1249.18267452584
2017-01-26,1955.6139991631744,-1058.6426010873668,4465.45699470632,1955.6139991631744,1955.6139991631744,-308.9374171673055,-308.9374171673055,-308.9374171673055,156.07468268881047,156.07468268881047,156.07468268881047,-465.0120998561159,-465.0120998561159,-465.0120998561159,0.0,0.0,0.0,1646.676581995869
2017-01-27,1956.6072255162594,-920.4093660477341,4482.7954433275245,1956.6072255162594,1956.6072255162594,-21.33443991667902,-21.33443991667902,-21.33443991667902,419.73133864125754,419.73133864125754,419.73133864125754,-441.06577855793654,-441.06577855793654,-441.06577855793654,0.0,0.0,0.0,1935.2727855995804
2017-01-28,1957.6004518693449,-1257.6500810232963,4490.756755632816,1957.6004518693449,1957.6004518693449,-403.6499549415884,-403.6499549415884,-403.6499549415884,21.36649982576433,21.36649982576433,21.36649982576433,-425.01645476735274,-425.01645476735274,-425.01645476735274,0.0,0.0,0.0,1553.9504969277564
2017-01-29,1958.5936782224298,-1060.78036743609,4317.407348328625,1958.5936782224298,1958.5936782224298,-214.03687462589664,-214.03687462589664,-214.03687462589664,203.61296027510997,203.61296027510997,203.61296027510997,-417.6498349010066,-417.6498349010066,-417.6498349010066,0.0,0.0,0.0,1744.5568035965332
2017-01-30,1959.5869045755153,-775.9242482235514,4687.375161243457,1959.5869045755153,1959.5869045755153,-7.908074679258976,-7.908074679258976,-7.908074679258976,411.6149411052104,411.6149411052104,411.6149411052104,-419.52301578446935,-419.52301578446935,-419.52301578446935,0.0,0.0,0.0,1951.6788298962563
2017-02-02,1962.5665836347707,-1163.5953810027024,4375.920971402566,1962.5665836347707,1962.5665836347707,-326.371205694398,-326.371205694398,-326.371205694398,156.07468268889806,156.07468268889806,156.07468268889806,-482.44588838329605,-482.44588838329605,-482.44588838329605,0.0,0.0,0.0,1636.1953779403727
2017-02-03,1963.5598099878557,-797.9252940221045,4393.414635370695,1963.5598099878557,1963.5598099878557,-102.13783904082942,-102.13783904082942,-102.13783904082942,419.7313386413075,419.7313386413075,419.7313386413075,-521.8691776821369,-521.8691776821369,-521.8691776821369,0.0,0.0,0.0,1861.4219709470262
2017-02-04,1964.5530363409412,-1225.2067556897687,4103.200177361689,1964.5530363409412,1964.5530363409412,-548.196608516636,-548.196608516636,-548.196608516636,21.36649982521119,21.36649982521119,21.36649982521119,-569.5631083418472,-569.5631083418472,-569.5631083418472,0.0,0.0,0.0,1416.3564278243052
2017-02-05,1965.5462626940262,-1161.530589329269,4308.095443996415,1965.5462626940262,1965.5462626940262,-420.9878814752442,-420.9878814752442,-420.9878814752442,203.6129602758073,203.6129602758073,203.6129602758073,-624.6008417510516,-624.6008417510516,-624.6008417510516,0.0,0.0,0.0,1544.558381218782
2017-02-06,1966.5394890471116,-1009.6320760531481,4476.73874615456,1966.5394890471116,1966.5394890471116,-274.22969118212797,-274.22969118212797,-274.22969118212797,411.6149411061475,411.6149411061475,411.6149411061475,-685.8446322882755,-685.8446322882755,-685.8446322882755,0.0,0.0,0.0,1692.3097978649837
2017-02-09,1969.519168106367,-1420.394566660446,3931.429829482793,1969.519168106367,1969.519168106367,-736.7555329143755,-736.7555329143755,-736.7555329143755,156.07468269014794,156.07468269014794,156.07468269014794,-892.8302156045235,-892.8302156045235,-892.8302156045235,0.0,0.0,0.0,1232.7636351919914
2017-02-10,1970.512394459452,-1426.8332022501647,4288.990072514065,1970.512394459452,1970.512394459452,-544.5413329702254,-544.5413329702254,-544.5413329702254,419.73133864135735,419.73133864135735,419.73133864135735,-964.2726716115828,-964.2726716115828,-964.2726716115828,0.0,0.0,0.0,1425.9710614892265
2017-02-11,1971.5056208125375,-1827.3104447732046,3443.6958289527834,1971.5056208125375,1971.5056208125375,-1012.7255813943545,-1012.7255813943545,-1012.7255813943545,21.36649982580777,21.36649982580777,21.36649982580777,-1034.0920812201623,-1034.0920812201623,-1034.0920812201623,0.0,0.0,0.0,958.7800394181829
2017-02-13,1973.4920735187075,-1653.9998023656267,3969.2150336730238,1973.4920735187075,1973.4920735187075,-750.309025792133,-750.309025792133,-750.309025792133,411.6149411049421,411.6149411049421,411.6149411049421,-1161.923966897075,-1161.923966897075,-1161.923966897075,0.0,0.0,0.0,1223.1830477265744
2017-02-16,1976.4717525779633,-1914.1986158790503,3624.201406736612,1976.4717525779633,1976.4717525779633,-1143.75743324301,-1143.75743324301,-1143.75743324301,156.0746826908167,156.0746826908167,156.0746826908167,-1299.8321159338266,-1299.8321159338266,-1299.8321159338266,0.0,0.0,0.0,832.7143193349534
2017-02-17,1977.4649789310483,-1610.427660981659,3673.686329135151,1977.4649789310483,1977.4649789310483,-906.0988231413265,-906.0988231413265,-906.0988231413265,419.7313386409114,419.7313386409114,419.7313386409114,-1325.830161782238,-1325.830161782238,-1325.830161782238,0.0,0.0,0.0,1071.3661557897217
2017-02-18,1978.4584229447607,-2119.498620813835,3449.4416599131946,1978.4584229447607,1978.4584229447607,-1318.6555585409449,-1318.6555585409449,-1318.6555585409449,21.36649982605708,21.36649982605708,21.36649982605708,-1340.022058367002,-1340.022058367002,-1340.022058367002,0.0,0.0,0.0,659.8028644038159
2017-02-19,1979.451866958473,-1852.45334894728,3662.5258851918325,1979.451866958473,1979.451866958473,-1138.0351518343937,-1138.0351518343937,-1138.0351518343937,203.61296027375593,203.61296027375593,203.61296027375593,-1341.6481121081495,-1341.6481121081495,-1341.6481121081495,0.0,0.0,0.0,841.4167151240792
2017-02-20,1980.4453109721856,-1639.5733356171127,3867.2399260735647,1980.4453109721856,1980.4453109721856,-918.5835984279286,-918.5835984279286,-918.5835984279286,411.61494110544163,411.61494110544163,411.61494110544163,-1330.1985395333702,-1330.1985395333702,-1330.1985395333702,0.0,0.0,0.0,1061.861712544257
2017-02-21,1981.438754985898,-2408.607166636507,3160.641470130358,1981.438754985898,1981.438754985898,-1477.4340261644138,-1477.4340261644138,-1477.4340261644138,-172.00787204982961,-172.00787204982961,-172.00787204982961,-1305.4261541145843,-1305.4261541145843,-1305.4261541145843,0.0,0.0,0.0,504.00472882148415
2017-02-23,1983.4256430133225,-1629.7372416570415,3607.455699367379,1983.4256430133225,1983.4256430133225,-1060.1965312974708,-1060.1965312974708,-1060.1965312974708,156.0746826898608,156.0746826898608,156.0746826898608,-1216.2712139873315,-1216.2712139873315,-1216.2712139873315,0.0,0.0,0.0,923.2291117158518
2017-02-24,1984.4190870270347,-1538.7084005497431,4112.883986709693,1984.4190870270347,1984.4190870270347,-733.0055169349022,-733.0055169349022,-733.0055169349022,419.73133864192187,419.73133864192187,419.73133864192187,-1152.7368555768242,-1152.7368555768242,-1152.7368555768242,0.0,0.0,0.0,1251.4135700921324
2017-02-25,1985.4125310407471,-1959.6098776910167,3805.9400879795476,1985.4125310407471,1985.4125310407471,-1056.1924707167718,-1056.1924707167718,-1056.1924707167718,21.3664998251567,21.3664998251567,21.3664998251567,-1077.5589705419286,-1077.5589705419286,-1077.5589705419286,0.0,0.0,0.0,929.2200603239753
2017-02-26,1986.4059750544593,-1524.9208434354714,3831.5259195699914,1986.4059750544593,1986.4059750544593,-788.1691127353293,-788.1691127353293,-788.1691127353293,203.61296027556443,203.61296027556443,203.61296027556443,-991.7820730108939,-991.7820730108939,-991.7820730108939,0.0,0.0,0.0,1198.23686231913
2017-02-28,1988.392863081884,-1550.7872015736068,3650.113672668622,1988.392863081884,1988.392863081884,-965.6553538578762,-965.6553538578762,-965.6553538578762,-172.0078720486944,-172.0078720486944,-172.0078720486944,-793.6474818091817,-793.6474818091817,-793.6474818091817,0.0,0.0,0.0,1022.7375092240077
2017-03-02,1990.3797511093085,-1182.4676588825096,4373.934194933381,1990.3797511093085,1990.3797511093085,-414.359704436025,-414.359704436025,-414.359704436025,156.07468269111064,156.07468269111064,156.07468269111064,-570.4343871271357,-570.4343871271357,-570.4343871271357,0.0,0.0,0.0,1576.0200466732836
2017-03-03,1991.373195123021,-807.478866080027,4619.93666601973,1991.373195123021,1991.373195123021,-34.026674200171286,-34.026674200171286,-34.026674200171286,419.73133864101123,419.73133864101123,419.73133864101123,-453.75801284118256,-453.75801284118256,-453.75801284118256,0.0,0.0,0.0,1957.3465209228498
2017-03-04,1992.3666391367335,-1216.6956989288851,4455.8798190721745,1992.3666391367335,1992.3666391367335,-314.7827895605598,-314.7827895605598,-314.7827895605598,21.366499824603537,21.366499824603537,21.366499824603537,-336.14928938516334,-336.14928938516334,-336.14928938516334,0.0,0.0,0.0,1677.5838495761736
2017-03-05,1993.3600831504457,-756.8402688117823,4569.867702409927,1993.3600831504457,1993.3600831504457,-15.848018826267666,-15.848018826267666,-15.848018826267666,203.61296027392692,203.61296027392692,203.61296027392692,-219.46097910019458,-219.46097910019458,-219.46097910019458,0.0,0.0,0.0,1977.512064324178
2017-03-06,1994.353527164158,-438.96094781407845,5091.67978445986,1994.353527164158,1994.353527164158,306.10204193188713,306.10204193188713,306.10204193188713,411.61494110602575,411.61494110602575,411.61494110602575,-105.51289917413858,-105.51289917413858,-105.51289917413858,0.0,0.0,0.0,2300.455569096045
2017-03-07,1995.3469711778703,-742.9810245442773,4472.511852690034,1995.3469711778703,1995.3469711778703,-168.06215624086698,-168.06215624086698,-168.06215624086698,-172.00787204670914,-172.00787204670914,-172.00787204670914,3.945715805842164,3.945715805842164,3.945715805842164,0.0,0.0,0.0,1827.2848149370034
2017-03-08,1996.3404151915827,-1585.868075508218,3602.298835753812,1996.3404151915827,1996.3404151915827,-933.1207443851656,-933.1207443851656,-933.1207443851656,-1040.3925504896965,-1040.3925504896965,-1040.3925504896965,107.27180610453082,107.27180610453082,107.27180610453082,0.0,0.0,0.0,1063.219670806417
2017-03-09,1997.3338592052949,-517.313976664951,5004.789400630284,1997.3338592052949,1997.3338592052949,359.03590826766515,359.03590826766515,359.03590826766515,156.07468269119826,156.07468269119826,156.07468269119826,202.96122557646692,202.96122557646692,202.96122557646692,0.0,0.0,0.0,2356.36976747296
2017-03-10,1998.3273032190073,123.59060683108619,5489.466565421071,1998.3273032190073,1998.3273032190073,709.409235186427,709.409235186427,709.409235186427,419.7313386410612,419.7313386410612,419.7313386410612,289.67789654536585,289.67789654536585,289.67789654536585,0.0,0.0,0.0,2707.736538405434
2017-03-11,1999.3207472327194,-701.6698526665272,5107.694164461325,1999.3207472327194,1999.3207472327194,387.6452455724998,387.6452455724998,387.6452455724998,21.366499826002556,21.366499826002556,21.366499826002556,366.27874574649724,366.27874574649724,366.27874574649724,0.0,0.0,0.0,2386.9659928052192
2017-03-12,2000.314191246432,-7.005190624570875,5381.831910502091,2000.314191246432,2000.314191246432,635.4468565486832,635.4468565486832,635.4468565486832,203.61296027462424,203.61296027462424,203.61296027462424,431.8338962740588,431.8338962740588,431.8338962740588,0.0,0.0,0.0,2635.7610477951152
2017-03-13,2001.3076352601445,89.17009006584183,5762.866550533474,2001.3076352601445,2001.3076352601445,897.256653432713,897.256653432713,897.256653432713,411.61494110652524,411.61494110652524,411.61494110652524,485.64171232618787,485.64171232618787,485.64171232618787,0.0,0.0,0.0,2898.5642886928576
2017-03-14,2002.3010792738567,-310.5741043775737,5009.639785532614,2002.3010792738567,2002.3010792738567,355.2305519835897,355.2305519835897,355.2305519835897,-172.00787204787198,-172.00787204787198,-172.00787204787198,527.2384240314617,527.2384240314617,527.2384240314617,0.0,0.0,0.0,2357.5316312574464
2017-03-16,2004.2879673012812,-64.38275793980104,5557.817079071255,2004.2879673012812,2004.2879673012812,729.226318397763,729.226318397763,729.226318397763,156.07468269024233,156.07468269024233,156.07468269024233,573.1516357075205,573.1516357075205,573.1516357075205,0.0,0.0,0.0,2733.514285699044
2017-03-17,2005.2814113149936,435.81205880874813,5698.602648696196,2005.2814113149936,2005.2814113149936,997.470229780689,997.470229780689,997.470229780689,419.7313386406152,419.7313386406152,419.7313386406152,577.7388911400737,577.7388911400737,577.7388911400737,0.0,0.0,0.0,3002.7516410956828
2017-03-18,2006.2748553287058,-483.2430491659577,5098.51852848268,2006.2748553287058,2006.2748553287058,592.0040823163572,592.0040823163572,592.0040823163572,21.366499825449466,21.366499825449466,21.366499825449466,570.6375824909078,570.6375824909078,570.6375824909078,0.0,0.0,0.0,2598.278937645063
2017-03-19,2007.2682993424182,32.609929326677864,5532.688604452104,2007.2682993424182,2007.2682993424182,756.1389390358058,756.1389390358058,756.1389390358058,203.6129602753215,203.6129602753215,203.6129602753215,552.5259787604842,552.5259787604842,552.5259787604842,0.0,0.0,0.0,2763.407238378224
2017-03-20,2008.2617433561304,180.5293324553104,5655.192243044055,2008.2617433561304,2008.2617433561304,935.880846668082,935.880846668082,935.880846668082,411.6149411053198,411.6149411053198,411.6149411053198,524.2659055627623,524.2659055627623,524.2659055627623,0.0,0.0,0.0,2944.1425900242125
2017-03-21,2009.2551873698433,-537.8050428112472,5123.509367291587,2009.2551873698433,2009.2551873698433,314.87011245011274,314.87011245011274,314.87011245011274,-172.0078720458867,-172.0078720458867,-172.0078720458867,486.87798449599944,486.87798449599944,486.87798449599944,0.0,0.0,0.0,2324.125299819956
2017-03-23,2011.2420753972679,-170.15725908498248,5375.431857796768,2011.2420753972679,2011.2420753972679,545.5009702814203,545.5009702814203,545.5009702814203,156.07468269091106,156.07468269091106,156.07468269091106,389.4262875905093,389.4262875905093,389.4262875905093,0.0,0.0,0.0,2556.7430456786883
2017-03-24,2012.23551941098,-17.237509997504635,5398.022678381877,2012.23551941098,2012.23551941098,751.6687935475181,751.6687935475181,751.6687935475181,419.7313386420904,419.7313386420904,419.7313386420904,331.9374549054278,331.9374549054278,331.9374549054278,0.0,0.0,0.0,2763.904312958498
2017-03-25,2013.2289634246924,-642.2440948325143,4874.077772715243,2013.2289634246924,2013.2289634246924,291.77351767360597,291.77351767360597,291.77351767360597,21.366499826046013,21.366499826046013,21.366499826046013,270.40701784756,270.40701784756,270.40701784756,0.0,0.0,0.0,2305.0024810982986
2017-03-26,2014.2224074384046,-335.94779636558644,5338.412871232425,2014.2224074384046,2014.2224074384046,409.81293388757126,409.81293388757126,409.81293388757126,203.61296027601878,203.61296027601878,203.61296027601878,206.19997361155245,206.19997361155245,206.19997361155245,0.0,0.0,0.0,2424.035341325976
2017-03-27,2015.215851452117,-317.68691125829054,5121.759651947803,2015.215851452117,2015.215851452117,552.2705031642496,552.2705031642496,552.2705031642496,411.61494110625694,411.61494110625694,411.61494110625694,140.65556205799257,140.65556205799257,140.65556205799257,0.0,0.0,0.0,2567.4863546163665
2017-03-28,2016.2092954658292,-779.7066955490317,4609.5636510067725,2016.2092954658292,2016.2092954658292,-96.95006887076131,-96.95006887076131,-96.95006887076131,-172.00787204704946,-172.00787204704946,-172.00787204704946,75.05780317628815,75.05780317628815,75.05780317628815,0.0,0.0,0.0,1919.259226595068
2017-03-29,2017.2027394795418,-1756.4674828168613,3619.4357643251287,2017.2027394795418,2017.2027394795418,-1029.7841740217855,-1029.7841740217855,-1029.7841740217855,-1040.3925504896727,-1040.3925504896727,-1040.3925504896727,10.608376467887163,10.608376467887163,10.608376467887163,0.0,0.0,0.0,987.4185654577564
2017-03-30,2018.1961834932542,-703.4708839738491,4683.85476770083,2018.1961834932542,2018.1961834932542,104.47713725734742,104.47713725734742,104.47713725734742,156.0746826915798,156.0746826915798,156.0746826915798,-51.59754543423239,-51.59754543423239,-51.59754543423239,0.0,0.0,0.0,2122.6733207506018
2017-03-31,2019.1896275069664,-346.5825570409826,4918.733194637407,2019.1896275069664,2019.1896275069664,309.1393535468243,309.1393535468243,309.1393535468243,419.7313386421402,419.7313386421402,419.7313386421402,-110.59198509531592,-110.59198509531592,-110.59198509531592,0.0,0.0,0.0,2328.328981053791
2017-04-01,2020.1830715206788,-777.9688284049831,4752.02191034068,2020.1830715206788,2020.1830715206788,-144.18444727406262,-144.18444727406262,-144.18444727406262,21.36649982514566,21.36649982514566,21.36649982514566,-165.5509470992083,-165.5509470992083,-165.5509470992083,0.0,0.0,0.0,1875.9986242466161
2017-04-02,2021.176515534391,-651.3364225118316,4717.48224276409,2021.176515534391,2021.176515534391,-12.194029061836558,-12.194029061836558,-12.194029061836558,203.61296027438132,203.61296027438132,203.61296027438132,-215.8069893362179,-215.8069893362179,-215.8069893362179,0.0,0.0,0.0,2008.9824864725545
2017-04-03,2022.169959548103,-478.5660008779901,5086.760001571128,2022.169959548103,2022.169959548103,150.75756086011762,150.75756086011762,150.75756086011762,411.61494110590394,411.61494110590394,411.61494110590394,-260.8573802457863,-260.8573802457863,-260.8573802457863,0.0,0.0,0.0,2172.9275204082205
2017-04-04,2023.1634034402182,-1225.5720862142045,4223.708721658544,2023.1634034402182,2023.1634034402182,-472.37563397762005,-472.37563397762005,-472.37563397762005,-172.00787204778717,-172.00787204778717,-172.00787204778717,-300.36776192983297,-300.36776192983297,-300.36776192983297,0.0,0.0,0.0,1550.7877694625981
2017-04-06,2025.1502912244478,-851.047600366975,4758.0289985898435,2025.1502912244478,2025.1502912244478,-206.18919147073376,-206.18919147073376,-206.18919147073376,156.07468269224856,156.07468269224856,156.07468269224856,-362.26387416298235,-362.26387416298235,-362.26387416298235,0.0,0.0,0.0,1818.961099753714
2017-04-07,2026.1437351165625,-695.0755586618573,4850.799482148518,2026.1437351165625,2026.1437351165625,34.9369703758496,34.9369703758496,34.9369703758496,419.7313386426547,419.7313386426547,419.7313386426547,-384.7943682668051,-384.7943682668051,-384.7943682668051,0.0,0.0,0.0,2061.080705492412
2017-04-08,2027.137179008677,-1147.4196206246716,4264.319299166548,2027.137179008677,2027.137179008677,-380.6859259931317,-380.6859259931317,-380.6859259931317,21.366499825742217,21.366499825742217,21.366499825742217,-402.052425818874,-402.052425818874,-402.052425818874,0.0,0.0,0.0,1646.4512530155453
2017-04-09,2028.1306229007919,-1229.2697852969031,4310.891293896534,2028.1306229007919,2028.1306229007919,-210.83915500581114,-210.83915500581114,-210.83915500581114,203.61296027507865,203.61296027507865,203.61296027507865,-414.4521152808898,-414.4521152808898,-414.4521152808898,0.0,0.0,0.0,1817.2914678949808
2017-04-10,2029.124066792907,-607.1104699977058,4864.036681519844,2029.124066792907,2029.124066792907,-10.898290421217029,-10.898290421217029,-10.898290421217029,411.6149411059886,411.6149411059886,411.6149411059886,-422.5132315272056,-422.5132315272056,-422.5132315272056,0.0,0.0,0.0,2018.2257763716898
2017-04-11,2030.1175106850214,-1365.1849941908897,4109.996032554892,2030.1175106850214,2030.1175106850214,-598.8482869256075,-598.8482869256075,-598.8482869256075,-172.00787204852494,-172.00787204852494,-172.00787204852494,-426.84041487708254,-426.84041487708254,-426.84041487708254,0.0,0.0,0.0,1431.269223759414
2017-04-12,2031.1109545771367,-2039.6285740060805,3153.5244002667305,2031.1109545771367,2031.1109545771367,-1468.4933200644703,-1468.4933200644703,-1468.4933200644703,-1040.39255048979,-1040.39255048979,-1040.39255048979,-428.1007695746804,-428.1007695746804,-428.1007695746804,0.0,0.0,0.0,562.6176345126664
2017-04-13,2032.1043984692512,-935.4164518881662,4644.116695621312,2032.1043984692512,2032.1043984692512,-270.92594828803226,-270.92594828803226,-270.92594828803226,156.07468269129262,156.07468269129262,156.07468269129262,-427.00063097932485,-427.00063097932485,-427.00063097932485,0.0,0.0,0.0,1761.178450181219
2017-04-14,2033.097842361366,-599.8261946333186,4764.130072078034,2033.097842361366,2033.097842361366,-4.530798891125985,-4.530798891125985,-4.530798891125985,419.73133864174423,419.73133864174423,419.73133864174423,-424.26213753287027,-424.26213753287027,-424.26213753287027,0.0,0.0,0.0,2028.56704347024
2017-04-15,2034.091286253481,-1058.2271812975775,4302.82562725179,2034.091286253481,2034.091286253481,-399.2337528167238,-399.2337528167238,-399.2337528167238,21.366499825189077,21.366499825189077,21.366499825189077,-420.6002526419129,-420.6002526419129,-420.6002526419129,0.0,0.0,0.0,1634.8575334367572
2017-04-16,2035.0847301455954,-1001.9837950068401,4561.720803549783,2035.0847301455954,2035.0847301455954,-213.08789329503526,-213.08789329503526,-213.08789329503526,203.61296027466474,203.61296027466474,203.61296027466474,-416.70085356970003,-416.70085356970003,-416.70085356970003,0.0,0.0,0.0,1821.9968368505602
2017-04-17,2036.0781740377106,-773.5080436665528,4797.603110033409,2036.0781740377106,2036.0781740377106,-1.5855192534431846,-1.5855192534431846,-1.5855192534431846,411.6149411060731,411.6149411060731,411.6149411060731,-413.2004603595163,-413.2004603595163,-413.2004603595163,0.0,0.0,0.0,2034.4926547842674
2017-04-20,2039.058505714055,-858.0626329224732,4458.853469217883,2039.058505714055,2039.058505714055,-254.28156920776308,-254.28156920776308,-254.28156920776308,156.0746826891744,156.0746826891744,156.0746826891744,-410.3562518969375,-410.3562518969375,-410.3562518969375,0.0,0.0,0.0,1784.7769365062918
2017-04-21,2040.0519496061695,-730.2685736903424,4645.088028773593,2040.0519496061695,2040.0519496061695,6.478497556367681,6.478497556367681,6.478497556367681,419.73133864083354,419.73133864083354,419.73133864083354,-413.2528410844659,-413.2528410844659,-413.2528410844659,0.0,0.0,0.0,2046.5304471625373
2017-04-22,2041.0453934982845,-1096.555903765681,4396.582352325573,2041.0453934982845,2041.0453934982845,-397.0879579565723,-397.0879579565723,-397.0879579565723,21.366499824635962,21.366499824635962,21.366499824635962,-418.4544577812083,-418.4544577812083,-418.4544577812083,0.0,0.0,0.0,1643.9574355417121
2017-04-23,2042.0388373903993,-900.8588506937609,4497.410434142187,2042.0388373903993,2042.0388373903993,-222.40969898355024,-222.40969898355024,-222.40969898355024,203.6129602752496,203.6129602752496,203.6129602752496,-426.02265925879976,-426.02265925879976,-426.02265925879976,0.0,0.0,0.0,1819.629138406849
2017-04-24,2043.032281282514,-811.0059027814526,4774.294071096526,2043.032281282514,2043.032281282514,-24.291833421728825,-24.291833421728825,-24.291833421728825,411.6149411057202,411.6149411057202,411.6149411057202,-435.90677452744904,-435.90677452744904,-435.90677452744904,0.0,0.0,0.0,2018.7404478607853
2017-04-25,2044.025725174629,-1286.638422096613,3946.2620331613,2044.025725174629,2044.025725174629,-619.9561443144963,-619.9561443144963,-619.9561443144963,-172.0078720481275,-172.0078720481275,-172.0078720481275,-447.94827226636886,-447.94827226636886,-447.94827226636886,0.0,0.0,0.0,1424.0695808601326
2017-04-26,2045.0191690667436,-2417.610571157081,3194.7423988953865,2045.0191690667436,2045.0191690667436,-1502.2808188496037,-1502.2808188496037,-1502.2808188496037,-1040.392550489421,-1040.392550489421,-1040.392550489421,-461.88826836018296,-461.88826836018296,-461.88826836018296,0.0,0.0,0.0,542.7383502171399
2017-04-27,2046.0126129588584,-833.7754679876028,4441.975299697343,2046.0126129588584,2046.0126129588584,-321.30320071174185,-321.30320071174185,-321.30320071174185,156.07468269042428,156.07468269042428,156.07468269042428,-477.37788340216616,-477.37788340216616,-477.37788340216616,0.0,0.0,0.0,1724.7094122471167
2017-04-28,2047.0060568509734,-800.7155398694239,4708.185797243807,2047.0060568509734,2047.0060568509734,-74.25974876417327,-74.25974876417327,-74.25974876417327,419.73133864134826,419.73133864134826,419.73133864134826,-493.9910874055215,-493.9910874055215,-493.9910874055215,0.0,0.0,0.0,1972.7463080868001
2017-04-29,2047.999500743088,-1172.8672189074628,4317.186212212845,2047.999500743088,2047.999500743088,-489.87310758106526,-489.87310758106526,-489.87310758106526,21.366499824885306,21.366499824885306,21.366499824885306,-511.23960740595055,-511.23960740595055,-511.23960740595055,0.0,0.0,0.0,1558.1263931620229
2017-04-30,2048.992944635203,-1006.275613108044,4373.901759852641,2048.992944635203,2048.992944635203,-324.97646484023784,-324.97646484023784,-324.97646484023784,203.61296027483576,203.61296027483576,203.61296027483576,-528.5894251150736,-528.5894251150736,-528.5894251150736,0.0,0.0,0.0,1724.016479794965
2017-05-01,2049.9863885273176,-734.3743327388936,4628.70585357532,2049.9863885273176,2049.9863885273176,-133.86341628920553,-133.86341628920553,-133.86341628920553,411.6149411053673,411.6149411053673,411.6149411053673,-545.4783573945728,-545.4783573945728,-545.4783573945728,0.0,0.0,0.0,1916.122972238112
2017-05-02,2050.979832419432,-1236.7033954145272,3958.9501623219426,2050.979832419432,2050.979832419432,-733.3420647894595,-733.3420647894595,-733.3420647894595,-172.00787204929026,-172.00787204929026,-172.00787204929026,-561.3341927401693,-561.3341927401693,-561.3341927401693,0.0,0.0,0.0,1317.6377676299726
2017-05-03,2051.9732763115476,-2508.594148840515,3341.431426346712,2051.9732763115476,2051.9732763115476,-1615.9854029464939,-1615.9854029464939,-1615.9854029464939,-1040.3925504891934,-1040.3925504891934,-1040.3925504891934,-575.592852457301,-575.592852457301,-575.592852457301,0.0,0.0,0.0,435.9878733650537
2017-05-04,2052.966720203662,-1195.386714008945,4359.715993341634,2052.966720203662,2052.966720203662,-431.64137291765707,-431.64137291765707,-431.64137291765707,156.07468268830607,156.07468268830607,156.07468268830607,-587.7160556059631,-587.7160556059631,-587.7160556059631,0.0,0.0,0.0,1621.3253472860051
2017-05-05,2053.9601640957767,-748.7774940164205,4601.7834021753615,2053.9601640957767,2053.9601640957767,-177.4766528829566,-177.4766528829566,-177.4766528829566,419.7313386413981,419.7313386413981,419.7313386413981,-597.2079915243547,-597.2079915243547,-597.2079915243547,0.0,0.0,0.0,1876.48351121282
2017-05-06,2054.9536079878917,-1222.7245281640216,4323.836389968393,2054.9536079878917,2054.9536079878917,-582.2640420062099,-582.2640420062099,-582.2640420062099,21.366499825481863,21.366499825481863,21.366499825481863,-603.6305418316917,-603.6305418316917,-603.6305418316917,0.0,0.0,0.0,1472.6895659816819
2017-05-07,2055.9470518800063,-1316.9753586518093,4352.725271048019,2055.9470518800063,2055.9470518800063,-403.0036836792493,-403.0036836792493,-403.0036836792493,203.61296027542056,203.61296027542056,203.61296027542056,-606.6166439546699,-606.6166439546699,-606.6166439546699,0.0,0.0,0.0,1652.943368200757
2017-05-08,2056.9404957721213,-847.6928580399782,4631.359412914174,2056.9404957721213,2056.9404957721213,-194.2665076698151,-194.2665076698151,-194.2665076698151,411.61494110586676,411.61494110586676,411.61494110586676,-605.8814487756819,-605.8814487756819,-605.8814487756819,0.0,0.0,0.0,1862.673988102306
2017-05-09,2057.9339396642363,-1495.8323821582255,4063.736620698493,2057.9339396642363,2057.9339396642363,-773.2388661219471,-773.2388661219471,-773.2388661219471,-172.00787204773007,-172.00787204773007,-172.00787204773007,-601.2309940742172,-601.2309940742172,-601.2309940742172,0.0,0.0,0.0,1284.6950735422893
2017-05-11,2059.920827448466,-1049.1715827571693,4223.818870906457,2059.920827448466,2059.920827448466,-423.8213172137489,-423.8213172137489,-423.8213172137489,156.07468268955594,156.07468268955594,156.07468268955594,-579.8959999033049,-579.8959999033049,-579.8959999033049,0.0,0.0,0.0,1636.099510234717
2017-05-12,2060.9142713405804,-687.5055179382884,4633.657867024791,2060.9142713405804,2060.9142713405804,-143.5864167962762,-143.5864167962762,-143.5864167962762,419.73133864144796,419.73133864144796,419.73133864144796,-563.3177554377241,-563.3177554377241,-563.3177554377241,0.0,0.0,0.0,1917.3278545443043
2017-05-13,2061.9077152326954,-1160.771865059617,4046.5435046779758,2061.9077152326954,2061.9077152326954,-521.6681779833463,-521.6681779833463,-521.6681779833463,21.36649982607846,21.36649982607846,21.36649982607846,-543.0346778094247,-543.0346778094247,-543.0346778094247,0.0,0.0,0.0,1540.2395372493493
2017-05-14,2062.90115912481,-1024.9439301928753,4430.7211018687685,2062.90115912481,2062.90115912481,-315.72773024447724,-315.72773024447724,-315.72773024447724,203.61296027378313,203.61296027378313,203.61296027378313,-519.3406905182603,-519.3406905182603,-519.3406905182603,0.0,0.0,0.0,1747.1734288803327
2017-05-15,2063.8946030169245,-756.0880792478009,4866.30203022748,2063.8946030169245,2063.8946030169245,-80.9997931617877,-80.9997931617877,-80.9997931617877,411.61494110509875,411.61494110509875,411.61494110509875,-492.61473426688644,-492.61473426688644,-492.61473426688644,0.0,0.0,0.0,1982.8948098551368
2017-05-16,2064.88804690904,-1278.906299631943,4248.820010115594,2064.88804690904,2064.88804690904,-635.3187073935898,-635.3187073935898,-635.3187073935898,-172.00787204846782,-172.00787204846782,-172.00787204846782,-463.31083534512203,-463.31083534512203,-463.31083534512203,0.0,0.0,0.0,1429.5693395154503
2017-05-18,2066.8749346932696,-929.4476313769923,4548.025848771698,2066.8749346932696,2066.8749346932696,-243.01332496764158,-243.01332496764158,-243.01332496764158,156.0746826902247,156.0746826902247,156.0746826902247,-399.0880076578663,-399.0880076578663,-399.0880076578663,0.0,0.0,0.0,1823.8616097256279
2017-05-19,2067.868378585384,-437.14546344718144,4694.609735696275,2067.868378585384,2067.868378585384,54.39296301796384,54.39296301796384,54.39296301796384,419.7313386405374,419.7313386405374,419.7313386405374,-365.33837562257355,-365.33837562257355,-365.33837562257355,0.0,0.0,0.0,2122.261341603348
2017-05-20,2068.8618224774987,-1124.355440439844,4652.482923393025,2068.8618224774987,2068.8618224774987,-309.9529664300806,-309.9529664300806,-309.9529664300806,21.366499826327782,21.366499826327782,21.366499826327782,-331.31946625640836,-331.31946625640836,-331.31946625640836,0.0,0.0,0.0,1758.908856047418
2017-05-21,2069.8552663696137,-869.277032694985,4784.97980900419,2069.8552663696137,2069.8552663696137,-94.044667231014,-94.044667231014,-94.044667231014,203.61296027448037,203.61296027448037,203.61296027448037,-297.65762750549436,-297.65762750549436,-297.65762750549436,0.0,0.0,0.0,1975.8105991385996
2017-05-22,2070.8487102617287,-626.3816781966191,4876.572988333693,2070.8487102617287,2070.8487102617287,146.6470102021223,146.6470102021223,146.6470102021223,411.6149411055984,411.6149411055984,411.6149411055984,-264.96793090347614,-264.96793090347614,-264.96793090347614,0.0,0.0,0.0,2217.495720463851
2017-05-23,2071.8421541538432,-1009.510445966415,4335.205632539721,2071.8421541538432,2071.8421541538432,-405.84709349322395,-405.84709349322395,-405.84709349322395,-172.0078720492055,-172.0078720492055,-172.0078720492055,-233.83922144401842,-233.83922144401842,-233.83922144401842,0.0,0.0,0.0,1665.9950606606194
2017-05-25,2073.829041938073,-839.8870613990924,4979.498262304983,2073.829041938073,2073.829041938073,-22.33167701884615,-22.33167701884615,-22.33167701884615,156.07468268926877,156.07468268926877,156.07468268926877,-178.40635970811493,-178.40635970811493,-178.40635970811493,0.0,0.0,0.0,2051.4973649192266
2017-05-26,2074.822485830188,-367.37733275630586,5107.359668211964,2074.822485830188,2074.822485830188,264.7016167538953,264.7016167538953,264.7016167538953,419.7313386420126,419.7313386420126,419.7313386420126,-155.02972188811728,-155.02972188811728,-155.02972188811728,0.0,0.0,0.0,2339.5241025840833
2017-05-27,2075.815929722303,-657.913141498645,4686.145273002925,2075.815929722303,2075.815929722303,-113.68242611035991,-113.68242611035991,-113.68242611035991,21.36649982577463,21.36649982577463,21.36649982577463,-135.04892593613454,-135.04892593613454,-135.04892593613454,0.0,0.0,0.0,1962.1335036119428
2017-05-28,2076.809373614417,-548.9524714864004,4959.648808509417,2076.809373614417,2076.809373614417,84.87036935574348,84.87036935574348,84.87036935574348,203.61296027517773,203.61296027517773,203.61296027517773,-118.74259091943424,-118.74259091943424,-118.74259091943424,0.0,0.0,0.0,2161.6797429701605
2017-05-29,2077.8028175065324,-241.59544540182534,5289.542311115448,2077.8028175065324,2077.8028175065324,305.31047659439446,305.31047659439446,305.31047659439446,411.61494110524546,411.61494110524546,411.61494110524546,-106.30446451085102,-106.30446451085102,-106.30446451085102,0.0,0.0,0.0,2383.113294100927
2017-05-30,2078.796261398647,-918.3241691247848,4539.223943094364,2078.796261398647,2078.796261398647,-269.8488494328062,-269.8488494328062,-269.8488494328062,-172.00787205036832,-172.00787205036832,-172.00787205036832,-97.84097738243791,-97.84097738243791,-97.84097738243791,0.0,0.0,0.0,1808.9474119658407
2017-06-01,2080.7831491828765,-657.1155527339437,4855.729294042397,2080.7831491828765,2080.7831491828765,63.245998839260906,63.245998839260906,63.245998839260906,156.07468268993753,156.07468268993753,156.07468268993753,-92.82868385067661,-92.82868385067661,-92.82868385067661,0.0,0.0,0.0,2144.0291480221376
2017-06-02,2081.776593074991,-480.8044802958592,5220.935233518843,2081.776593074991,2081.776593074991,323.66488988866325,323.66488988866325,323.66488988866325,419.7313386411019,419.7313386411019,419.7313386411019,-96.0664487524386,-96.0664487524386,-96.0664487524386,0.0,0.0,0.0,2405.4414829636544
2017-06-03,2082.770036967106,-865.2815422489543,4741.890239855399,2082.770036967106,2082.770036967106,-81.49613531063999,-81.49613531063999,-81.49613531063999,21.366499824874275,21.366499824874275,21.366499824874275,-102.86263513551425,-102.86263513551425,-102.86263513551425,0.0,0.0,0.0,2001.273901656466
2017-06-04,2083.763480859221,-520.9813464462671,4888.1931288547785,2083.763480859221,2083.763480859221,90.68406545957296,90.68406545957296,90.68406545957296,203.612960275875,203.612960275875,203.612960275875,-112.92889481630202,-112.92889481630202,-112.92889481630202,0.0,0.0,0.0,2174.447546318794
2017-06-05,2084.7569247513356,-324.78991521265607,5147.192268994602,2084.7569247513356,2084.7569247513356,285.69507578415977,285.69507578415977,285.69507578415977,411.6149411061825,411.6149411061825,411.6149411061825,-125.91986532202272,-125.91986532202272,-125.91986532202272,0.0,0.0,0.0,2370.4520005354952
2017-06-06,2085.75036864345,-956.7900851848943,4520.308311803026,2085.75036864345,2085.75036864345,-313.45175260131344,-313.45175260131344,-313.45175260131344,-172.00787204838304,-172.00787204838304,-172.00787204838304,-141.44388055293035,-141.44388055293035,-141.44388055293035,0.0,0.0,0.0,1772.2986160421367
2017-06-08,2087.73725642768,-552.5599765406873,4781.410873103221,2087.73725642768,2087.73725642768,-22.287960776680197,-22.287960776680197,-22.287960776680197,156.07468269060627,156.07468269060627,156.07468269060627,-178.36264346728646,-178.36264346728646,-178.36264346728646,0.0,0.0,0.0,2065.449295651
2017-06-09,2088.7307003197952,-237.4666590600601,5031.029918085241,2088.7307003197952,2088.7307003197952,220.88276241939306,220.88276241939306,220.88276241939306,419.7313386411518,419.7313386411518,419.7313386411518,-198.84857622175875,-198.84857622175875,-198.84857622175875,0.0,0.0,0.0,2309.6134627391884
2017-06-10,2089.72414421191,-805.3536867334163,4686.248602857029,2089.72414421191,2089.72414421191,-198.70757128076897,-198.70757128076897,-198.70757128076897,21.36649982627333,21.36649982627333,21.36649982627333,-220.07407110704233,-220.07407110704233,-220.07407110704233,0.0,0.0,0.0,1891.016572931141
2017-06-11,2090.7175881040243,-718.5981701152666,4837.668014659984,2090.7175881040243,2090.7175881040243,-37.9807854842161,-37.9807854842161,-37.9807854842161,203.61296027423754,203.61296027423754,203.61296027423754,-241.59374575845362,-241.59374575845362,-241.59374575845362,0.0,0.0,0.0,2052.7368026198083
2017-06-12,2091.7110319961394,-518.0312333177299,5028.6994762110835,2091.7110319961394,2091.7110319961394,148.6292672584426,148.6292672584426,148.6292672584426,411.61494110582964,411.61494110582964,411.61494110582964,-262.985673847387,-262.985673847387,-262.985673847387,0.0,0.0,0.0,2240.340299254582
2017-06-13,2092.7044758882544,-1014.7815525033661,4426.469854769975,2092.7044758882544,2092.7044758882544,-455.8687371200093,-455.8687371200093,-455.8687371200093,-172.00787204954585,-172.00787204954585,-172.00787204954585,-283.86086507046355,-283.86086507046355,-283.86086507046355,0.0,0.0,0.0,1636.835738768245
2017-06-15,2094.6913636724835,-733.4570435958855,4527.75150861557,2094.6913636724835,2094.6913636724835,-166.64237366024727,-166.64237366024727,-166.64237366024727,156.07468269127503,156.07468269127503,156.07468269127503,-322.7170563515223,-322.7170563515223,-322.7170563515223,0.0,0.0,0.0,1928.0489900122361
2017-06-16,2095.6848075645985,-585.254999282314,4909.766373718488,2095.6848075645985,2095.6848075645985,79.5811060927596,79.5811060927596,79.5811060927596,419.7313386407058,419.7313386407058,419.7313386407058,-340.1502325479462,-340.1502325479462,-340.1502325479462,0.0,0.0,0.0,2175.265913657358
2017-06-17,2096.6782514567135,-1081.6752077869403,4435.558534274574,2096.6782514567135,2096.6782514567135,-334.61269055657266,-334.61269055657266,-334.61269055657266,21.366499825720215,21.366499825720215,21.366499825720215,-355.9791903822928,-355.9791903822928,-355.9791903822928,0.0,0.0,0.0,1762.0655609001408
2017-06-18,2097.671695348828,-461.57525383168206,4898.8844869395525,2097.671695348828,2097.671695348828,-166.45652925522523,-166.45652925522523,-166.45652925522523,203.61296027604598,203.61296027604598,203.61296027604598,-370.0694895312712,-370.0694895312712,-370.0694895312712,0.0,0.0,0.0,1931.2151660936029
2017-06-19,2098.665139240943,-806.9043471455184,4760.945697035103,2098.665139240943,2098.665139240943,29.27123819899447,29.27123819899447,29.27123819899447,411.6149411054766,411.6149411054766,411.6149411054766,-382.3437029064821,-382.3437029064821,-382.3437029064821,0.0,0.0,0.0,2127.9363774399376
2017-06-20,2099.6585831330576,-1147.5054597643973,4284.102096747739,2099.6585831330576,2099.6585831330576,-564.7873438740421,-564.7873438740421,-564.7873438740421,-172.0078720475606,-172.0078720475606,-172.0078720475606,-392.77947182648154,-392.77947182648154,-392.77947182648154,0.0,0.0,0.0,1534.8712392590155
2017-06-21,2100.6520270251726,-2021.2994739870528,3443.808113964788,2100.6520270251726,2100.6520270251726,-1441.7985812766244,-1441.7985812766244,-1441.7985812766244,-1040.392550490064,-1040.392550490064,-1040.392550490064,-401.4060307865606,-401.4060307865606,-401.4060307865606,0.0,0.0,0.0,658.8534457485482
2017-06-22,2101.6454709172876,-828.1928935960541,4613.020243321405,2101.6454709172876,2101.6454709172876,-252.22468844170982,-252.22468844170982,-252.22468844170982,156.07468269031907,156.07468269031907,156.07468269031907,-408.2993711320289,-408.2993711320289,-408.2993711320289,0.0,0.0,0.0,1849.4207824755779
2017-06-24,2103.6323587015168,-1147.743366461445,4499.303839676163,2103.6323587015168,2103.6323587015168,-396.0207726366693,-396.0207726366693,-396.0207726366693,21.366499826316772,21.366499826316772,21.366499826316772,-417.38727246298606,-417.38727246298606,-417.38727246298606,0.0,0.0,0.0,1707.6115860648474
2017-06-25,2104.6258025936318,-876.3157875147954,4754.309001411029,2104.6258025936318,2104.6258025936318,-216.29636102265727,-216.29636102265727,-216.29636102265727,203.61296027563213,203.61296027563213,203.61296027563213,-419.9093212982894,-419.9093212982894,-419.9093212982894,0.0,0.0,0.0,1888.3294415709745
2017-06-26,2105.6192464857463,-464.70314480921576,4758.2011648376665,2105.6192464857463,2105.6192464857463,-9.722628979066954,-9.722628979066954,-9.722628979066954,411.61494110512365,411.61494110512365,411.61494110512365,-421.33757008419065,-421.33757008419065,-421.33757008419065,0.0,0.0,0.0,2095.8966175066794
2017-06-27,2106.612690377862,-1122.0439800145966,4175.084833686017,2106.612690377862,2106.612690377862,-593.8852551319377,-593.8852551319377,-593.8852551319377,-172.0078720464254,-172.0078720464254,-172.0078720464254,-421.8773830855122,-421.8773830855122,-421.8773830855122,0.0,0.0,0.0,1512.727435245924
2017-06-29,2108.5995781620904,-1037.3708159263533,4639.073598873445,2108.5995781620904,2108.5995781620904,-265.04202891404736,-265.04202891404736,-265.04202891404736,156.0746826904067,156.0746826904067,156.0746826904067,-421.11671160445405,-421.11671160445405,-421.11671160445405,0.0,0.0,0.0,1843.557549248043
2017-06-30,2109.593022054206,-595.6345417154487,4862.525732598005,2109.593022054206,2109.593022054206,-0.4770816303786951,-0.4770816303786951,-0.4770816303786951,419.73133864080563,419.73133864080563,419.73133864080563,-420.2084202711843,-420.2084202711843,-420.2084202711843,0.0,0.0,0.0,2109.1159404238274
2017-07-01,2110.5864659463205,-889.7366315122732,4472.784297078446,2110.5864659463205,2110.5864659463205,-397.81652082421505,-397.81652082421505,-397.81652082421505,21.366499824613896,21.366499824613896,21.366499824613896,-419.1830206488289,-419.1830206488289,-419.1830206488289,0.0,0.0,0.0,1712.7699451221054
2017-07-02,2111.5799098384355,-1007.0230338273773,4707.17557019171,2111.5799098384355,2111.5799098384355,-214.57558196413552,-214.57558196413552,-214.57558196413552,203.61296027399462,203.61296027399462,203.61296027399462,-418.18854223813014,-418.18854223813014,-418.18854223813014,0.0,0.0,0.0,1897.0043278742999
2017-07-03,2112.57335373055,-544.170288262676,4779.737451521612,2112.57335373055,2112.57335373055,-5.730584286203535,-5.730584286203535,-5.730584286203535,411.6149411060608,411.6149411060608,411.6149411060608,-417.34552539226434,-417.34552539226434,-417.34552539226434,0.0,0.0,0.0,2106.8427694443467
2017-07-05,2114.56024151478,-2087.4535123409823,3296.1714647556114,2114.56024151478,2114.56024151478,-1456.8359508642473,-1456.8359508642473,-1456.8359508642473,-1040.392550489695,-1040.392550489695,-1040.392550489695,-416.4434003745524,-416.4434003745524,-416.4434003745524,0.0,0.0,0.0,657.7242906505328
2017-07-06,2115.5536854068946,-797.7648549944887,4732.23982493787,2115.5536854068946,2115.5536854068946,-260.3949293990301,-260.3949293990301,-260.3949293990301,156.07468269165653,156.07468269165653,156.07468269165653,-416.46961209068667,-416.46961209068667,-416.46961209068667,0.0,0.0,0.0,1855.1587560078644
2017-07-07,2116.5471292990096,-719.3356488770305,4814.251674980328,2116.5471292990096,2116.5471292990096,2.912547791017741,2.912547791017741,2.912547791017741,419.73133864274536,419.73133864274536,419.73133864274536,-416.8187908517276,-416.8187908517276,-416.8187908517276,0.0,0.0,0.0,2119.4596770900275
2017-07-08,2117.540573191124,-1012.94982936598,4431.690798606986,2117.540573191124,2117.540573191124,-396.09169226214317,-396.09169226214317,-396.09169226214317,21.36649982601298,21.36649982601298,21.36649982601298,-417.4581920881562,-417.4581920881562,-417.4581920881562,0.0,0.0,0.0,1721.448880928981
2017-07-09,2118.5340170832387,-853.3099187538136,4577.49847638475,2118.5340170832387,2118.5340170832387,-214.7167396320665,-214.7167396320665,-214.7167396320665,203.61296027469191,203.61296027469191,203.61296027469191,-418.32969990675844,-418.32969990675844,-418.32969990675844,0.0,0.0,0.0,1903.8172774511722
2017-07-10,2119.5274609753537,-597.8764932167992,4759.856778172836,2119.5274609753537,2119.5274609753537,-7.739025504674582,-7.739025504674582,-7.739025504674582,411.61494110485523,411.61494110485523,411.61494110485523,-419.35396660952983,-419.35396660952983,-419.35396660952983,0.0,0.0,0.0,2111.7884354706794
2017-07-11,2120.5209048674687,-1066.2259176332605,4342.935439337892,2120.5209048674687,2120.5209048674687,-592.4431307816844,-592.4431307816844,-592.4431307816844,-172.00787204790086,-172.00787204790086,-172.00787204790086,-420.43525873378354,-420.43525873378354,-420.43525873378354,0.0,0.0,0.0,1528.0777740857843
2017-07-12,2121.5143487595833,-2146.8428109644037,3402.5148127975576,2121.5143487595833,2121.5143487595833,-1461.859358062546,-1461.859358062546,-1461.859358062546,-1040.3925504893803,-1040.3925504893803,-1040.3925504893803,-421.4668075731658,-421.4668075731658,-421.4668075731658,0.0,0.0,0.0,659.6549906970372
2017-07-13,2122.5077926516983,-982.7528137178381,4548.120182173322,2122.5077926516983,2122.5077926516983,-266.26176503337246,-266.26176503337246,-266.26176503337246,156.07468269070063,156.07468269070063,156.07468269070063,-422.3364477240731,-422.3364477240731,-422.3364477240731,0.0,0.0,0.0,1856.2460276183258
2017-07-14,2123.501236543813,-563.2937950489053,4714.828417865182,2123.501236543813,2123.501236543813,-3.2009815539553026,-3.2009815539553026,-3.2009815539553026,419.7313386418348,419.7313386418348,419.7313386418348,-422.93232019579006,-422.93232019579006,-422.93232019579006,0.0,0.0,0.0,2120.3002549898574
2017-07-15,2124.494680435928,-991.5415079929954,4630.328103210849,2124.494680435928,2124.494680435928,-401.78191730914796,-401.78191730914796,-401.78191730914796,21.36649982545984,21.36649982545984,21.36649982545984,-423.1484171346078,-423.1484171346078,-423.1484171346078,0.0,0.0,0.0,1722.71276312678
2017-07-16,2125.488124328043,-827.3998667034476,4727.936464676807,2125.488124328043,2125.488124328043,-219.27679290279534,-219.27679290279534,-219.27679290279534,203.6129602742781,203.6129602742781,203.6129602742781,-422.88975317707343,-422.88975317707343,-422.88975317707343,0.0,0.0,0.0,1906.2113314252476
2017-07-17,2126.4815682201574,-737.4784945409001,4838.521625811664,2126.4815682201574,2126.4815682201574,-10.462022413813584,-10.462022413813584,-10.462022413813584,411.6149411057924,411.6149411057924,411.6149411057924,-422.076963519606,-422.076963519606,-422.076963519606,0.0,0.0,0.0,2116.019545806344
2017-07-18,2127.4750121122725,-939.1323373505246,4280.062237679665,2127.4750121122725,2127.4750121122725,-592.6580224838348,-592.6580224838348,-592.6580224838348,-172.00787204634062,-172.00787204634062,-172.00787204634062,-420.6501504374941,-420.6501504374941,-420.6501504374941,0.0,0.0,0.0,1534.8169896284376
2017-07-20,2129.461899896502,-759.8900447382931,4651.305360181807,2129.461899896502,2129.461899896502,-259.7541600537333,-259.7541600537333,-259.7541600537333,156.07468269136936,156.07468269136936,156.07468269136936,-415.8288427451027,-415.8288427451027,-415.8288427451027,0.0,0.0,0.0,1869.7077398427687
2017-07-21,2130.4553437886166,-859.6782007550853,4805.104902034148,2130.4553437886166,2130.4553437886166,7.298139106825841,7.298139106825841,7.298139106825841,419.73133864188475,419.73133864188475,419.73133864188475,-412.43319953505886,-412.43319953505886,-412.43319953505886,0.0,0.0,0.0,2137.7534828954426
2017-07-22,2131.448787680731,-888.0292565436952,4461.580590203308,2131.448787680731,2131.448787680731,-387.05523036965235,-387.05523036965235,-387.05523036965235,21.36649982490671,21.36649982490671,21.36649982490671,-408.421730194559,-408.421730194559,-408.421730194559,0.0,0.0,0.0,1744.393557311079
2017-07-23,2132.4422315728466,-795.3379580258802,4588.015205728345,2132.4422315728466,2132.4422315728466,-200.241660657407,-200.241660657407,-200.241660657407,203.61296027608654,203.61296027608654,203.61296027608654,-403.85462093349355,-403.85462093349355,-403.85462093349355,0.0,0.0,0.0,1932.2005709154396
2017-07-24,2133.435675464961,-481.8213733636206,4816.979148676083,2133.435675464961,2133.435675464961,12.802116632178247,12.802116632178247,12.802116632178247,411.61494110502446,411.61494110502446,411.61494110502446,-398.8128244728462,-398.8128244728462,-398.8128244728462,0.0,0.0,0.0,2146.2377920971394
2017-07-25,2134.4291193570757,-1084.0104397539253,4207.702022344992,2134.4291193570757,2134.4291193570757,-565.4023093358459,-565.4023093358459,-565.4023093358459,-172.0078720475034,-172.0078720475034,-172.0078720475034,-393.39443728834243,-393.39443728834243,-393.39443728834243,0.0,0.0,0.0,1569.0268100212297
2017-07-26,2135.4225632491907,-2154.7086101058617,3289.3841084438704,2135.4225632491907,2135.4225632491907,-1428.1027053799758,-1428.1027053799758,-1428.1027053799758,-1040.3925504895844,-1040.3925504895844,-1040.3925504895844,-387.7101548903912,-387.7101548903912,-387.7101548903912,0.0,0.0,0.0,707.319857869215
2017-07-27,2136.4160071413053,-926.4512063263434,4730.992564729718,2136.4160071413053,2136.4160071413053,-225.80326921231992,-225.80326921231992,-225.80326921231992,156.07468269261926,156.07468269261926,156.07468269261926,-381.8779519049392,-381.8779519049392,-381.8779519049392,0.0,0.0,0.0,1910.6127379289853
2017-07-28,2137.4094510334203,-394.0343766676674,4884.6930824688625,2137.4094510334203,2137.4094510334203,43.7141762061983,43.7141762061983,43.7141762061983,419.7313386409741,419.7313386409741,419.7313386409741,-376.01716243477586,-376.01716243477586,-376.01716243477586,0.0,0.0,0.0,2181.1236272396186
2017-07-29,2138.4028949255353,-640.402382270087,4646.8830296632095,2138.4028949255353,2138.4028949255353,-348.8756595795935,-348.8756595795935,-348.8756595795935,21.366499825156055,21.366499825156055,21.366499825156055,-370.2421594047495,-370.2421594047495,-370.2421594047495,0.0,0.0,0.0,1789.5272353459418
2017-07-30,2139.39633881765,-830.7234555425941,4830.379457499932,2139.39633881765,2139.39633881765,-161.04288832982652,-161.04288832982652,-161.04288832982652,203.6129602744491,203.6129602744491,203.6129602744491,-364.65584860427566,-364.65584860427566,-364.65584860427566,0.0,0.0,0.0,1978.3534504878232
2017-07-31,2140.3897827097644,-602.3483538207024,4848.072945382981,2140.3897827097644,2140.3897827097644,52.27173768735364,52.27173768735364,52.27173768735364,411.614941105524,411.614941105524,411.614941105524,-359.3432034181704,-359.3432034181704,-359.3432034181704,0.0,0.0,0.0,2192.6615203971182
2017-08-01,2141.3832266018794,-1118.3423863585995,4226.540709783951,2141.3832266018794,2141.3832266018794,-526.3729414928756,-526.3729414928756,-526.3729414928756,-172.00787204824118,-172.00787204824118,-172.00787204824118,-354.36506944463446,-354.36506944463446,-354.36506944463446,0.0,0.0,0.0,1615.0102851090037
2017-08-03,2143.3701143861094,-735.5132636968542,4724.090534359247,2143.3701143861094,2143.3701143861094,-189.42690375704868,-189.42690375704868,-189.42690375704868,156.07468268771407,156.07468268771407,156.07468268771407,-345.5015864447628,-345.5015864447628,-345.5015864447628,0.0,0.0,0.0,1953.9432106290608
2017-08-04,2144.3635582782235,-400.6898440294871,4972.930654018236,2144.3635582782235,2144.3635582782235,78.16160795529018,78.16160795529018,78.16160795529018,419.7313386424492,419.7313386424492,419.7313386424492,-341.569730687159,-341.569730687159,-341.569730687159,0.0,0.0,0.0,2222.5251662335136
2017-08-05,2145.3570021703385,-842.3849863023055,4501.317308156747,2145.3570021703385,2145.3570021703385,-316.50578109922554,-316.50578109922554,-316.50578109922554,21.366499825752637,21.366499825752637,21.366499825752637,-337.8722809249782,-337.8722809249782,-337.8722809249782,0.0,0.0,0.0,1828.851221071113
2017-08-06,2146.3504460624536,-636.9857188290624,4802.6931089914515,2146.3504460624536,2146.3504460624536,-130.6679648740321,-130.6679648740321,-130.6679648740321,203.61296027514632,203.61296027514632,203.61296027514632,-334.2809251491784,-334.2809251491784,-334.2809251491784,0.0,0.0,0.0,2015.6824811884214
2017-08-07,2147.343889954568,-454.0678690246612,4855.050647938116,2147.343889954568,2147.343889954568,80.99174059969488,80.99174059969488,80.99174059969488,411.61494110602354,411.61494110602354,411.61494110602354,-330.62320050632866,-330.62320050632866,-330.62320050632866,0.0,0.0,0.0,2228.335630554263
2017-08-10,2150.3242216309127,-972.2488745653181,4688.508027948417,2150.3242216309127,2150.3242216309127,-160.82013976032553,-160.82013976032553,-160.82013976032553,156.07468268896397,156.07468268896397,156.07468268896397,-316.8948224492895,-316.8948224492895,-316.8948224492895,0.0,0.0,0.0,1989.5040818705872
2017-08-11,2151.3176655230277,-713.4916953590213,4977.238972157474,2151.3176655230277,2151.3176655230277,109.30425437429622,109.30425437429622,109.30425437429622,419.7313386415386,419.7313386415386,419.7313386415386,-310.4270842672424,-310.4270842672424,-310.4270842672424,0.0,0.0,0.0,2260.621919897324
2017-08-12,2152.3111094151423,-896.6689615194001,4549.6270559166815,2152.3111094151423,2152.3111094151423,-281.08466816432207,-281.08466816432207,-281.08466816432207,21.366499825199497,21.366499825199497,21.366499825199497,-302.4511679895216,-302.4511679895216,-302.4511679895216,0.0,0.0,0.0,1871.2264412508202
2017-08-13,2153.304553307257,-619.0181808913334,4657.625205168434,2153.304553307257,2153.304553307257,-88.9855341899091,-88.9855341899091,-88.9855341899091,203.61296027584362,203.61296027584362,203.61296027584362,-292.5984944657527,-292.5984944657527,-292.5984944657527,0.0,0.0,0.0,2064.3190191173476
2017-08-14,2154.297997199372,-606.1056914653524,5026.364046105027,2154.297997199372,2154.297997199372,131.12369270956282,131.12369270956282,131.12369270956282,411.61494110525564,411.61494110525564,411.61494110525564,-280.4912483956928,-280.4912483956928,-280.4912483956928,0.0,0.0,0.0,2285.4216899089347
2017-08-15,2155.291441091487,-992.7826116889889,4587.367420857181,2155.291441091487,2155.291441091487,-437.75960593672244,-437.75960593672244,-437.75960593672244,-172.00787204741874,-172.00787204741874,-172.00787204741874,-265.7517338893037,-265.7517338893037,-265.7517338893037,0.0,0.0,0.0,1717.5318351547644
2017-08-16,2156.284884983602,-1910.3044246479908,3572.927046842917,2156.284884983602,2156.284884983602,-1288.404840313416,-1288.404840313416,-1288.404840313416,-1040.3925504895608,-1040.3925504895608,-1040.3925504895608,-248.01228982385527,-248.01228982385527,-248.01228982385527,0.0,0.0,0.0,867.880044670186
2017-08-17,2157.2783288757164,-780.744634017627,4965.299174157273,2157.2783288757164,2157.2783288757164,-70.85084025588192,-70.85084025588192,-70.85084025588192,156.0746826896327,156.0746826896327,156.0746826896327,-226.92552294551462,-226.92552294551462,-226.92552294551462,0.0,0.0,0.0,2086.4274886198345
2017-08-18,2158.271772767831,-376.6726609790298,5214.409266851801,2158.271772767831,2158.271772767831,217.55673506753274,217.55673506753274,217.55673506753274,419.73133864062805,419.73133864062805,419.73133864062805,-202.1746035730953,-202.1746035730953,-202.1746035730953,0.0,0.0,0.0,2375.828507835364
2017-08-19,2159.265216659946,-820.4475917488595,4636.624949583046,2159.265216659946,2159.265216659946,-152.1168626510798,-152.1168626510798,-152.1168626510798,21.36649982579606,21.36649982579606,21.36649982579606,-173.48336247687584,-173.48336247687584,-173.48336247687584,0.0,0.0,0.0,2007.1483540088661
2017-08-20,2160.2586605520605,-502.105914159618,4887.230091137017,2160.2586605520605,2160.2586605520605,62.98703208968265,62.98703208968265,62.98703208968265,203.6129602740937,203.6129602740937,203.6129602740937,-140.62592818441107,-140.62592818441107,-140.62592818441107,0.0,0.0,0.0,2223.245692641743
2017-08-21,2161.252104444176,-333.6366434220833,5183.347371509208,2161.252104444176,2161.252104444176,308.17928954265693,308.17928954265693,308.17928954265693,411.61494110575524,411.61494110575524,411.61494110575524,-103.43565156309829,-103.43565156309829,-103.43565156309829,0.0,0.0,0.0,2469.431393986833
2017-08-22,2162.24554833629,-808.6444928273692,4572.090709361793,2162.24554833629,2162.24554833629,-233.82095086020053,-233.82095086020053,-233.82095086020053,-172.0078720485815,-172.0078720485815,-172.0078720485815,-61.81307881161898,-61.81307881161898,-61.81307881161898,0.0,0.0,0.0,1928.4245974760895
2017-08-23,2163.2389922284046,-1499.4146994678092,4071.55850222183,2163.2389922284046,2163.2389922284046,-1056.1253050143273,-1056.1253050143273,-1056.1253050143273,-1040.3925504893327,-1040.3925504893327,-1040.3925504893327,-15.732754524994544,-15.732754524994544,-15.732754524994544,0.0,0.0,0.0,1107.1136872140773
2017-08-24,2164.23243612052,-453.66311716453225,5053.3977481410275,2164.23243612052,2164.23243612052,190.82601998118352,190.82601998118352,190.82601998118352,156.07468269088258,156.07468269088258,156.07468269088258,34.75133729030094,34.75133729030094,34.75133729030094,0.0,0.0,0.0,2355.0584561017035
2017-08-25,2165.2258800126347,-16.92254368209207,5490.095209490507,2165.2258800126347,2165.2258800126347,509.23319389121974,509.23319389121974,509.23319389121974,419.7313386421031,419.7313386421031,419.7313386421031,89.50185524911666,89.50185524911666,89.50185524911666,0.0,0.0,0.0,2674.4590739038545
2017-08-26,2166.2193239047497,-354.2386388956864,4921.904458307082,2166.2193239047497,2166.2193239047497,169.6623312988805,169.6623312988805,169.6623312988805,21.36649982489568,21.36649982489568,21.36649982489568,148.29583147398483,148.29583147398483,148.29583147398483,0.0,0.0,0.0,2335.88165520363
2017-08-27,2167.2127677968642,-272.8637627190413,5501.367766809059,2167.2127677968642,2167.2127677968642,414.4370991397936,414.4370991397936,414.4370991397936,203.61296027479108,203.61296027479108,203.61296027479108,210.82413886500257,210.82413886500257,210.82413886500257,0.0,0.0,0.0,2581.649866936658
2017-08-28,2168.206211688979,-82.4888668569724,5817.881433553123,2168.206211688979,2168.206211688979,688.3076830547826,688.3076830547826,688.3076830547826,411.61494110540224,411.61494110540224,411.61494110540224,276.6927419493804,276.6927419493804,276.6927419493804,0.0,0.0,0.0,2856.5138947437613
2017-08-29,2169.199655581094,-493.29333268037743,4962.7771492510365,2169.199655581094,2169.199655581094,173.4178651462807,173.4178651462807,173.4178651462807,-172.00787204974426,-172.00787204974426,-172.00787204974426,345.42573719602495,345.42573719602495,345.42573719602495,0.0,0.0,0.0,2342.6175207273745
2017-08-31,2171.1865433653234,155.63518946398554,5377.992954703214,2171.1865433653234,2171.1865433653234,645.2770780650524,645.2770780650524,645.2770780650524,156.0746826893455,156.0746826893455,156.0746826893455,489.2023953757068,489.2023953757068,489.2023953757068,0.0,0.0,0.0,2816.4636214303755
2017-09-01,2172.1799872574384,434.9525966034721,5994.777016574578,2172.1799872574384,2172.1799872574384,982.6676806118058,982.6676806118058,982.6676806118058,419.73133864119245,419.73133864119245,419.73133864119245,562.9363419706133,562.9363419706133,562.9363419706133,0.0,0.0,0.0,3154.847667869244
2017-09-02,2173.173431149553,100.78565547892264,5610.051268054794,2173.173431149553,2173.173431149553,658.2992432138342,658.2992432138342,658.2992432138342,21.366499825492227,21.366499825492227,21.366499825492227,636.932743388342,636.932743388342,636.932743388342,0.0,0.0,0.0,2831.4726743633873
2017-09-03,2174.166875041668,423.67431397419324,5850.635456943141,2174.166875041668,2174.166875041668,914.0229063188285,914.0229063188285,914.0229063188285,203.6129602754883,203.6129602754883,203.6129602754883,710.4099460433403,710.4099460433403,710.4099460433403,0.0,0.0,0.0,3088.1897813604965
2017-09-04,2175.160318933783,736.376715967176,6191.425035754517,2175.160318933783,2175.160318933783,1194.170556791951,1194.170556791951,1194.170556791951,411.61494110590183,411.61494110590183,411.61494110590183,782.555615686049,782.555615686049,782.555615686049,0.0,0.0,0.0,3369.3308757257337
2017-09-05,2176.153762825897,143.13073080962147,5701.477187352545,2176.153762825897,2176.153762825897,680.5314020564274,680.5314020564274,680.5314020564274,-172.00787204775898,-172.00787204775898,-172.00787204775898,852.5392741041863,852.5392741041863,852.5392741041863,0.0,0.0,0.0,2856.6851648823244
2017-09-07,2178.140650610127,438.67515123666834,6066.092867088245,2178.140650610127,2178.140650610127,1138.761538744122,1138.761538744122,1138.761538744122,156.07468269001427,156.07468269001427,156.07468269001427,982.6868560541076,982.6868560541076,982.6868560541076,0.0,0.0,0.0,3316.902189354249
2017-09-08,2179.134094502242,1127.9007129507042,6467.387458521609,2179.134094502242,2179.134094502242,1460.9496858469206,1460.9496858469206,1460.9496858469206,419.7313386412424,419.7313386412424,419.7313386412424,1041.2183472056784,1041.2183472056784,1041.2183472056784,0.0,0.0,0.0,3640.0837803491627
2017-09-09,2180.1275383943566,601.6228939927888,5963.6288356415735,2180.1275383943566,2180.1275383943566,1115.716223317474,1115.716223317474,1115.716223317474,21.36649982608886,21.36649982608886,21.36649982608886,1094.3497234913852,1094.3497234913852,1094.3497234913852,0.0,0.0,0.0,3295.8437617118307
2017-09-10,2181.120982286471,896.302436964001,6302.861925238593,2181.120982286471,2181.120982286471,1344.9717756628781,1344.9717756628781,1344.9717756628781,203.6129602738509,203.6129602738509,203.6129602738509,1141.3588153890273,1141.3588153890273,1141.3588153890273,0.0,0.0,0.0,3526.092757949349
2017-09-11,2182.1144261785867,1105.2163128294737,6605.9200548791,2182.1144261785867,2182.1144261785867,1593.1985497513492,1593.1985497513492,1593.1985497513492,411.6149411059864,411.6149411059864,411.6149411059864,1181.5836086453628,1181.5836086453628,1181.5836086453628,0.0,0.0,0.0,3775.312975929936
2017-09-12,2183.107870070701,406.9416406453276,5829.090042954023,2183.107870070701,2183.107870070701,1042.425657711924,1042.425657711924,1042.425657711924,-172.00787204892177,-172.00787204892177,-172.00787204892177,1214.4335297608459,1214.4335297608459,1214.4335297608459,0.0,0.0,0.0,3225.5335277826252
2017-09-13,2184.101313962816,-312.9740678113803,5169.558923356749,2184.101313962816,2184.101313962816,199.00709943714372,199.00709943714372,199.00709943714372,-1040.3925504897954,-1040.3925504897954,-1040.3925504897954,1239.3996499269392,1239.3996499269392,1239.3996499269392,0.0,0.0,0.0,2383.1084133999598
2017-09-14,2185.094757854931,796.5858653844986,6274.256199871347,2185.094757854931,2185.094757854931,1412.1383207949664,1412.1383207949664,1412.1383207949664,156.074682690683,156.074682690683,156.074682690683,1256.0636381042834,1256.0636381042834,1256.0636381042834,0.0,0.0,0.0,3597.233078649897
2017-09-15,2186.0882017470453,1024.6059766850815,6552.496506518588,2186.0882017470453,2186.0882017470453,1683.8366599983026,1683.8366599983026,1683.8366599983026,419.73133864033184,419.73133864033184,419.73133864033184,1264.1053213579708,1264.1053213579708,1264.1053213579708,0.0,0.0,0.0,3869.9248617453477
2017-09-16,2187.0816456391603,778.0905561224536,6244.248356980493,2187.0816456391603,2187.0816456391603,1284.675239654274,1284.675239654274,1284.675239654274,21.366499825990868,21.366499825990868,21.366499825990868,1263.3087398282833,1263.3087398282833,1263.3087398282833,0.0,0.0,0.0,3471.7568852934346
2017-09-17,2188.0750895312754,1220.3504478945026,6557.555081052639,2188.0750895312754,2188.0750895312754,1457.1795743122143,1457.1795743122143,1457.1795743122143,203.61296027565925,203.61296027565925,203.61296027565925,1253.5666140365552,1253.5666140365552,1253.5666140365552,0.0,0.0,0.0,3645.2546638434897
2017-09-18,2189.06853342339,1036.7532746163024,6479.80946393523,2189.06853342339,2189.06853342339,1646.4981139270296,1646.4981139270296,1646.4981139270296,411.6149411056334,411.6149411056334,411.6149411056334,1234.8831728213963,1234.8831728213963,1234.8831728213963,0.0,0.0,0.0,3835.5666473504198
2017-09-19,2190.061977315505,306.35447451203305,5985.854711832015,2190.061977315505,2190.061977315505,1035.3674482943218,1035.3674482943218,1035.3674482943218,-172.00787204965948,-172.00787204965948,-172.00787204965948,1207.3753203439815,1207.3753203439815,1207.3753203439815,0.0,0.0,0.0,3225.4294256098265
2017-09-20,2191.0554212076195,-444.5027463600875,5314.071778063957,2191.0554212076195,2191.0554212076195,130.8795991174163,130.8795991174163,130.8795991174163,-1040.3925504895676,-1040.3925504895676,-1040.3925504895676,1171.272149606984,1171.272149606984,1171.272149606984,0.0,0.0,0.0,2321.9350203250356
2017-09-21,2192.048865099734,716.6507574861399,5982.911428282667,2192.048865099734,2192.048865099734,1282.9875198983164,1282.9875198983164,1282.9875198983164,156.07468268972707,156.07468268972707,156.07468268972707,1126.9128372085893,1126.9128372085893,1126.9128372085893,0.0,0.0,0.0,3475.0363849980504
2017-09-22,2193.0423089918495,838.7912218803401,6530.533286310981,2193.0423089918495,2193.0423089918495,1494.4743177330934,1494.4743177330934,1494.4743177330934,419.7313386408464,419.7313386408464,419.7313386408464,1074.742979092247,1074.742979092247,1074.742979092247,0.0,0.0,0.0,3687.516626724943
2017-09-23,2194.0357528839636,497.08553537064495,5894.441066740588,2194.0357528839636,2194.0357528839636,1036.6759492652454,1036.6759492652454,1036.6759492652454,21.366499826587425,21.366499826587425,21.366499826587425,1015.3094494386582,1015.3094494386582,1015.3094494386582,0.0,0.0,0.0,3230.711702149209
2017-09-24,2195.0291967760786,655.0369744192793,6168.85586790694,2195.0291967760786,2195.0291967760786,1152.866844585071,1152.866844585071,1152.866844585071,203.6129602752454,203.6129602752454,203.6129602752454,949.2538843098255,949.2538843098255,949.2538843098255,0.0,0.0,0.0,3347.8960413611494
2017-09-25,2196.0226406681936,675.3548951820906,6047.643616400372,2196.0226406681936,2196.0226406681936,1288.9198490843341,1288.9198490843341,1288.9198490843341,411.6149411052804,411.6149411052804,411.6149411052804,877.3049079790537,877.3049079790537,877.3049079790537,0.0,0.0,0.0,3484.9424897525278
2017-09-26,2197.016084560308,125.46708377690422,5440.702686558052,2197.016084560308,2197.016084560308,628.2613609687263,628.2613609687263,628.2613609687263,-172.00787205082227,-172.00787205082227,-172.00787205082227,800.2692330195486,800.2692330195486,800.2692330195486,0.0,0.0,0.0,2825.2774455290346
2017-09-28,2199.0029723445377,175.19826767488325,5830.819264964531,2199.0029723445377,2199.0029723445377,790.5696138866085,790.5696138866085,790.5696138866085,156.07468268981467,156.07468268981467,156.07468268981467,634.4949311967939,634.4949311967939,634.4949311967939,0.0,0.0,0.0,2989.5725862311465
2017-09-29,2199.9964162366527,500.4891262642995,5824.034057850926,2199.9964162366527,2199.9964162366527,967.3985098367002,967.3985098367002,967.3985098367002,419.73133864089624,419.73133864089624,419.73133864089624,547.6671711958041,547.6671711958041,547.6671711958041,0.0,0.0,0.0,3167.394926073353
2017-09-30,2200.9898601287678,-134.19916876735806,5242.32082320439,2200.9898601287678,2200.9898601287678,480.917600005218,480.917600005218,480.917600005218,21.366499824884624,21.366499824884624,21.366499824884624,459.5511001803334,459.5511001803334,459.5511001803334,0.0,0.0,0.0,2681.9074601339858
2017-10-01,2201.9833040208823,-197.97870795722224,5531.98862703086,2201.9833040208823,2201.9833040208823,574.7941012090596,574.7941012090596,574.7941012090596,203.6129602759427,203.6129602759427,203.6129602759427,371.1811409331169,371.1811409331169,371.1811409331169,0.0,0.0,0.0,2776.777405229942
2017-10-02,2202.976747912997,161.0199008075252,5790.983960415011,2202.976747912997,2202.976747912997,695.2159305913341,695.2159305913341,695.2159305913341,411.6149411062176,411.6149411062176,411.6149411062176,283.6009894851165,283.6009894851165,283.6009894851165,0.0,0.0,0.0,2898.192678504331
2017-10-03,2203.970191805112,-465.26410994939016,4821.710415535627,2203.970191805112,2203.970191805112,25.84311774980527,25.84311774980527,25.84311774980527,-172.00787204653912,-172.00787204653912,-172.00787204653912,197.85098979634438,197.85098979634438,197.85098979634438,0.0,0.0,0.0,2229.813309554917
2017-10-04,2204.963635697227,-1434.4639848285565,4057.982943730289,2204.963635697227,2204.963635697227,-925.4369809426785,-925.4369809426785,-925.4369809426785,-1040.3925504898582,-1040.3925504898582,-1040.3925504898582,114.95556954717992,114.95556954717992,114.95556954717992,0.0,0.0,0.0,1279.5266547545484
2017-10-05,2205.957079589342,-656.8089912746866,5045.214700663826,2205.957079589342,2205.957079589342,191.9855559709627,191.9855559709627,191.9855559709627,156.07468269106457,156.07468269106457,156.07468269106457,35.91087327989813,35.91087327989813,35.91087327989813,0.0,0.0,0.0,2397.9426355603046
2017-10-06,2206.9505234814565,39.69338254228579,5377.900552498026,2206.9505234814565,2206.9505234814565,381.40406175949676,381.40406175949676,381.40406175949676,419.7313386409461,419.7313386409461,419.7313386409461,-38.327276881449315,-38.327276881449315,-38.327276881449315,0.0,0.0,0.0,2588.3545852409534
2017-10-07,2207.943967373571,-556.5659424638048,4834.085433502957,2207.943967373571,2207.943967373571,-85.48846899213807,-85.48846899213807,-85.48846899213807,21.36649982628367,21.36649982628367,21.36649982628367,-106.85496881842174,-106.85496881842174,-106.85496881842174,0.0,0.0,0.0,2122.455498381433
2017-10-08,2208.937411265686,-383.34038587267526,4981.829164798624,2208.937411265686,2208.937411265686,34.7817420489078,34.7817420489078,34.7817420489078,203.61296027430524,203.61296027430524,203.61296027430524,-168.83121822539744,-168.83121822539744,-168.83121822539744,0.0,0.0,0.0,2243.7191533145938
2017-10-09,2209.9308551578006,-447.7171624858274,5150.467392787505,2209.9308551578006,2209.9308551578006,188.1266367783765,188.1266367783765,188.1266367783765,411.61494110501206,411.61494110501206,411.61494110501206,-223.48830432663556,-223.48830432663556,-223.48830432663556,0.0,0.0,0.0,2398.057491936177
2017-10-10,2210.924299049916,-667.3597426179199,4621.013818582588,2210.924299049916,2210.924299049916,-442.1491887540934,-442.1491887540934,-442.1491887540934,-172.00787204727686,-172.00787204727686,-172.00787204727686,-270.1413167068166,-270.1413167068166,-270.1413167068166,0.0,0.0,0.0,1768.7751102958227
2017-10-12,2212.911186834145,-824.042632321687,4873.723449383477,2212.911186834145,2212.911186834145,-181.08579898796216,-181.08579898796216,-181.08579898796216,156.0746826917333,156.0746826917333,156.0746826917333,-337.16048167969547,-337.16048167969547,-337.16048167969547,0.0,0.0,0.0,2031.825387846183
2017-10-13,2213.90463072626,-673.7638884023222,4917.663013224563,2213.90463072626,2213.90463072626,63.08759236263397,63.08759236263397,63.08759236263397,419.73133864050016,419.73133864050016,419.73133864050016,-356.64374627786617,-356.64374627786617,-356.64374627786617,0.0,0.0,0.0,2276.992223088894
2017-10-14,2214.8980746183747,-647.1186003404644,4499.321502137744,2214.8980746183747,2214.8980746183747,-345.00267877352684,-345.00267877352684,-345.00267877352684,21.36649982573054,21.36649982573054,21.36649982573054,-366.3691785992574,-366.3691785992574,-366.3691785992574,0.0,0.0,0.0,1869.8953958448478
2017-10-15,2215.8915185104897,-741.9218339294732,4705.495778176256,2215.8915185104897,2215.8915185104897,-162.5617265789831,-162.5617265789831,-162.5617265789831,203.61296027389142,203.61296027389142,203.61296027389142,-366.1746868528745,-366.1746868528745,-366.1746868528745,0.0,0.0,0.0,2053.3297919315064
2017-10-16,2216.8849624026043,-448.3397557178517,4957.092104779201,2216.8849624026043,2216.8849624026043,55.59856394131903,55.59856394131903,55.59856394131903,411.61494110551155,411.61494110551155,411.61494110551155,-356.01637716419253,-356.01637716419253,-356.01637716419253,0.0,0.0,0.0,2272.483526343923
2017-10-17,2217.878406294719,-1116.5243575306192,4203.371191772821,2217.878406294719,2217.878406294719,-507.97790372475134,-507.97790372475134,-507.97790372475134,-172.00787204801458,-172.00787204801458,-172.00787204801458,-335.97003167673677,-335.97003167673677,-335.97003167673677,0.0,0.0,0.0,1709.9005025699676
2017-10-19,2219.865294078949,-753.8554384772472,4838.54461013474,2219.865294078949,2219.865294078949,-111.03879049059597,-111.03879049059597,-111.03879049059597,156.07468269077737,156.07468269077737,156.07468269077737,-267.11347318137337,-267.11347318137337,-267.11347318137337,0.0,0.0,0.0,2108.826503588353
2017-10-20,2220.8587379710634,-358.29538271581686,5199.855267897148,2220.8587379710634,2220.8587379710634,200.68527715712256,200.68527715712256,200.68527715712256,419.7313386419753,419.7313386419753,419.7313386419753,-219.04606148485274,-219.04606148485274,-219.04606148485274,0.0,0.0,0.0,2421.544015128186
2017-10-21,2221.8521818631784,-536.8218505647268,4755.175760871921,2221.8521818631784,2221.8521818631784,-141.2022339401201,-141.2022339401201,-141.2022339401201,21.36649982517741,21.36649982517741,21.36649982517741,-162.5687337652975,-162.5687337652975,-162.5687337652975,0.0,0.0,0.0,2080.6499479230583
2017-10-22,2222.845625755293,-275.56173146947,5163.987063590534,2222.845625755293,2222.845625755293,105.2869186442439,105.2869186442439,105.2869186442439,203.6129602756998,203.6129602756998,203.6129602756998,-98.3260416314559,-98.3260416314559,-98.3260416314559,0.0,0.0,0.0,2328.132544399537
2017-10-23,2223.839069647408,-6.398772129428215,5382.378941397651,2223.839069647408,2223.839069647408,384.55524848335705,384.55524848335705,384.55524848335705,411.6149411051587,411.6149411051587,411.6149411051587,-27.059692621801613,-27.059692621801613,-27.059692621801613,0.0,0.0,0.0,2608.394318130765
2017-10-24,2224.832513539523,-594.066344828548,4901.41720233534,2224.832513539523,2224.832513539523,-121.60736964235863,-121.60736964235863,-121.60736964235863,-172.00787204687936,-172.00787204687936,-172.00787204687936,50.40050240452073,50.40050240452073,50.40050240452073,0.0,0.0,0.0,2103.2251438971643
2017-10-26,2226.8194013237526,-294.738835416107,5216.305923467394,2226.8194013237526,2226.8194013237526,376.28149614537006,376.28149614537006,376.28149614537006,156.07468269202727,156.07468269202727,156.07468269202727,220.20681345334273,220.20681345334273,220.20681345334273,0.0,0.0,0.0,2603.1008974691226
2017-10-27,2227.812845215867,211.19089670239433,5762.527447306635,2227.812845215867,2227.812845215867,730.28487365528,730.28487365528,730.28487365528,419.7313386410647,419.7313386410647,419.7313386410647,310.55353501421524,310.55353501421524,310.55353501421524,0.0,0.0,0.0,2958.097718871147
2017-10-28,2228.806289107982,-274.3508755523624,5209.806509153977,2228.806289107982,2228.806289107982,424.4888970930915,424.4888970930915,424.4888970930915,21.36649982462432,21.36649982462432,21.36649982462432,403.1223972684672,403.1223972684672,403.1223972684672,0.0,0.0,0.0,2653.2951862010736
2017-10-29,2229.7997330000967,177.8461661285588,5806.489625455414,2229.7997330000967,2229.7997330000967,700.4377139036385,700.4377139036385,700.4377139036385,203.61296027406235,203.61296027406235,203.61296027406235,496.8247536295762,496.8247536295762,496.8247536295762,0.0,0.0,0.0,2930.237446903735
2017-10-30,2230.7931768922112,486.23368046995284,5974.073539633172,2230.7931768922112,2230.7931768922112,1002.1787916087741,1002.1787916087741,1002.1787916087741,411.6149411056808,411.6149411056808,411.6149411056808,590.5638505030932,590.5638505030932,590.5638505030932,0.0,0.0,0.0,3232.9719685009854
2017-10-31,2231.7866207843263,191.44845034683624,5467.83448617237,2231.7866207843263,2231.7866207843263,511.24310689004585,511.24310689004585,511.24310689004585,-172.00787204761716,-172.00787204761716,-172.00787204761716,683.250978937663,683.250978937663,683.250978937663,0.0,0.0,0.0,2743.029727674372
2017-11-01,2232.7800646764413,-674.7842497862421,4521.790679686716,2232.7800646764413,2232.7800646764413,-266.5706913061492,-266.5706913061492,-266.5706913061492,-1040.39255048952,-1040.39255048952,-1040.39255048952,773.821859183371,773.821859183371,773.821859183371,0.0,0.0,0.0,1966.209373370292
2017-11-02,2233.7735085685563,246.37967055636565,6092.609190794371,2233.7735085685563,2233.7735085685563,1017.3276760139477,1017.3276760139477,1017.3276760139477,156.07468269211486,156.07468269211486,156.07468269211486,861.2529933218326,861.2529933218326,861.2529933218326,0.0,0.0,0.0,3251.101184582504
2017-11-03,2234.766952460671,810.8417745796747,6520.434894624647,2234.766952460671,2234.766952460671,1364.3090440288058,1364.3090440288058,1364.3090440288058,419.7313386425398,419.7313386425398,419.7313386425398,944.577705386266,944.577705386266,944.577705386266,0.0,0.0,0.0,3599.075996489477
2017-11-04,2235.7603963527854,526.1559001022217,5931.662635267598,2235.7603963527854,2235.7603963527854,1044.2680772522483,1044.2680772522483,1044.2680772522483,21.36649982602333,21.36649982602333,21.36649982602333,1022.9015774262248,1022.9015774262248,1022.9015774262248,0.0,0.0,0.0,3280.0284736050335
2017-11-05,2236.7538402449004,798.4007174425725,6072.160415760004,2236.7538402449004,2236.7538402449004,1299.029944758184,1299.029944758184,1299.029944758184,203.61296027475964,203.61296027475964,203.61296027475964,1095.4169844834244,1095.4169844834244,1095.4169844834244,0.0,0.0,0.0,3535.7837850030846
2017-11-06,2237.7472841370154,1189.3555268475811,6535.694343093387,2237.7472841370154,2237.7472841370154,1573.031373179837,1573.031373179837,1573.031373179837,411.6149411053278,411.6149411053278,411.6149411053278,1161.4164320745092,1161.4164320745092,1161.4164320745092,0.0,0.0,0.0,3810.7786573168523
2017-11-07,2238.74072802913,792.3593719058798,5869.203305237983,2238.74072802913,2238.74072802913,1048.2965349608626,1048.2965349608626,1048.2965349608626,-172.00787204877997,-172.00787204877997,-172.00787204877997,1220.3044070096425,1220.3044070096425,1220.3044070096425,0.0,0.0,0.0,3287.0372629899925
2017-11-08,2239.734171921245,-326.08589156180636,5300.677338832066,2239.734171921245,2239.734171921245,231.21491607404866,231.21491607404866,231.21491607404866,-1040.392550489292,-1040.392550489292,-1040.392550489292,1271.6074665633407,1271.6074665633407,1271.6074665633407,0.0,0.0,0.0,2470.9490879952937
2017-11-09,2240.7276158133595,856.5254839892693,6350.785697286068,2240.7276158133595,2240.7276158133595,1471.0569950290007,1471.0569950290007,1471.0569950290007,156.07468269115896,156.07468269115896,156.07468269115896,1314.982312337842,1314.982312337842,1314.982312337842,0.0,0.0,0.0,3711.78461084236
2017-11-10,2241.7210597054745,1370.6466554691176,6843.06563479297,2241.7210597054745,2241.7210597054745,1769.9529622191585,1769.9529622191585,1769.9529622191585,419.73133864162924,419.73133864162924,419.73133864162924,1350.2216235775293,1350.2216235775293,1350.2216235775293,0.0,0.0,0.0,4011.674021924633
2017-11-11,2242.7145035975896,992.7311154904269,6320.378704760276,2242.7145035975896,2242.7145035975896,1398.6239598499997,1398.6239598499997,1398.6239598499997,21.366499825470225,21.366499825470225,21.366499825470225,1377.2574600245293,1377.2574600245293,1377.2574600245293,0.0,0.0,0.0,3641.338463447589
2017-11-12,2243.7079474897037,987.4312588444722,6543.284382139811,2243.7079474897037,2243.7079474897037,1599.7750464587014,1599.7750464587014,1599.7750464587014,203.61296027545694,203.61296027545694,203.61296027545694,1396.1620861832444,1396.1620861832444,1396.1620861832444,0.0,0.0,0.0,3843.4829939484052
2017-11-13,2244.701391381819,1508.6766570957936,6744.310129130301,2244.701391381819,2244.701391381819,1818.7610575948659,1818.7610575948659,1818.7610575948659,411.6149411049749,411.6149411049749,411.6149411049749,1407.146116489891,1407.146116489891,1407.146116489891,0.0,0.0,0.0,4063.4624489766848
2017-11-14,2245.6948352739337,708.1830610932966,6499.848313186755,2245.6948352739337,2245.6948352739337,1238.5460614387505,1238.5460614387505,1238.5460614387505,-172.00787204679466,-172.00787204679466,-172.00787204679466,1410.553933485545,1410.553933485545,1410.553933485545,0.0,0.0,0.0,3484.240896712684
2017-11-15,2246.6882791660482,-218.9395529406509,5264.24683502715,2246.6882791660482,2246.6882791660482,366.46383718975767,366.46383718975767,366.46383718975767,-1040.392550489724,-1040.392550489724,-1040.392550489724,1406.8563876794817,1406.8563876794817,1406.8563876794817,0.0,0.0,0.0,2613.152116355806
2017-11-16,2247.6817230581632,1095.1885830685183,6521.067842988051,2247.6817230581632,2247.6817230581632,1552.7155298190016,1552.7155298190016,1552.7155298190016,156.0746826890407,156.0746826890407,156.0746826890407,1396.6408471299608,1396.6408471299608,1396.6408471299608,0.0,0.0,0.0,3800.3972528771646
2017-11-17,2248.675166950278,1189.9503571658324,6785.269104172738,2248.675166950278,2248.675166950278,1800.3300641945468,1800.3300641945468,1800.3300641945468,419.73133864167914,419.73133864167914,419.73133864167914,1380.5987255528676,1380.5987255528676,1380.5987255528676,0.0,0.0,0.0,4049.0052311448244
2017-11-18,2249.668610842393,840.2775725487877,6426.084721036847,2249.668610842393,2249.668610842393,1380.8771783356303,1380.8771783356303,1380.8771783356303,21.366499826066782,21.366499826066782,21.366499826066782,1359.5106785095636,1359.5106785095636,1359.5106785095636,0.0,0.0,0.0,3630.5457891780234
2017-11-19,2250.662054734508,1062.0983819474666,6527.102547117632,2250.662054734508,2250.662054734508,1537.8426766892512,1537.8426766892512,1537.8426766892512,203.61296027615418,203.61296027615418,203.61296027615418,1334.229716413097,1334.229716413097,1334.229716413097,0.0,0.0,0.0,3788.504731423759
2017-11-20,2251.6554986266224,1231.2752431995584,6742.744902409862,2251.6554986266224,2251.6554986266224,1717.2774802395102,1717.2774802395102,1717.2774802395102,411.61494110505953,411.61494110505953,411.61494110505953,1305.6625391344505,1305.6625391344505,1305.6625391344505,0.0,0.0,0.0,3968.9329788661325
2017-11-21,2252.6489425187374,506.4689654612116,6135.872087675251,2252.6489425187374,2252.6489425187374,1102.7415762810697,1102.7415762810697,1102.7415762810697,-172.00787204795748,-172.00787204795748,-172.00787204795748,1274.7494483290272,1274.7494483290272,1274.7494483290272,0.0,0.0,0.0,3355.390518799807
2017-11-22,2253.642386410852,-510.8399633409987,4943.935990858139,2253.642386410852,2253.642386410852,202.050688224257,202.050688224257,202.050688224257,-1040.3925504894964,-1040.3925504894964,-1040.3925504894964,1242.4432387137533,1242.4432387137533,1242.4432387137533,0.0,0.0,0.0,2455.693074635109
2017-11-23,2254.6358303029665,755.050650066338,6193.282206594482,2254.6358303029665,2254.6358303029665,1365.762189661742,1365.762189661742,1365.762189661742,156.07468269029062,156.07468269029062,156.07468269029062,1209.6875069714515,1209.6875069714515,1209.6875069714515,0.0,0.0,0.0,3620.3980199647085
2017-11-24,2255.629274195082,1055.3455901425282,6640.957989775549,2255.629274195082,2255.629274195082,1597.1261841034502,1597.1261841034502,1597.1261841034502,419.73133864172917,419.73133864172917,419.73133864172917,1177.3948454617212,1177.3948454617212,1177.3948454617212,0.0,0.0,0.0,3852.755458298532
2017-11-25,2256.6227180871965,479.9149220710034,6078.627708717589,2256.6227180871965,2256.6227180871965,1167.7919061794146,1167.7919061794146,1167.7919061794146,21.366499825166454,21.366499825166454,21.366499825166454,1146.425406354248,1146.425406354248,1146.425406354248,0.0,0.0,0.0,3424.414624266611
2017-11-26,2257.616161979311,939.7926260637089,6009.29601795708,2257.616161979311,2257.616161979311,1321.1792895501442,1321.1792895501442,1321.1792895501442,203.61296027451672,203.61296027451672,203.61296027451672,1117.5663292756274,1117.5663292756274,1117.5663292756274,0.0,0.0,0.0,3578.795451529455
2017-11-27,2258.609605871426,1143.4912696884248,6673.831337648227,2258.609605871426,2258.609605871426,1503.12746254784,1503.12746254784,1503.12746254784,411.6149411055591,411.6149411055591,411.6149411055591,1091.5125214422808,1091.5125214422808,1091.5125214422808,0.0,0.0,0.0,3761.737068419266
2017-11-28,2259.6030497635406,560.2871019933931,5939.62057593972,2259.6030497635406,2259.6030497635406,896.8413911070642,896.8413911070642,896.8413911070642,-172.0078720486952,-172.0078720486952,-172.0078720486952,1068.8492631557592,1068.8492631557592,1068.8492631557592,0.0,0.0,0.0,3156.444440870605
2017-11-29,2260.596493655656,-404.28178916959314,5175.211088225979,2260.596493655656,2260.596493655656,9.644532931192003,9.644532931192003,9.644532931192003,-1040.392550489355,-1040.392550489355,-1040.392550489355,1050.037083420547,1050.037083420547,1050.037083420547,0.0,0.0,0.0,2270.241026586848
2017-11-30,2261.58993754777,803.3011151624364,6122.214828499184,2261.58993754777,2261.58993754777,1191.4739932262148,1191.4739932262148,1191.4739932262148,156.07468268875354,156.07468268875354,156.07468268875354,1035.3993105374611,1035.3993105374611,1035.3993105374611,0.0,0.0,0.0,3453.063930773985
2017-12-01,2262.583381439885,922.5714141496869,6332.036816860259,2262.583381439885,2262.583381439885,1444.8439900569024,1444.8439900569024,1444.8439900569024,419.73133864224366,419.73133864224366,419.73133864224366,1025.1126514146588,1025.1126514146588,1025.1126514146588,0.0,0.0,0.0,3707.4273714967876
2017-12-02,2263.576825332,622.4855852249818,6191.303966313366,2263.576825332,2263.576825332,1040.5675917176832,1040.5675917176832,1040.5675917176832,21.36649982576301,21.36649982576301,21.36649982576301,1019.20109189192,1019.20109189192,1019.20109189192,0.0,0.0,0.0,3304.1444170496834
2017-12-03,2264.570269224115,664.2205962281821,6062.558742049586,2264.570269224115,2264.570269224115,1221.146300066874,1221.146300066874,1221.146300066874,203.61296027510159,203.61296027510159,203.61296027510159,1017.5333397917725,1017.5333397917725,1017.5333397917725,0.0,0.0,0.0,3485.7165692909884
2017-12-04,2265.56371311623,905.3161374346199,6542.665710038221,2265.56371311623,2265.56371311623,1431.438895258529,1431.438895258529,1431.438895258529,411.6149411060586,411.6149411060586,411.6149411060586,1019.8239541524706,1019.8239541524706,1019.8239541524706,0.0,0.0,0.0,3697.002608374759
2017-12-05,2266.5571570083443,429.91194925478203,5776.25107420623,2266.5571570083443,2266.5571570083443,853.6303478366161,853.6303478366161,853.6303478366161,-172.0078720494329,-172.0078720494329,-172.0078720494329,1025.6382198860492,1025.6382198860492,1025.6382198860492,0.0,0.0,0.0,3120.1875048449606
2017-12-06,2267.5506009004594,-475.5102712061173,5120.881534590853,2267.5506009004594,2267.5506009004594,-5.991811612881724,-5.991811612881724,-5.991811612881724,-1040.3925504896138,-1040.3925504896138,-1040.3925504896138,1034.400738876732,1034.400738876732,1034.400738876732,0.0,0.0,0.0,2261.558789287578
2017-12-07,2268.5440447925744,688.2861213989911,6378.682223901374,2268.5440447925744,2268.5440447925744,1201.4823010713944,1201.4823010713944,1201.4823010713944,156.07468268942227,156.07468268942227,156.07468268942227,1045.4076183819723,1045.4076183819723,1045.4076183819723,0.0,0.0,0.0,3470.026345863969
2017-12-08,2269.537488684689,1062.0067312560425,6517.010765271366,2269.537488684689,2269.537488684689,1477.5733863943883,1477.5733863943883,1477.5733863943883,419.73133864133297,419.73133864133297,419.73133864133297,1057.8420477530553,1057.8420477530553,1057.8420477530553,0.0,0.0,0.0,3747.1108750790772
2017-12-09,2270.5309325768035,524.2725774434645,5977.425857331406,2270.5309325768035,2270.5309325768035,1092.1594670503814,1092.1594670503814,1092.1594670503814,21.366499825209846,21.366499825209846,21.366499825209846,1070.7929672251717,1070.7929672251717,1070.7929672251717,0.0,0.0,0.0,3362.690399627185
2017-12-10,2271.5243764689185,756.0653667126895,6239.818713124609,2271.5243764689185,2271.5243764689185,1286.8894104068465,1286.8894104068465,1286.8894104068465,203.61296027468777,203.61296027468777,203.61296027468777,1083.2764501321587,1083.2764501321587,1083.2764501321587,0.0,0.0,0.0,3558.4137868757653
2017-12-11,2272.517820361033,1337.5333022013717,6602.264618549106,2272.517820361033,2272.517820361033,1505.8742856961192,1505.8742856961192,1505.8742856961192,411.61494110614325,411.61494110614325,411.61494110614325,1094.2593445899759,1094.2593445899759,1094.2593445899759,0.0,0.0,0.0,3778.392106057152
2017-12-13,2274.504708145263,-484.09059758083083,4943.949164269819,2274.504708145263,2274.504708145263,67.10553500628453,67.10553500628453,67.10553500628453,-1040.392550489959,-1040.392550489959,-1040.392550489959,1107.4980854962434,1107.4980854962434,1107.4980854962434,0.0,0.0,0.0,2341.6102431515474
2017-12-14,2275.498152037377,853.5252377291489,6312.32529398582,2275.498152037377,2275.498152037377,1263.7498193667286,1263.7498193667286,1263.7498193667286,156.074682690091,156.074682690091,156.074682690091,1107.6751366766375,1107.6751366766375,1107.6751366766375,0.0,0.0,0.0,3539.2479714041056
2017-12-15,2276.4915959294926,1048.2272064234485,6504.7436198299365,2276.4915959294926,2276.4915959294926,1521.97943493799,1521.97943493799,1521.97943493799,419.7313386404224,419.7313386404224,419.7313386404224,1102.2480962975676,1102.2480962975676,1102.2480962975676,0.0,0.0,0.0,3798.4710308674826
2017-12-16,2277.485039821607,647.6751835268992,6209.451161470362,2277.485039821607,2277.485039821607,1111.6987802449441,1111.6987802449441,1111.6987802449441,21.36649982465672,21.36649982465672,21.36649982465672,1090.3322804202876,1090.3322804202876,1090.3322804202876,0.0,0.0,0.0,3389.1838200665516
2017-12-17,2278.4784837137227,686.0236237654806,6315.961386100908,2278.4784837137227,2278.4784837137227,1274.763822432916,1274.763822432916,1274.763822432916,203.61296027527257,203.61296027527257,203.61296027527257,1071.1508621576434,1071.1508621576434,1071.1508621576434,0.0,0.0,0.0,3553.242306146639
2017-12-18,2279.4719276058368,992.1712727703389,6392.562305452851,2279.4719276058368,2279.4719276058368,1455.6725973758944,1455.6725973758944,1455.6725973758944,411.61494110579025,411.61494110579025,411.61494110579025,1044.0576562701042,1044.0576562701042,1044.0576562701042,0.0,0.0,0.0,3735.144524981731
2017-12-19,2280.4653714979513,435.86058397482907,5734.31324409291,2280.4653714979513,2280.4653714979513,836.5493885193065,836.5493885193065,836.5493885193065,-172.00787204903548,-172.00787204903548,-172.00787204903548,1008.557260568342,1008.557260568342,1008.557260568342,0.0,0.0,0.0,3117.0147600172577
2017-12-20,2281.458815390067,-403.8476133230209,4771.042353982406,2281.458815390067,2281.458815390067,-76.07054334730658,-76.07054334730658,-76.07054334730658,-1040.392550489731,-1040.392550489731,-1040.392550489731,964.3220071424246,964.3220071424246,964.3220071424246,0.0,0.0,0.0,2205.38827204276
2017-12-21,2282.4522592821813,1043.0072484304055,6259.310135801329,2282.4522592821813,2282.4522592821813,1067.2799255529935,1067.2799255529935,1067.2799255529935,156.0746826913409,156.0746826913409,156.0746826913409,911.2052428616524,911.2052428616524,911.2052428616524,0.0,0.0,0.0,3349.732184835175
2017-12-22,2283.4457031742963,780.1648658248711,6185.082188045124,2283.4457031742963,2283.4457031742963,1268.9818770703691,1268.9818770703691,1268.9818770703691,419.731338640937,419.731338640937,419.731338640937,849.2505384294321,849.2505384294321,849.2505384294321,0.0,0.0,0.0,3552.4275802446655
2017-12-23,2284.439147066411,180.90500406353647,5574.817776470508,2284.439147066411,2284.439147066411,800.0630166303564,800.0630166303564,800.0630166303564,21.3664998249061,21.3664998249061,21.3664998249061,778.6965168054503,778.6965168054503,778.6965168054503,0.0,0.0,0.0,3084.502163696767
2017-12-24,2285.4325909585255,419.0153268769896,5866.457389295484,2285.4325909585255,2285.4325909585255,903.5900532655313,903.5900532655313,903.5900532655313,203.61296027485872,203.61296027485872,203.61296027485872,699.9770929906725,699.9770929906725,699.9770929906725,0.0,0.0,0.0,3189.022644224057
2017-12-25,2286.4260348506405,370.76494323138445,6083.057912579998,2286.4260348506405,2286.4260348506405,1025.3319667185294,1025.3319667185294,1025.3319667185294,411.61494110543725,411.61494110543725,411.61494110543725,613.7170256130922,613.7170256130922,613.7170256130922,0.0,0.0,0.0,3311.75800156917
2017-12-26,2287.4194787427555,-58.315236785936285,5391.002018489195,2287.4194787427555,2287.4194787427555,348.7149218577595,348.7149218577595,348.7149218577595,-172.00787205019827,-172.00787205019827,-172.00787205019827,520.7227939079578,520.7227939079578,520.7227939079578,0.0,0.0,0.0,2636.134400600515
2017-12-27,2288.41292263487,-1064.4561153259103,4386.345965130541,2288.41292263487,2288.41292263487,-618.423621745045,-618.423621745045,-618.423621745045,-1040.392550490163,-1040.392550490163,-1040.392550490163,421.96892874511815,421.96892874511815,421.96892874511815,0.0,0.0,0.0,1669.989300889825
2017-12-28,2289.406366526985,12.442550220327927,5521.130700225234,2289.406366526985,2289.406366526985,474.65472317884115,474.65472317884115,474.65472317884115,156.0746826892227,156.0746826892227,156.0746826892227,318.58004048961845,318.58004048961845,318.58004048961845,0.0,0.0,0.0,2764.0610897058264
2017-12-29,2290.3998104190996,-7.067330061075661,5635.376415353713,2290.3998104190996,2290.3998104190996,631.5402353967612,631.5402353967612,631.5402353967612,419.73133864098696,419.73133864098696,419.73133864098696,211.80889675577416,211.80889675577416,211.80889675577416,0.0,0.0,0.0,2921.9400458158607
2017-12-30,2291.3932543112146,-385.6987251433597,5156.323272657116,2291.3932543112146,2291.3932543112146,124.3775064909615,124.3775064909615,124.3775064909615,21.366499825155397,21.366499825155397,21.366499825155397,103.01100666580608,103.01100666580608,103.01100666580608,0.0,0.0,0.0,2415.770760802176
2017-12-31,2292.3866982033296,-88.46012338397377,5185.626001434942,2292.3866982033296,2292.3866982033296,197.22922262478855,197.22922262478855,197.22922262478855,203.61296027555596,203.61296027555596,203.61296027555596,-6.38373765076742,-6.38373765076742,-6.38373765076742,0.0,0.0,0.0,2489.6159208281183
2018-01-01,2293.3801420954437,-204.02482842630099,5513.7872070829835,2293.3801420954437,2293.3801420954437,296.713211619698,296.713211619698,296.713211619698,411.6149411059367,411.6149411059367,411.6149411059367,-114.90172948623874,-114.90172948623874,-114.90172948623874,0.0,0.0,0.0,2590.093353715142
2018-01-02,2294.373585987559,-965.3004015911725,4626.594224574585,2294.373585987559,2294.373585987559,-393.0657973262348,-393.0657973262348,-393.0657973262348,-172.00787204863803,-172.00787204863803,-172.00787204863803,-221.0579252775968,-221.0579252775968,-221.0579252775968,0.0,0.0,0.0,1901.3077886613244
2018-01-03,2295.3670298796737,-1728.3463688103286,3757.3666469869295,2295.3670298796737,2295.3670298796737,-1363.781529914102,-1363.781529914102,-1363.781529914102,-1040.3925504899353,-1040.3925504899353,-1040.3925504899353,-323.38897942416673,-323.38897942416673,-323.38897942416673,0.0,0.0,0.0,931.5854999655717
2018-01-04,2296.3604737717887,-759.2566299909071,4786.609942076028,2296.3604737717887,2296.3604737717887,-264.4117676050539,-264.4117676050539,-264.4117676050539,156.0746826904726,156.0746826904726,156.0746826904726,-420.48645029552654,-420.48645029552654,-420.48645029552654,0.0,0.0,0.0,2031.9487061667348
2018-01-05,2297.3539176639033,-535.4600614965217,4994.9789587206105,2297.3539176639033,2297.3539176639033,-91.2979381470707,-91.2979381470707,-91.2979381470707,419.7313386410368,419.7313386410368,419.7313386410368,-511.02927678810755,-511.02927678810755,-511.02927678810755,0.0,0.0,0.0,2206.0559795168324
2018-01-06,2298.347361556018,-1038.1116974882586,4552.555685769289,2298.347361556018,2298.347361556018,-572.4482299033037,-572.4482299033037,-572.4482299033037,21.36649982460227,21.36649982460227,21.36649982460227,-593.8147297279061,-593.8147297279061,-593.8147297279061,0.0,0.0,0.0,1725.899131652714
2018-01-07,2299.340805448133,-943.5159033143366,4403.86918740691,2299.340805448133,2299.340805448133,-464.1741069311089,-464.1741069311089,-464.1741069311089,203.61296027391853,203.61296027391853,203.61296027391853,-667.7870672050274,-667.7870672050274,-667.7870672050274,0.0,0.0,0.0,1835.166698517024
2018-01-08,2300.334249340248,-737.8085442142512,4675.5072247689295,2300.334249340248,2300.334249340248,-320.44822614758027,-320.44822614758027,-320.44822614758027,411.6149411051689,411.6149411051689,411.6149411051689,-732.0631672527492,-732.0631672527492,-732.0631672527492,0.0,0.0,0.0,1979.8860231926676
2018-01-09,2301.327693232363,-1371.8236546792393,4032.912399255268,2301.327693232363,2301.327693232363,-957.9623463836718,-957.9623463836718,-957.9623463836718,-172.00787204937583,-172.00787204937583,-172.00787204937583,-785.9544743342959,-785.9544743342959,-785.9544743342959,0.0,0.0,0.0,1343.365346848691
2018-01-10,2302.3211371244774,-2354.6947372888644,3423.1939770754684,2302.3211371244774,2302.3211371244774,-1869.37722703505,-1869.37722703505,-1869.37722703505,-1040.3925504897074,-1040.3925504897074,-1040.3925504897074,-828.9846765453426,-828.9846765453426,-828.9846765453426,0.0,0.0,0.0,432.9439100894274
2018-01-11,2303.314581016592,-1176.4479329219944,4285.466234275757,2303.314581016592,2303.314581016592,-704.8279438298338,-704.8279438298338,-704.8279438298338,156.07468269114133,156.07468269114133,156.07468269114133,-860.9026265209751,-860.9026265209751,-860.9026265209751,0.0,0.0,0.0,1598.4866371867583
2018-01-12,2304.3080249087066,-879.7008573931881,4522.856296722631,2304.3080249087066,2304.3118868736965,-461.9587899051914,-461.9587899051914,-461.9587899051914,419.7313386401261,419.7313386401261,419.7313386401261,-881.6901285453175,-881.6901285453175,-881.6901285453175,0.0,0.0,0.0,1842.349235003515
2018-01-13,2305.301468800822,-1377.3826075255918,4238.4008071595335,2305.301468800822,2305.3171929923997,-870.1978348974636,-870.1978348974636,-870.1978348974636,21.366499826001338,21.366499826001338,21.366499826001338,-891.564334723465,-891.564334723465,-891.564334723465,0.0,0.0,0.0,1435.1036339033585
2018-01-14,2306.2949126929366,-1165.8024390197986,4417.310860998329,2306.291632808362,2306.3168956492627,-687.3616611378116,-687.3616611378116,-687.3616611378116,203.6129602746158,203.6129602746158,203.6129602746158,-890.9746214124274,-890.9746214124274,-890.9746214124274,0.0,0.0,0.0,1618.933251555125
2018-01-15,2307.2883565850516,-821.844040375089,4654.664261627853,2307.272019727705,2307.316774150425,-468.9790091830218,-468.9790091830218,-468.9790091830218,411.61494110566844,411.61494110566844,411.61494110566844,-880.5939502886902,-880.5939502886902,-880.5939502886902,0.0,0.0,0.0,1838.3093474020297
2018-01-16,2308.281800477166,-1471.5383392852493,3903.535297116541,2308.2560743188756,2308.321757303748,-1033.3127252214001,-1033.3127252214001,-1033.3127252214001,-172.00787204739052,-172.00787204739052,-172.00787204739052,-861.3048531740094,-861.3048531740094,-861.3048531740094,0.0,0.0,0.0,1274.969075255766
2018-01-17,2309.2752443692807,-2285.4345790228895,3163.0423777076844,2309.2370037324035,2309.3299644452327,-1874.572863162283,-1874.572863162283,-1874.572863162283,-1040.3925504894796,-1040.3925504894796,-1040.3925504894796,-834.1803126728034,-834.1803126728034,-834.1803126728034,0.0,0.0,0.0,434.70238120699764
2018-01-18,2310.2686882613957,-912.5952203924778,4333.344972284036,2310.212400592357,2310.329464239811,-644.3852557545252,-644.3852557545252,-644.3852557545252,156.0746826901854,156.0746826901854,156.0746826901854,-800.4599384447107,-800.4599384447107,-800.4599384447107,0.0,0.0,0.0,1665.8834325068706
2018-01-19,2311.2621321535103,-843.3736821804691,4561.458873574329,2311.190259247716,2311.3342579312016,-341.7906196212798,-341.7906196212798,-341.7906196212798,419.7313386416012,419.7313386416012,419.7313386416012,-761.521958262881,-761.521958262881,-761.521958262881,0.0,0.0,0.0,1969.4715125322305
2018-01-20,2312.2555760456257,-999.6102018248312,4550.166692795476,2312.157532615441,2312.360113311428,-697.4851509993642,-697.4851509993642,-697.4851509993642,21.366499824298476,21.366499824298476,21.366499824298476,-718.8516508236628,-718.8516508236628,-718.8516508236628,0.0,0.0,0.0,1614.7704250462616
2018-01-21,2313.2490199377403,-817.1815155936918,4507.409591718972,2313.114391631375,2313.370331676057,-470.39398044983255,-470.39398044983255,-470.39398044983255,203.61296027531313,203.61296027531313,203.61296027531313,-674.0069407251458,-674.0069407251458,-674.0069407251458,0.0,0.0,0.0,1842.8550394879078
2018-01-22,2314.242463829855,-646.0199355869646,4626.266912783447,2314.0704767609755,2314.3884691094486,-216.9670115470361,-216.9670115470361,-216.9670115470361,411.6149411053155,411.6149411053155,411.6149411053155,-628.5819526523516,-628.5819526523516,-628.5819526523516,0.0,0.0,0.0,2097.2754522828186
2018-01-23,2315.23590772197,-1158.753574683793,4389.696747429795,2315.046140364043,2315.407673714189,-756.1772515360161,-756.1772515360161,-756.1772515360161,-172.00787204625536,-172.00787204625536,-172.00787204625536,-584.1693794897607,-584.1693794897607,-584.1693794897607,0.0,0.0,0.0,1559.0586561859536
2018-01-24,2316.2293516140844,-2007.4341630556837,3485.7633732613685,2316.0128064763603,2316.4382432319508,-1582.7151067007096,-1582.7151067007096,-1582.7151067007096,-1040.3925504899116,-1040.3925504899116,-1040.3925504899116,-542.322556210798,-542.322556210798,-542.322556210798,0.0,0.0,0.0,733.5142449133748
2018-01-25,2317.222795506199,-801.463176265327,4584.757373682834,2316.972064620361,2317.469776243481,-348.44346415919296,-348.44346415919296,-348.44346415919296,156.07468269085413,156.07468269085413,156.07468269085413,-504.5181468500472,-504.5181468500472,-504.5181468500472,0.0,0.0,0.0,1968.779331347006
2018-01-26,2318.2162393983144,-481.6052931935545,4950.8065521492235,2317.9343180280302,2318.500485023201,-52.389006417122815,-52.389006417122815,-52.389006417122815,419.7313386411554,419.7313386411554,419.7313386411554,-472.1203450582782,-472.1203450582782,-472.1203450582782,0.0,0.0,0.0,2265.8272329811916
2018-01-27,2319.209683290429,-992.2404823486672,4499.289122350218,2318.9133096534497,2319.5186685738895,-424.9809598519486,-424.9809598519486,-424.9809598519486,21.366499824895044,21.366499824895044,21.366499824895044,-446.3474596768437,-446.3474596768437,-446.3474596768437,0.0,0.0,0.0,1894.2287234384803
2018-01-28,2320.2031271825435,-690.5344572737638,4797.616854385519,2319.865042678956,2320.5464294017384,-224.62874569154496,-224.62874569154496,-224.62874569154496,203.6129602760104,203.6129602760104,203.6129602760104,-428.2417059675554,-428.2417059675554,-428.2417059675554,0.0,0.0,0.0,2095.5743814909983
2018-01-29,2321.1965710746586,-198.31173743192588,5239.899139196206,2320.8339883887434,2321.563779401195,-7.028010616875091,-7.028010616875091,-7.028010616875091,411.61494110625256,411.61494110625256,411.61494110625256,-418.6429517231276,-418.6429517231276,-418.6429517231276,0.0,0.0,0.0,2314.1685604577833
2018-01-30,2322.190014966773,-1001.3528456150167,4476.091345368081,2321.782833567131,2322.5899112239367,-590.1749491355633,-590.1749491355633,-590.1749491355633,-172.00787204699307,-172.00787204699307,-172.00787204699307,-418.16707708857035,-418.16707708857035,-418.16707708857035,0.0,0.0,0.0,1732.0150658312098
2018-01-31,2323.1834588588886,-1644.6324121274563,3751.215304060224,2322.76439338097,2323.6193179428114,-1467.5820501554178,-1467.5820501554178,-1467.5820501554178,-1040.392550489597,-1040.392550489597,-1040.392550489597,-427.1894996658209,-427.1894996658209,-427.1894996658209,0.0,0.0,0.0,855.6014087034707
2018-02-01,2324.176902751003,-728.8540960219557,4818.573598779469,2323.7451309064045,2324.6476289245475,-289.7596122462304,-289.7596122462304,-289.7596122462304,156.07468269152287,156.07468269152287,156.07468269152287,-445.83429493775327,-445.83429493775327,-445.83429493775327,0.0,0.0,0.0,2034.4172905047726
2018-02-02,2325.1703466431177,-486.8365722597003,5096.305773943737,2324.7005105733556,2325.6756333579256,-54.23787052710439,-54.23787052710439,-54.23787052710439,419.7313386421658,419.7313386421658,419.7313386421658,-473.9692091692702,-473.9692091692702,-473.9692091692702,0.0,0.0,0.0,2270.9324761160133
2018-02-03,2326.1637905352327,-889.2569861324529,4494.553408615673,2325.6182513871704,2326.7027318728556,-489.8402211576556,-489.8402211576556,-489.8402211576556,21.366499826294113,21.366499826294113,21.366499826294113,-511.2067209839497,-511.2067209839497,-511.2067209839497,0.0,0.0,0.0,1836.323569377577
2018-02-04,2327.1572344273472,-616.0627928060336,4688.040867701901,2326.6070638471,2327.7195388279765,-353.2982019698425,-353.2982019698425,-353.2982019698425,203.6129602743729,203.6129602743729,203.6129602743729,-556.9111622442155,-556.9111622442155,-556.9111622442155,0.0,0.0,0.0,1973.8590324575048
2018-02-05,2328.1506783194623,-538.7791785577078,4859.69055468089,2327.5699750203307,2328.752846703745,-198.59682119600365,-198.59682119600365,-198.59682119600365,411.6149411058996,411.6149411058996,411.6149411058996,-610.2117623019033,-610.2117623019033,-610.2117623019033,0.0,0.0,0.0,2129.553857123459
2018-02-06,2329.144122211577,-1167.985312531914,4073.327829425088,2328.5404816059727,2329.7879565148573,-842.0292078245635,-842.0292078245635,-842.0292078245635,-172.0078720481559,-172.0078720481559,-172.0078720481559,-670.0213357764077,-670.0213357764077,-670.0213357764077,0.0,0.0,0.0,1487.1149143870134
2018-02-07,2330.137566103692,-2102.3501870924033,3215.469279054593,2329.5112891307836,2330.820318802549,-1775.4527468676097,-1775.4527468676097,-1775.4527468676097,-1040.3925504894557,-1040.3925504894557,-1040.3925504894557,-735.060196378154,-735.060196378154,-735.060196378154,0.0,0.0,0.0,554.6848192360821
2018-02-08,2331.131009995807,-1110.1400807457471,4528.830555006039,2330.485472194218,2331.8469675187384,-647.8100686739871,-647.8100686739871,-647.8100686739871,156.0746826921916,156.0746826921916,156.0746826921916,-803.8847513661788,-803.8847513661788,-803.8847513661788,0.0,0.0,0.0,1683.3209413218196
2018-02-09,2332.1244538879214,-810.6768694805372,4618.103546025381,2331.4255586450568,2332.9015089157315,-455.18877761761905,-455.18877761761905,-455.18877761761905,419.73133864171973,419.73133864171973,419.73133864171973,-874.9201162593388,-874.9201162593388,-874.9201162593388,0.0,0.0,0.0,1876.9356762703023
2018-02-10,2333.1178977800364,-1394.7943556132182,4171.633048063285,2332.3730854721343,2333.9475598509266,-925.1294904740777,-925.1294904740777,-925.1294904740777,21.366499825740984,21.366499825740984,21.366499825740984,-946.4959902998187,-946.4959902998187,-946.4959902998187,0.0,0.0,0.0,1407.9884073059588
2018-02-11,2334.111341672151,-1369.2036011757734,4187.737919870486,2333.312159981273,2335.001581712312,-813.2719921433433,-813.2719921433433,-813.2719921433433,203.61296027618138,203.61296027618138,203.61296027618138,-1016.8849524195247,-1016.8849524195247,-1016.8849524195247,0.0,0.0,0.0,1520.8393495288078
2018-02-12,2335.104785564266,-1165.1000157634653,4528.799295688685,2334.259446693861,2336.0329667799665,-672.7273360519754,-672.7273360519754,-672.7273360519754,411.6149411051317,411.6149411051317,411.6149411051317,-1084.342277157107,-1084.342277157107,-1084.342277157107,0.0,0.0,0.0,1662.3774495122907
2018-02-13,2336.098229456381,-1675.7318102761726,3798.866349637875,2335.22159430639,2337.0669108341244,-1319.1542036790117,-1319.1542036790117,-1319.1542036790117,-172.00787204846856,-172.00787204846856,-172.00787204846856,-1147.1463316305433,-1147.1463316305433,-1147.1463316305433,0.0,0.0,0.0,1016.9440257773692
2018-02-14,2337.0916733484955,-2635.4499653133603,2698.8431146817593,2336.164095683,2338.108693779164,-2244.0311497993757,-2244.0311497993757,-2244.0311497993757,-1040.3925504898878,-1040.3925504898878,-1040.3925504898878,-1203.638599309488,-1203.638599309488,-1203.638599309488,0.0,0.0,0.0,93.06052354911981
2018-02-15,2338.08511724061,-1516.9008145042712,3677.393898736629,2337.089542372251,2339.1561277770543,-1096.1877016576523,-1096.1877016576523,-1096.1877016576523,156.0746826912357,156.0746826912357,156.0746826912357,-1252.262384348888,-1252.262384348888,-1252.262384348888,0.0,0.0,0.0,1241.8974155829578
2018-02-16,2339.078561132725,-1442.8770167233395,4234.142544610416,2338.01776228381,2340.1748812360247,-871.867942822622,-871.867942822622,-871.867942822622,419.7313386417696,419.7313386417696,419.7313386417696,-1291.5992814643917,-1291.5992814643917,-1291.5992814643917,0.0,0.0,0.0,1467.2106183101032
2018-02-17,2340.0720050248397,-1689.6337201705294,3924.5720952906436,2338.9737936633014,2341.2215522937995,-1299.0360501564537,-1299.0360501564537,-1299.0360501564537,21.36649982633757,21.36649982633757,21.36649982633757,-1320.4025499827912,-1320.4025499827912,-1320.4025499827912,0.0,0.0,0.0,1041.035954868386
2018-02-18,2341.065448916955,-1553.5124880328885,3891.9477228848095,2339.891973126222,2342.2266822417673,-1134.0136451742576,-1134.0136451742576,-1134.0136451742576,203.61296027576753,203.61296027576753,203.61296027576753,-1337.626605450025,-1337.626605450025,-1337.626605450025,0.0,0.0,0.0,1207.0518037426975
2018-02-19,2342.0588928090697,-1347.9696176679684,4094.5651814525368,2340.8445915730586,2343.2568422784293,-930.8369950563454,-930.8369950563454,-930.8369950563454,411.61494110521636,411.61494110521636,411.61494110521636,-1342.451936161562,-1342.451936161562,-1342.451936161562,0.0,0.0,0.0,1411.2218977527243
2018-02-20,2343.052336701184,-1897.8016231936192,3474.1033325422245,2341.796313267826,2344.3136093813114,-1506.3127348680252,-1506.3127348680252,-1506.3127348680252,-172.0078720473334,-172.0078720473334,-172.0078720473334,-1334.3048628206918,-1334.3048628206918,-1334.3048628206918,0.0,0.0,0.0,836.7396018331585
2018-02-21,2344.045780593299,-2759.4111972510013,2554.981992360965,2342.736206357344,2345.3411165522703,-2353.264234953213,-2353.264234953213,-2353.264234953213,-1040.3925504896597,-1040.3925504896597,-1040.3925504896597,-1312.8716844635535,-1312.8716844635535,-1312.8716844635535,0.0,0.0,0.0,-9.218454359914176
2018-02-22,2345.039224485414,-1288.1075922834727,3946.7648270958894,2343.703643075126,2346.360173443074,-1122.0322069728982,-1122.0322069728982,-1122.0322069728982,156.0746826913233,156.0746826913233,156.0746826913233,-1278.1068896642216,-1278.1068896642216,-1278.1068896642216,0.0,0.0,0.0,1223.0070175125156
2018-02-23,2346.0326683775293,-1288.9870028214402,4073.9650330471027,2344.6864567847088,2347.4104105071424,-810.5039168000163,-810.5039168000163,-810.5039168000163,419.73133864181966,419.73133864181966,419.73133864181966,-1230.235255441836,-1230.235255441836,-1230.235255441836,0.0,0.0,0.0,1535.528751577513
2018-02-24,2347.0261122696434,-1518.0552372118957,3899.558327536066,2345.6428998191186,2348.4415689167417,-1148.3813038118851,-1148.3813038118851,-1148.3813038118851,21.36649982463468,21.36649982463468,21.36649982463468,-1169.74780363652,-1169.74780363652,-1169.74780363652,0.0,0.0,0.0,1198.6448084577582
2018-02-25,2348.019556161758,-1363.129427224923,4016.722413868028,2346.5903217528803,2349.514683857164,-893.7787718349898,-893.7787718349898,-893.7787718349898,203.61296027413005,203.61296027413005,203.61296027413005,-1097.3917321091199,-1097.3917321091199,-1097.3917321091199,0.0,0.0,0.0,1454.240784326768
2018-02-26,2349.013000053873,-1178.1734115813856,4312.107157915109,2347.51690435411,2350.5836618021303,-602.5396411585245,-602.5396411585245,-602.5396411585245,411.6149411057159,411.6149411057159,411.6149411057159,-1014.1545822642404,-1014.1545822642404,-1014.1545822642404,0.0,0.0,0.0,1746.4733588953484
2018-02-27,2350.006443945988,-1384.0920517187435,3960.0008130609626,2348.443495952222,2351.6475450184594,-1093.25091355862,-1093.25091355862,-1093.25091355862,-172.00787204807116,-172.00787204807116,-172.00787204807116,-921.2430415105487,-921.2430415105487,-921.2430415105487,0.0,0.0,0.0,1256.755530387368
2018-02-28,2350.9998878381025,-2151.414028172171,3169.372287893928,2349.388003051742,2352.6887273841817,-1860.4494564386152,-1860.4494564386152,-1860.4494564386152,-1040.3925504895185,-1040.3925504895185,-1040.3925504895185,-820.0569059490966,-820.0569059490966,-820.0569059490966,0.0,0.0,0.0,490.55043139948725
2018-03-01,2351.9933317302175,-1086.1666498065524,4555.517937211496,2350.326274743934,2353.695888476944,-556.0841590068659,-556.0841590068659,-556.0841590068659,156.07468269036738,156.07468269036738,156.07468269036738,-712.1588416972331,-712.1588416972331,-712.1588416972331,0.0,0.0,0.0,1795.9091727233517
2018-03-02,2352.986775622332,-736.0712666559898,4935.244895750845,2351.2608421781615,2354.757030170624,-179.50934141104995,-179.50934141104995,-179.50934141104995,419.73133864233415,419.73133864233415,419.73133864233415,-599.2406800533842,-599.2406800533842,-599.2406800533842,0.0,0.0,0.0,2173.4774342112823
2018-03-03,2353.980219514447,-816.5865205255459,4648.7758900081035,2352.205940793476,2355.8325769772573,-461.7205600097428,-461.7205600097428,-461.7205600097428,21.366499826033724,21.366499826033724,21.366499826033724,-483.0870598357766,-483.0870598357766,-483.0870598357766,0.0,0.0,0.0,1892.2596595047044
2018-03-04,2354.973663406562,-488.1246487447227,4819.129303452329,2353.1618501584894,2356.8797904218977,-161.92432755648738,-161.92432755648738,-161.92432755648738,203.61296027482732,203.61296027482732,203.61296027482732,-365.5372878313147,-365.5372878313147,-365.5372878313147,0.0,0.0,0.0,2193.049335850075
2018-03-05,2355.9671072986766,-203.01727540323907,5198.7758897119265,2354.123728227973,2357.911751956886,163.16861704641636,163.16861704641636,163.16861704641636,411.61494110536285,411.61494110536285,411.61494110536285,-248.4463240589465,-248.4463240589465,-248.4463240589465,0.0,0.0,0.0,2519.135724345093
2018-03-06,2356.960551190791,-696.5605024034024,4795.49389954272,2355.083165916611,2358.9506045094295,-305.65368376173683,-305.65368376173683,-305.65368376173683,-172.00787204880888,-172.00787204880888,-172.00787204880888,-133.64581171292795,-133.64581171292795,-133.64581171292795,0.0,0.0,0.0,2051.3068674290544
2018-03-07,2357.953995082906,-1648.336882104794,3866.493544562767,2356.0092385218745,2359.993520098823,-1063.298612519275,-1063.298612519275,-1063.298612519275,-1040.392550489204,-1040.392550489204,-1040.392550489204,-22.906062030070938,-22.906062030070938,-22.906062030070938,0.0,0.0,0.0,1294.6553825636313
2018-03-08,2358.947438975021,57.12256956987711,5418.190537144195,2356.9989183313837,2361.0302519634415,238.17481036074702,238.17481036074702,238.17481036074702,156.07468268824914,156.07468268824914,156.07468268824914,82.1001276724979,82.1001276724979,82.1001276724979,0.0,0.0,0.0,2597.122249335768
2018-03-09,2359.940882867136,127.9602348293088,5729.468344550832,2357.972351672729,2362.0907097829,599.5623365869482,599.5623365869482,599.5623365869482,419.7313386414237,419.7313386414237,419.7313386414237,179.83099794552447,179.83099794552447,179.83099794552447,0.0,0.0,0.0,2959.5032194540845
2018-03-10,2360.9343267592503,-147.94302985981656,5251.757886411893,2358.921009807696,2363.1157122225104,290.27244140817214,290.27244140817214,290.27244140817214,21.3664998254806,21.3664998254806,21.3664998254806,268.9059415826916,268.9059415826916,268.9059415826916,0.0,0.0,0.0,2651.2067681674225
2018-03-11,2361.9277706513653,63.21839297370908,5615.734217379212,2359.8362507783145,2364.1890478958735,551.744508319383,551.744508319383,551.744508319383,203.612960274301,203.612960274301,203.612960274301,348.131548045082,348.131548045082,348.131548045082,0.0,0.0,0.0,2913.6722789707483
2018-03-12,2362.9212145434803,437.6471997049835,5807.149241419511,2360.7573826943994,2365.2102194958015,828.1379652472543,828.1379652472543,828.1379652472543,411.6149411058625,411.6149411058625,411.6149411058625,416.5230241413918,416.5230241413918,416.5230241413918,0.0,0.0,0.0,3191.0591797907346
2018-03-13,2363.9146584355954,-197.48026651716611,5197.419479709038,2361.683871255034,2366.2570599821997,301.3126843066709,301.3126843066709,301.3126843066709,-172.0078720472486,-172.0078720472486,-172.0078720472486,473.3205563539196,473.3205563539196,473.3205563539196,0.0,0.0,0.0,2665.227342742266
2018-03-14,2364.90810232771,-863.4260169433996,4535.983398192285,2362.610808271252,2367.3249532875952,-522.3922416432658,-522.3922416432658,-522.3922416432658,-1040.3925504896358,-1040.3925504896358,-1040.3925504896358,518.00030884637,518.00030884637,518.00030884637,0.0,0.0,0.0,1842.515860684444
2018-03-15,2365.9015462198245,421.90640964741084,5689.847892853636,2363.5622171046753,2368.378021960808,706.3545686213045,706.3545686213045,706.3545686213045,156.07468268949904,156.07468268949904,156.07468268949904,550.2798859318054,550.2798859318054,550.2798859318054,0.0,0.0,0.0,3072.2561148411287
2018-03-16,2366.8949901119395,525.3885504092021,6112.316203386575,2364.498326752596,2369.445564808941,989.8495638070157,989.8495638070157,989.8495638070157,419.7313386414735,419.7313386414735,419.7313386414735,570.1182251655422,570.1182251655422,570.1182251655422,0.0,0.0,0.0,3356.7445539189553
2018-03-17,2367.8884340040545,250.31931499746514,5756.972113758697,2365.4542967965,2370.508914609842,599.0765235417833,599.0765235417833,599.0765235417833,21.36649982492748,21.36649982492748,21.36649982492748,577.710023716856,577.710023716856,577.710023716856,0.0,0.0,0.0,2966.964957545838
2018-03-18,2368.881877896169,394.9434791832429,5932.075331317281,2366.410266840404,2371.587866218767,777.0878931074197,777.0878931074197,777.0878931074197,203.6129602748859,203.6129602748859,203.6129602748859,573.4749328325339,573.4749328325339,573.4749328325339,0.0,0.0,0.0,3145.969771003589
2018-03-19,2369.875321788284,480.18710419126165,6063.127845781761,2367.366236884308,2372.6989577925383,969.6568208027625,969.6568208027625,969.6568208027625,411.6149411050945,411.6149411050945,411.6149411050945,558.0418796976682,558.0418796976682,558.0418796976682,0.0,0.0,0.0,3339.5321425910465
2018-03-20,2370.8687656803986,85.2232483881654,5561.335924037171,2368.3222069282115,2373.7858391512955,360.2211177092237,360.2211177092237,360.2211177092237,-172.0078720484114,-172.0078720484114,-172.0078720484114,532.2289897576351,532.2289897576351,532.2289897576351,0.0,0.0,0.0,2731.089883389622
2018-03-21,2371.862209572513,-839.1820628618626,4564.2856171404155,2369.2281061395392,2374.845228664805,-543.3728676818862,-543.3728676818862,-543.3728676818862,-1040.392550489408,-1040.392550489408,-1040.392550489408,497.0196828075218,497.0196828075218,497.0196828075218,0.0,0.0,0.0,1828.489341890627
2018-03-22,2372.8556534646286,324.0310842403819,5877.5537535362855,2370.175689041766,2375.895754362914,609.6102831763764,609.6102831763764,609.6102831763764,156.07468269074892,156.07468269074892,156.07468269074892,453.53560048562736,453.53560048562736,453.53560048562736,0.0,0.0,0.0,2982.465936641005
2018-03-23,2373.849097356743,633.1318570392249,5915.837086786345,2371.0906220156116,2376.9446123705507,822.7384279181841,822.7384279181841,822.7384279181841,419.7313386405629,419.7313386405629,419.7313386405629,403.00708927762133,403.00708927762133,403.00708927762133,0.0,0.0,0.0,3196.5875252749274
2018-03-24,2374.842541248858,138.17703934522015,5586.490686364505,2372.004376671049,2377.99601044503,368.1085100923333,368.1085100923333,368.1085100923333,21.366499825176827,21.366499825176827,21.366499825176827,346.7420102671565,346.7420102671565,346.7420102671565,0.0,0.0,0.0,2742.9510513411915
2018-03-25,2375.8359851409728,182.2615794812852,5375.277287083456,2372.955080599511,2379.0676620536187,489.7066339792477,489.7066339792477,489.7066339792477,203.61296027447202,203.61296027447202,203.61296027447202,286.0936737047758,286.0936737047758,286.0936737047758,0.0,0.0,0.0,2865.5426191202205
2018-03-26,2376.8294290330873,157.74838207459993,5694.769732376892,2373.897302292713,2380.125785576677,634.0436437170684,634.0436437170684,634.0436437170684,411.6149411055939,411.6149411055939,411.6149411055939,222.42870261147456,222.42870261147456,222.42870261147456,0.0,0.0,0.0,3010.8730727501556
2018-03-27,2377.8228729252023,-384.7123938923667,4996.533604360547,2374.8405795023705,2381.197969378068,-14.912256850863557,-14.912256850863557,-14.912256850863557,-172.0078720491491,-172.0078720491491,-172.0078720491491,157.09561519828554,157.09561519828554,157.09561519828554,0.0,0.0,0.0,2362.9106160743386
2018-03-28,2378.816316817317,-1345.5861970276053,4110.552948521756,2375.773175010542,2382.2617015026453,-948.997668939913,-948.997668939913,-948.997668939913,-1040.3925504897534,-1040.3925504897534,-1040.3925504897534,91.39488154984046,91.39488154984046,91.39488154984046,0.0,0.0,0.0,1429.818647877404
2018-03-29,2379.8097607094314,-272.3921069293118,5268.8402311575965,2376.742329519901,2383.3005618524776,182.62583965497538,182.62583965497538,182.62583965497538,156.0746826886307,156.0746826886307,156.0746826886307,26.551156966344667,26.551156966344667,26.551156966344667,0.0,0.0,0.0,2562.435600364407
2018-03-30,2380.803204601547,15.447819328511883,5669.145314837281,2377.686125990651,2384.352404576427,383.419662877691,383.419662877691,383.419662877691,419.731338642038,419.731338642038,419.731338642038,-36.311675764347,-36.311675764347,-36.311675764347,0.0,0.0,0.0,2764.2228674792377
